id,createdAt,updatedAt,productId,kencoveApiAppId,dataHash
1003,2020-07-26 03:17:22.679,2024-02-05 20:28:44.438,pro_En4R9U7xT5tToZx4FQ6uh7,ken_app_prod,9db07bf7b9cd11db67df2e131c6dff9fada49d00dd61ee8aa355d67c669797fd
1006,2020-07-26 03:17:24.139,2024-06-29 21:02:46.225,pro_TzNdLNpuP1kz8zD7JmmUcs,ken_app_prod,cfebd04f2fea07d98e57bc9f45f4adb301ae02e4f2eb68f820ecdcc8c28ba627
1007,2020-07-26 03:17:24.516,2023-02-14 16:10:24.433,pro_HuekjF8UmVPighTVnhp6CT,ken_app_prod,b64b626c83b637ff56663161933ece0861656050dcceaad8119ea58d6963edcf
1008,2020-07-26 03:17:24.847,2024-03-11 15:44:05.364,pro_Sqw8ULxAoK969vwj47AMXd,ken_app_prod,caf5c6008634f3521a31bef91b9cf53db2e477548a16da72aeb697f7982a7cc5
1009,2020-07-26 03:17:25.334,2024-04-29 15:52:17.644,pro_GDWDohzRoNiKxkJ36h3CEk,ken_app_prod,709739b7a3df14ced70324b6ff8ad9dc1190843312b96e2c998d5668fc0d2d2a
101,2020-07-26 03:11:14.667,2023-12-18 19:08:53.637,pro_83mupX6UXSdw6yYsg7mRSu,ken_app_prod,
1016,2020-07-26 03:17:26.979,2024-01-16 20:07:12.515,pro_8aJtHnuYQmUdTnBM7V6G4A,ken_app_prod,8ed1fd49f1785706383088bdd4aed0bec45c19df5be488624c241cbff9896834
1017,2020-07-26 03:17:27.333,2023-11-24 10:55:52.105,pro_7UUqGSjM5K7p2DhRGTvLw3,ken_app_prod,ef60fed139e909a551ed87de86cd76797556a0a273b0ba1d21b2ce3f40cd4760
1018,2020-07-26 03:17:27.646,2024-03-19 11:57:12.805,pro_YPNW38Ufgraxn5A3FrG4GY,ken_app_prod,9a4eb63ef484d222d165dd3fee9c77f4930e94fd2fbd3bd1e07245359789cb8b
10184,2024-09-09 15:05:31.868,2024-09-27 18:35:56.710,pro_RRUfC3YqTGrZdivuFkxeS6,ken_app_prod,03bdde65fb5874c0c0d6451a125369e33b401598a00165232c8e27fd1025f1c6
102,2020-07-26 03:11:15.125,2023-12-29 15:53:12.504,pro_6U3VPFadQtJWTUFKGcA6Pk,ken_app_prod,3b235000a5c87743724c24a0e56643dcfed2dfd61a919eaa26963dbb358d7939
1023,2020-07-26 03:17:28.994,2023-12-04 20:18:11.442,pro_Ba2UWJ6UHc8RYD8H69xq94,ken_app_prod,0b5df5f7bd8e39a2b97e9d2771b643c61871ad5f2b07373c78352871166bef3c
1027,2020-07-26 03:17:29.946,2024-04-29 15:52:17.644,pro_ShPwTgQoj9aQkrrHBHFzrT,ken_app_prod,48c63eb6e42f09e7041f81645e7f546b3918c31f888c3ebfcb8260577de2d9ac
103,2020-07-26 03:11:16.935,2024-03-14 14:23:12.458,pro_8bVviSP2y5dscDE3Sr4gra,ken_app_prod,3ae0533a9867fdaec40857cc800631129e0b0f7e0a98375eea0cd795d78664be
1037,2020-07-26 03:17:34.089,2023-11-29 13:43:29.647,pro_5T62Pr1UpdWQBFB6HmpmG6,ken_app_prod,bdc532e2efda3204b465434612252a78875b301fab2a6ecc69c193b5a3a094d9
104,2020-07-26 03:11:17.933,2024-01-02 19:51:27.757,pro_VbYvWy4QX7HztDFs9edAKk,ken_app_prod,2596508a552e0ee00d815552a094d52cbbbb27074e2de1d36db60ee407e1eb1d
1040,2020-07-26 03:17:34.831,2024-03-19 16:55:58.968,pro_VA1bDfs7PMr477HJ6ZozKx,ken_app_prod,271f840981259876ae5f5ff927b79c8c72123dc31c3764df98c2c30f8c6883cf
1044,2020-07-26 03:17:35.798,2024-01-24 21:17:43.785,pro_KekWa6uKr5KjsbAC3pAaEa,ken_app_prod,805e9d6ba09c6e3177e6fe33f3416230e4882b4a4158104b26ad66ccdaeee39e
1045,2020-07-26 03:17:36.049,2024-03-14 18:09:35.804,pro_NpKZfR2FCPbzHHVG1rAUjG,ken_app_prod,e0310df90fd25231df63838fd8749283dd7c98e46db6a227cb693850effe02e9
1046,2020-07-26 03:17:36.334,2024-01-16 19:04:15.312,pro_9jwk1xMYqazAzSzk1qz4SE,ken_app_prod,a39c17dd59db0c36dd53c5e9169edc0d46f084be6928df61222aee6960387739
10469,2024-12-05 17:06:10.343,2025-03-20 17:26:32.066,pro_We7LXXsM43meB5EkvbT9rn,ken_app_prod,e68abf78e175c7385dbca4ccd1b7b74040633131cbeae20051bc539ba4b1a654
10470,2024-12-05 17:23:46.431,2025-03-20 17:15:16.241,pro_Rb88tQhAgEWTmjN1KYz7jf,ken_app_prod,c7b2d4a8412f4bda53fc00255edad07cc8638c6a9e6d40656c66944dc0dea154
10471,2024-12-05 17:43:50.240,2025-03-20 16:53:23.402,pro_5kMMiEvKz5XTbiGQNoAjZr,ken_app_prod,569a31f205c60b05b15a83b504a319046c823650d9a0f7de11fade51896ca470
10472,2024-12-05 17:53:59.301,2025-03-19 16:06:41.363,pro_TCmkyAeLDTYJGXkRzvkC1v,ken_app_prod,661dade8eda64e8c88daf5a56e93fd6cace899d55b7373b08046bdd7dade154e
10473,2024-12-05 18:00:34.192,2025-03-20 16:29:44.258,pro_Y9cTn29cg7tt2dbaCXejTb,ken_app_prod,6d82cef8b42ee0f9cc03cf36f05163f4b84c0a7934da045325b37b98bf7d4e62
10498,2024-12-10 18:15:45.744,2025-08-19 14:16:46.775,pro_DnAGRuMFiNSzmZpkcxd3FL,ken_app_prod,4a864ec8321ae41b78a6404d753c11847d3c97e99e522092c4ebe1d869763697
10499,2024-12-10 18:34:11.307,2025-06-30 15:42:41.132,pro_Swqm8gpMwDkySktnZGyPoS,ken_app_prod,3bb041a3e975352d9075e47f91e2cf584c9562118db19e652c5afa43c6113db4
105,2020-07-26 03:11:18.311,2023-11-30 19:10:15.707,pro_GDhS4vZ3aqjwuhkk64ayUX,ken_app_prod,dbaca3705b5a5906dfafab48529736d9258e4152142b30baada1ad48801f46da
10500,2024-12-10 19:21:13.631,2025-06-30 14:34:38.343,pro_511b95Tpu2GPhcGdwJJ2GZ,ken_app_prod,a7e6a7dba6c87ecd350873c0aeb0d6ff9cc58f686c619cdc01409c06ae0952bf
10501,2024-12-10 19:32:12.535,2025-08-15 19:12:19.253,pro_DjoeC9v5uE3fjUsKzhKHE3,ken_app_prod,561c2304031f8cbf4ee51ce8db88e0a062023be14e1ae5592f35c10c40f7fe12
1058,2020-07-26 03:17:41.579,2024-02-08 16:47:24.226,pro_2BDsR94UHh9gGfE9CupyZx,ken_app_prod,11486ad8ce2e950e75d7eb909f3168965ed792dd3bdd6147da22974bfe669c27
106,2020-07-26 03:11:18.583,2024-01-22 19:43:50.421,pro_N5WwxShGRy9tCz8KzThJkc,ken_app_prod,b013add3a5195335eafbb799130c01b9d5a03d32d8828eb3480ca61788df80e8
10604,2024-12-20 17:58:24.898,2025-02-10 20:10:22.624,pro_EbXErr3untuDPVmKSPXiPY,ken_app_prod,2bef42f4a9e9dd4c5562da8054a56317d7e328aee5f10c8a6d1856fb1a7ed041
10605,2024-12-20 18:22:50.970,2025-02-10 20:10:17.714,pro_23kJSxvoDQ2TK5QzkiuMEw,ken_app_prod,e5d3b9c2d5f5d701b74e62b2ed055da5415b41d9663cc311aec19889fa03bddd
10606,2024-12-20 18:32:34.882,2025-02-10 20:26:30.576,pro_BMaBq3j1vgJioqqwuf3GC3,ken_app_prod,bbf527de1a9cefb7f26b4bf6445fa2f0f89ea3acce5bc2225592eb49f213ffee
10612,2024-12-27 13:22:06.682,2025-03-20 13:51:31.163,pro_PfwM8bknfdtVi6FiAFt2PV,ken_app_prod,
10613,2024-12-27 13:45:01.161,2025-03-20 13:52:24.411,pro_W7sRxziPdoimVAvcrmmapD,ken_app_prod,85afdc42f729c65b31074722061b9ee95156849a5a6800a570374333b50864ab
10616,2024-12-27 14:40:22.441,2025-03-07 18:56:02.846,pro_J9kHov6m12oQ7G3uEESmUw,ken_app_prod,52cb735c84101619b654b40a3abfbaee726fca8c9bb1873c79048291f5e53710
10617,2024-12-27 18:15:35.025,2025-02-18 13:43:58.351,pro_S69EQpLYau1hvpuX1RAuMu,ken_app_prod,fe31c3b89c7866e94c42b2c5c13f1dfea6fc3e4c3fae4fe4eec4f22a6752dd11
10618,2024-12-27 19:02:05.537,2025-02-18 13:43:18.734,pro_ML6cqvD754TvYDqWnAmvW3,ken_app_prod,2a5d4906eddaa452b04106961d05f3c9422609c4d4a4da7a40b6d1140395ee81
10661,2025-01-13 16:56:20.784,2025-03-18 16:36:37.139,pro_TWifYaQnyuhybeJBp1w9PK,ken_app_prod,b6cd12da12c908099a6e844964a25040368710aedfcb20b822093feb0e30e4e5
10662,2025-01-13 17:02:11.634,2025-03-18 16:35:35.527,pro_BKe94kEpcPF76yeDhAW5mj,ken_app_prod,a1f1ce4ce843b9ddb12af543dcefc1e9d538179ba437a326ecb6c3987161bd85
10678,2025-01-24 16:49:01.347,2025-01-31 20:15:06.938,pro_6Sr5u2bWM8udDkrp1BFh5C,ken_app_prod,dc44c9dc7dd8166ce9ab7e88cf36faa63a74e6fd34817333e23059796fe886af
1068,2020-07-26 03:17:45.112,2024-04-29 15:52:17.644,pro_TXriwQrmUyGy5VhXeXCX4G,ken_app_prod,e79a37da9040459abc5e2f99ce6f005800259e93737d52a77aa3e3fd3a14de02
10689,2025-01-31 19:47:50.278,2025-01-31 19:53:28.784,pro_UpBcuyP1N4RWFLDsBiBzTX,ken_app_prod,74e225c1383616c0e652a80bd09832536d1e71e338c9a9fdabf46353f8a53e03
10690,2025-01-31 19:54:36.534,2025-01-31 19:57:18.993,pro_UwvmohmVjrNHTFFthiLQS4,ken_app_prod,9bd998b8b8e4e42cd4e75fc49688a4ed11fdab8f628d961cd9dea0f075f29971
10692,2025-01-31 20:29:00.709,2025-02-03 19:48:04.825,pro_Ps8nHXPD2Agumjj9Qrkin6,ken_app_prod,35673d50d0a6fa3437fac24775dfc93690824906f6560a1c2afc46918f43e162
10693,2025-02-03 19:50:13.737,2025-03-25 11:05:44.995,pro_SWuv3S8hHg75266yd1NsAy,ken_app_prod,bd9b3d9d769ac8727d1bb7283283d1c7910d26397914e2d1946e96de83f6ed00
10696,2025-02-05 19:18:28.160,2025-03-12 20:23:02.913,pro_4Umk6wzbKQXpRSpcKEGMoq,ken_app_prod,399d7a58cb4b9650d1482a3d44e0c79829781d01e63f446cbf6696b2ae00eebf
107,2020-07-26 03:11:18.852,2023-12-28 15:56:51.401,pro_8Y2PgtstfcDHFVgwxh4rfe,ken_app_prod,714552030696d4072f9cd9c48bdbda2590c51f26a25bbcb10b18701ebb4bcf1a
10701,2025-02-07 16:34:02.757,2025-03-11 16:57:35.153,pro_H1pbmwm8KLYo3aBCxTM6ii,ken_app_prod,5cce961386596f2b0d99419000b7ca203b95d0b9decc27176769ce57813f946c
10702,2025-02-07 16:41:46.443,2025-03-25 10:01:32.429,pro_BFFkeR2cVC3rLqtcjZKnCZ,ken_app_prod,50a535bc5abfd2d7299ba2849623b964a5aec2a0b8456afd6e047c6817448543
1073,2020-07-26 03:17:46.449,2023-12-01 14:27:26.358,pro_BmP5mH14i4gpmps43G5YwH,ken_app_prod,12dd340084b04f73ac641f9c6b733adb2b329bc58020ec83aa9f2c736da7304c
1075,2020-07-26 03:17:46.935,2023-12-08 16:29:55.890,pro_KriByKXWQ81U2i9Dp2SVyM,ken_app_prod,c4c7f0394b8d64a3fab2a9df1a4d79db4ba13c3d5ea21c6351cc7fe4b825e02a
10755,2025-02-18 14:22:55.304,2025-03-12 20:00:37.812,pro_J5tkLtEKy5pSrwxxaia79T,ken_app_prod,850abab534de589eb2bc1477d2bd4703f1d43093c6c81080fd0b33a95223cce0
10756,2025-02-18 15:27:18.561,2025-03-12 20:02:31.817,pro_B4VhrcEHLaJkBEdt7EjoD3,ken_app_prod,b360ba8a5bfe408f309229fa577335503c813d588e411ff6be21c531c80b46a3
10759,2025-02-18 16:49:09.474,2025-03-20 11:54:13.351,pro_E5PwkkZiwMG6Zsw7VqQ9dF,ken_app_prod,166eda572fd8d64c5833438502f7a64e08e6f5f71ce3cd101093fe34249f5d73
1076,2020-07-26 03:17:47.244,2023-10-22 16:28:57.579,pro_T7g9NnEDpns4E7Gyvn9eyA,ken_app_prod,11d0ef57e4039fccebbf6a3b1605465f970a99d6ec05ba0bcce42f4a8112f472
10760,2025-02-18 17:11:13.005,2025-03-20 11:52:16.276,pro_H3GGsktLH2K9ey1NgJ1dMM,ken_app_prod,96ebf7fd60fcdfe95128cf2ba74557a896f8e8bbe90b9839620d39618d9aa141
10761,2025-02-18 17:58:49.330,2025-03-20 13:59:48.438,pro_23jUF8ZzVcYxMrcZRbtkuu,ken_app_prod,970bc0e3001310aa06093d418c351793018293e9004e938857ac70337108fbed
10763,2025-02-18 21:05:24.805,2025-03-20 14:00:18.234,pro_QCt9eTTGMQm6PwcBew5TPE,ken_app_prod,39520de2b20108610a3c923c55416fa512e0aeb89de4ef29fdda703abf1143d4
10778,2025-03-05 16:40:11.121,2025-03-06 17:29:48.041,pro_ESQ69X4ioZS66zBqFT6sRr,ken_app_prod,f9b2b9f70d19b0cb492641320e74fb10ce18ff3cfeb8616fed88969436334643
10781,2025-03-06 17:30:01.931,2025-03-06 17:36:56.755,pro_Rd1fEHVSdmhPPQm6CPy2Q4,ken_app_prod,41f799676db6dc77edd1e104abc6cc107e2a89d59f0f549636c7a527851244a7
10782,2025-03-06 17:39:11.296,2025-03-06 17:41:28.363,pro_4bd7bf15FCXDu5bPdcnz5T,ken_app_prod,88aa1128ccccb874aa56a0c388bdab5d1296a477b5dbb9e37d5024b2c4415ac8
10783,2025-03-06 17:42:00.906,2025-03-06 17:54:52.525,pro_8wW3aw2FvrmxBSoxZevtx8,ken_app_prod,8db1ea145247f02db9735e6cffc2ec2871d41194d38fd1bb8656c7f9ce249664
10784,2025-03-06 17:56:19.196,2025-03-06 17:58:40.988,pro_3jJ7c83HuRYJ9XZpogJotB,ken_app_prod,c17d4d3c8a443cf4ad70d1131ad7c0933ad3f57c94865aeb4b578f774fd53dd8
10785,2025-03-06 18:10:18.325,2025-03-06 18:24:05.918,pro_VneUDPBNRhAcyZ6PUKoYHr,ken_app_prod,cf7181b8c3801742b540991d9c06c456e37ddcfc975fc98b1f0f92f7b42a8dd6
10787,2025-03-07 15:22:32.328,2025-03-25 09:34:13.091,pro_6C6Csw8Yb7tXF6FijLy3yF,ken_app_prod,d8e4734440a4040fbf7bbe23ba4e88d9a25cc488c6f8d736b338c9cf3e5d63e9
10798,2025-03-11 16:48:45.450,2025-03-14 17:29:41.134,pro_Y8Kj7wwbQqveFKHHxd2Syx,ken_app_prod,b25feb1d66f562e0721dfc4bd51dcb46d687729d8e981927cb8fed8b44d56202
10799,2025-03-11 19:00:44.295,2025-03-19 19:33:41.067,pro_PE6JQjbLK4HbRyfciokiyB,ken_app_prod,8df46df43c8fd1a015a3b8b5c1e431f2c7216189c2387e8ecab39b8101084e8f
108,2020-07-26 03:11:19.142,2024-01-08 18:48:44.092,pro_3D6zs9N1nk4AocsXZuiGHT,ken_app_prod,bcd89ad8a9727d1c00ad302761b9ea3c1797cfbef1f1abbc020c46d8ffd6e13e
1082,2020-07-26 03:17:49.700,2024-01-02 20:14:42.672,pro_Y17VHzUCJVEpPSA9TsePxb,ken_app_prod,683992a6cffc0608fe2a494d6ef7d424de01e4ee95fd0eb862cd5a1751861607
10835,2025-03-21 15:42:28.127,2025-03-21 15:46:09.481,pro_T9UNXxsXAbJt73n5BtV7d6,ken_app_prod,44736bd9f4f96754a9afee38a0bae0977f7a1388b121f3b5ff36d44847b11524
109,2020-07-26 03:11:19.411,2024-01-11 13:55:05.063,pro_RFKR56snG94aL7gfBQoTBo,ken_app_prod,750ed9805248b8385aed4b2185daae7b0d1aa5db8f9504a3d6bc92eb60e91e1e
1090,2020-07-26 03:17:52.464,2023-11-24 10:55:52.105,pro_UgixAFVnC6z92JVrjyXqXR,ken_app_prod,e0751b76f1d25cedb3967d33d792186457aa336b579be45db7f7bf9ed0a9d850
1091,2020-07-26 03:17:52.705,2024-03-18 17:56:23.460,pro_EqZ9iujHU86sa2vDKw8PT9,ken_app_prod,01844adfd27f34754a0fa5d22f684f081d3186780167595ceb08c6f6908d7c85
10916,2025-04-24 14:48:29.141,2025-06-28 17:20:36.611,pro_WsAwHbqyN8SM5h2ckosVkS,ken_app_prod,39b4125a562679af70a3d2cbd1e68da3114cb6de27f23a3ab6afc88dbaeafbba
10917,2025-04-24 14:55:21.927,2025-05-05 20:49:00.181,pro_VZXJ28Jujh8M2r89gRs8x9,ken_app_prod,e1d2a5845e88154d6263888ccda81393d4bfd2e15996099845fd4980a0328f0a
10929,2025-04-25 15:34:49.832,2025-06-30 15:06:10.831,pro_Gi8gBqLFsqf5HxdxVcXThe,ken_app_prod,ccaa83e184f5f002fece3e5b49aa0b2294de3ccf8cf39c1266829173b4692f61
10944,2025-04-29 13:46:33.665,2025-05-09 17:03:00.491,pro_CiuPC9q9Xgamz9Ngcjdar3,ken_app_prod,
10945,2025-04-29 13:58:37.868,2025-05-21 19:24:04.197,pro_VVjsJzsDRTtLED9XfbiMr,ken_app_prod,
10947,2025-04-29 14:19:49.816,2025-05-21 19:23:41.689,pro_YErxc2FyGwzQU9DuzjHtxA,ken_app_prod,2f0e9895449b0c291d755f025f7a2a8a659f3521b26afb74f908ae6395ae6ebb
1095,2020-07-26 03:17:53.579,2024-02-12 18:15:16.553,pro_PQFMuVbUkpMuaLFY1nAvm,ken_app_prod,091b4018317a4e0ddb62ba6857bbf14dffff715ae53007d959a7cfba2443dac1
10960,2025-05-05 16:23:44.520,2025-05-28 19:21:00.077,pro_MvUBabjWAHo1tXETevyMg6,ken_app_prod,ad1d98ade0039edf38e6ac2f6deeba14652540de786fb0cad0ff656c8e1eedeb
1099,2020-07-26 03:17:54.464,2024-03-20 17:10:26.325,pro_TGterbPeNQNqxMSS96jcFd,ken_app_prod,9d469594b6edae58335d53bf7e5446fe4439a6593c17767d0edde02de7455428
110,2020-07-26 03:11:20.340,2024-01-16 21:45:53.120,pro_BWLaWQbtzh9pE6d79T53L3,ken_app_prod,f8a5fc894a6174babddf63a1b27d78b039e5b13e1824a4be1e33fba90b336ddf
1100,2020-07-26 03:17:54.766,2024-01-29 21:08:31.170,pro_4hsuhsEeEr4ANfnrQWr8Mk,ken_app_prod,6e33b36398f8dcd42797b4bc42420cd7496c47a6ab8be29ae3fd564610a02442
1104,2020-07-26 03:17:55.710,2024-08-16 14:57:55.950,pro_EdqzTopRL52AGk1Xy9siV3,ken_app_prod,0a851b96b82ab53fbb6644875d82ba28ad864f401a6cbfcd1267312a9cdb5ef4
11059,2025-05-27 15:31:51.793,2025-05-27 15:31:55.133,pro_7eAnEqA4hgGUWznib4U6UB,ken_app_prod,8f1ab49e8007734dc03f6f7747b6dd86fd73f60a844fdfbf5d180093fa153613
11060,2025-05-27 15:31:59.233,2025-05-27 15:32:02.281,pro_YbDQvmTPtkGPNkr5QwfCF7,ken_app_prod,2a163fd5c8a9a62b10df34e8bef4f0fc473646025294181fef97ecfd925a6d0a
11061,2025-05-27 15:32:08.253,2025-05-27 15:32:11.881,pro_WmU3RYoMpbLNfkd33Vd6ge,ken_app_prod,0ea44f509a3fc45a13e6fea21f67689614c24793061bb25ddcf1778f71890d91
11062,2025-05-27 15:32:16.515,2025-05-27 15:32:20.674,pro_7kYH4YPoPMxWPspw1cPdEQ,ken_app_prod,781877233d95d78d8a6b4669097e1bbd7037257790162e4b33a3186302e85a54
11063,2025-05-27 15:32:25.038,2025-05-27 15:32:28.852,pro_Xa65RJFSqfpVUTWFS6St5f,ken_app_prod,110ae98006110e168f307152c0b553225646f527dbb964b647bbdc29a1720332
1107,2020-07-26 03:17:56.963,2023-06-06 20:04:14.561,pro_GZ7oQ2jNu2ZM4dTPQobLR5,ken_app_prod,0490e533b368d8557f5deb31cca1739b207ed92fe674f183de52cd683fa5aedb
11082,2025-06-03 17:50:00.617,2025-07-01 18:21:38.358,pro_TujuLmjcovs6FNNFETDNyg,ken_app_prod,cad21981624c8f0f37520c67b1ca2548454140c149c2cc7bc873bdb58253c404
11089,2025-06-06 19:26:49.495,2025-06-06 19:26:53.736,pro_GMTeyfrdb9TSU37ZDofGi9,ken_app_prod,1b87d404eb76a9bde7638d122634790ac7ccbafb7be4e71dc61fef8816c037bc
1109,2020-07-26 03:17:58.336,2023-11-24 10:55:52.105,pro_HR2SAzYXYNtm2yXctc2UyP,ken_app_prod,ab94da97cb6865a935897adbe5511e6dcaf03e7d1b0debd60fca45c18cf4598a
11090,2025-06-06 19:26:56.331,2025-06-06 19:27:00.061,pro_SK8k8MeLJZLGUtSh5kFpC,ken_app_prod,1e8494da9ac94f9268df5878037e6a5cc0131c1bc41ca89931010c09eb3d3bee
11091,2025-06-06 19:27:02.557,2025-06-06 19:27:05.778,pro_T6pc6ZJpy6MGXQHfvGDtBn,ken_app_prod,161f55540511007bd2bf8a193609869f9a1ebf60d040c64956cb14ae0ef0d6c3
11092,2025-06-06 19:27:08.283,2025-06-06 19:27:10.709,pro_GP4uQXEkSx4VZGGiR9D2JT,ken_app_prod,eeaa5d7dee9a2c1321cd950d80049358ef2be70ae179e6007306ef91a0a06c56
11093,2025-06-06 19:27:14.141,2025-06-06 19:27:17.682,pro_NKSu8P9J8vtbndwUZabQbR,ken_app_prod,920388bf8b98b613d3fa1fcf1fd5fd946822a3cd0867284eee5cc4b61da66642
11094,2025-06-06 19:27:19.887,2025-06-06 19:27:21.656,pro_5Pt3iB52qQjX3f97XJcbq8,ken_app_prod,219d524451b7d08523e647292b7d035de72967680a6a2f5bcc8e479c6dc29808
11095,2025-06-06 19:27:24.385,2025-06-06 19:27:26.093,pro_VmpwtZ6uDHGVMvqZ8mLg4Z,ken_app_prod,c6e33769f6668b8cd08ce6b4ba9b3e9db99f37917cd3010807dd7b3425e961bd
11096,2025-06-06 19:27:28.250,2025-06-06 19:27:30.745,pro_V27C8uZ8YzwwYNJ531mNXU,ken_app_prod,ecd46bb2cc215053aed879923f1bb899a4728f62263c0f03266ce43ea72bfc7f
11097,2025-06-06 19:27:34.401,2025-06-06 19:27:37.229,pro_3hC3pAS56R6u3HznYvjtc3,ken_app_prod,f8d65881011de88511c3ee2cd0693c208ceeeebb4c68ce8f13d5e455acc2274e
11098,2025-06-06 19:27:39.135,2025-06-06 19:27:42.644,pro_DgskbZBuSnBiZnLbQpcYvF,ken_app_prod,a6b54a89578ccd6e7443745eeaa805870694a1d357964929760f6e03337c35a9
11099,2025-06-06 19:27:44.406,2025-06-06 19:27:46.962,pro_J5msXayRQmZUh855q6wYpN,ken_app_prod,74178c467bc5a80d17fb77b6a81948f0cae79626c9774473f947e6574f62c4e7
111,2020-07-26 03:11:21.570,2023-11-24 10:55:52.105,pro_BKM2TUJnjqPDTJPS2JxR1V,ken_app_prod,424f90d0858da7091187b87d00604ef1b08afe924189e4e20324e5b22f18288e
11100,2025-06-06 19:27:48.116,2025-06-06 19:27:51.636,pro_4bq57S8Vy9m8HhrMfhqRwd,ken_app_prod,d69f459045e8780cccd52e82f067fe90abcdf743d15f6cd0917a3ed846780074
11101,2025-06-06 19:27:53.116,2025-06-06 19:27:54.703,pro_2Rtzfaz4iUQRjVEBYDwzXD,ken_app_prod,21bcef59abe50fb9dd5677722559cdc3fae0dbf12a05fa4b8057227822684648
11102,2025-06-06 19:27:59.486,2025-06-06 19:28:01.144,pro_AKFc2SP1FbS5b86ECXrXg8,ken_app_prod,14c9209f1b1055765d1ef8dd5bf0d5718645653f81af20633cae4f822c22ca9d
11103,2025-06-06 19:28:05.186,2025-06-06 19:28:09.264,pro_WFsVQzj7ut1xD49XKeKZy4,ken_app_prod,a558c1488f82fc9bc0d5c7bfff4faaf7ea961d396b5f76fa1aa5d3be65d3667b
11104,2025-06-06 19:28:11.715,2025-06-06 19:28:14.944,pro_2zbQSYi9hkCazKCSCvbv4H,ken_app_prod,ce260d31380f0830265a444565a3d62be06c359142ced0818e78b8d298105650
11105,2025-06-06 19:28:17.119,2025-06-06 19:28:20.008,pro_C84rrMYAVHRpE1ATnwcFv5,ken_app_prod,5589c5267b148c28385dad4f4317a8db044f79945d09c5a81ecd2c46884726ed
11106,2025-06-06 19:28:21.649,2025-06-06 19:28:24.500,pro_96DkRcWvJfiqTJ75yvyw1A,ken_app_prod,0cc6567c3cf0f5776be807ec097d8e8342417eae0dcfb480415c96022b042e6d
11107,2025-06-06 19:28:27.122,2025-06-06 19:28:30.778,pro_XA8SbRkxqjqnyZwJG7ivCS,ken_app_prod,5af5cd1f868aef0910bb2535b0a25008f43977a2ea7df9656b8e1adc1d717f71
11108,2025-06-06 19:28:33.384,2025-06-06 19:28:35.787,pro_V3EENpDJiM61xVgFTzKTxt,ken_app_prod,139b4705efe716a13d1b972b928afd2114a2ce39dcc6d6791cf6de00366b77cc
11109,2025-06-06 19:28:38.746,2025-06-06 19:28:41.941,pro_DvqtZzmAsTTXaDfRWczMvm,ken_app_prod,45f919d99ed3d0d83d327c9af4f55391e4b07949bcb0f809d112f4d9aeee1882
11110,2025-06-06 19:28:45.022,2025-06-06 19:28:48.286,pro_NjancgMDB15eqr5oFjBxL6,ken_app_prod,ca68476943ec0d80c1ab36a82dbcb244db3a1dba9f2323469d8053b54dcd0f7d
11111,2025-06-06 19:28:50.777,2025-06-06 19:28:54.499,pro_2tJg5nCjNo181J6kgcowUK,ken_app_prod,20844936c945ac3dcdaabce5c2559491186a9e86ea69645302b5fc652ff43afe
11112,2025-06-06 19:28:57.457,2025-06-06 19:29:00.768,pro_6Twcx8kncoDWR86Fp5BHkb,ken_app_prod,0df6b79a63a886e0cdfc86fa6272b29fb2cfe3f9bb605fc7d58e13097a630c32
11113,2025-06-06 19:29:03.522,2025-06-06 19:29:07.273,pro_Lg5akMUGicWcvvuBdwJK7H,ken_app_prod,6b6a8da7fcb2619705fe6adb79bc3e50453adf328397c8f5ec6312211567eafe
11114,2025-06-06 19:29:09.222,2025-06-06 19:29:12.017,pro_83TM2TByZ11ojMBzAgBuqk,ken_app_prod,7e984a4a32aa2457804455627187a4acb3098f8c887237f7e8627aa04aed4185
11115,2025-06-06 19:29:14.118,2025-06-06 19:29:17.396,pro_54cCCmCpYQXAjxrJJKzDMw,ken_app_prod,bf31901190fedf793597aa74b9418abef988c76ea65dccb6fc9b1996d03989e4
11116,2025-06-06 19:29:19.561,2025-06-06 19:29:22.670,pro_XqF2CT6nkEm7QgcEPB8ufQ,ken_app_prod,114266a28db72371c18c428d345fec2e6ee6f86421985bfeea2ca92df199870c
11117,2025-06-06 19:29:24.134,2025-06-06 19:29:26.883,pro_XynTRh4yWCqfWxh8kuvMRg,ken_app_prod,6509b7afd0642371d6b5a9a1512111ac1563c73a9661f0289eafae771b40d863
11118,2025-06-06 19:29:29.730,2025-06-06 19:29:31.621,pro_6g4LA9otyke9bWejwgz54u,ken_app_prod,c1ab9744f04a7c1930d226fc2fed66877850a2c5ff9b6f0281dc14d73eda85ee
11119,2025-06-06 19:29:33.689,2025-06-06 19:29:36.509,pro_FZ5aAxP9aP5SDsCNHfcrz4,ken_app_prod,fcacc30e7211a0b929c27b7769010f36d8b3101f234d42ba3574487c1891fe5f
11120,2025-06-06 19:29:39.740,2025-06-06 19:29:42.708,pro_GET1Ha7yiRrbVijcUvdTq5,ken_app_prod,8dc39f8281f3f72bc90084f12bb39be01f155a1316a115c021d9c9c1c2918046
11121,2025-06-06 19:29:45.192,2025-06-06 19:29:47.977,pro_ATN3aC4yezo9cQPeXg2DgN,ken_app_prod,ebc996a4a2e97ef9ce582ff13d357f0fb9c53a531260f7f8e8d9379b9917b57c
11122,2025-06-06 19:29:49.975,2025-06-06 19:29:53.108,pro_PWDRA59DAgnEAwwV6caCME,ken_app_prod,54235af6dc23064b371613f7ba373742e66c014c41009b4469b154b4c7441e3d
11123,2025-06-06 19:29:54.020,2025-06-06 19:29:57.361,pro_FQekQ9ZeUfSiRartRUu7Qy,ken_app_prod,4a7ae5869566d76551c1a7276ad153c547510a6df71bc15a8a2aad7c4870d517
11124,2025-06-06 19:29:59.541,2025-06-06 19:30:02.937,pro_21sPYTxFq2979JB7GTeTpL,ken_app_prod,e68b70c9487c69968185a0b6bd65dfe5b8c51dc5cf901b67e0e7d6bc3c0d71e2
11125,2025-06-06 19:30:05.531,2025-06-06 19:30:08.455,pro_6hJaUUqYuwT2j28X9c8Qxb,ken_app_prod,68d18eadfcc9c75c8648345e0b2f3a316c3e769443026f9a8467fc241ebe6690
11126,2025-06-06 19:30:10.367,2025-06-06 19:30:13.827,pro_MJctvrPUUpD1z7fo2dERgb,ken_app_prod,13f6af7252dc622cef4fb5409a9dee6eb6046871f5a8d40fe3a2492af378d917
11127,2025-06-06 19:30:15.659,2025-06-06 19:30:18.676,pro_WeJFqAVsgLQ1As3L2YFbSq,ken_app_prod,cc6f783a64be69df4e053ae6e89348a2294d11d45bf046367d474c426c360f39
11128,2025-06-06 19:30:20.960,2025-06-06 19:30:22.681,pro_NU7k9n3KzX9kVpGhjZAv3x,ken_app_prod,9b1652cd79afbfae9b4a27a8d2f4d174986af06f4b4aca1e18b4bcd4b38bc340
11129,2025-06-06 19:30:26.687,2025-06-06 19:30:28.581,pro_WD76qR5oejdi98cCXHJv6Z,ken_app_prod,c04cb2da842b3070fd2ca529858e08978ae5fa1ad9bef57487819d1f42a5e30c
11130,2025-06-06 19:30:32.075,2025-06-06 19:30:33.776,pro_Y5Yc1RsKaTWU9GhDFoEjHg,ken_app_prod,548615c0ee14e84192ed554c2dee6f3a0a088c54a589d24025290fc31c2e9571
11131,2025-06-06 19:30:37.694,2025-06-06 19:30:40.123,pro_EtMEprasmHLSqKiRfXdnRk,ken_app_prod,6acd12d5dd7440ee2e82b4db4dc093b31a8611dccc965750b7319a08bd42689e
11132,2025-06-06 19:30:42.173,2025-06-06 19:30:45.898,pro_6MSgorXWMAHRUiuFLZw1qa,ken_app_prod,71f047475885e67a7f28d6277207d8e6329dbf88fff8eccbed9e448ee6fe097f
11133,2025-06-06 19:30:46.896,2025-06-06 19:30:50.502,pro_5W6urQ17N4d78cwAJEs6De,ken_app_prod,6d3c8be2cc7e4efa832888ff583386f23d9a4439526c2c7279540103484ba8f1
11134,2025-06-06 19:30:53.067,2025-06-06 19:30:56.444,pro_VyeV3rBMsCPGULfuPatYj7,ken_app_prod,40ba53b4d4df0edd7d93dfd9eed6c01c8880658d4f9f4756f819156465547b38
11135,2025-06-06 19:30:59.705,2025-06-06 19:31:03.044,pro_4imzQkPw93FXvjTpFbSqRx,ken_app_prod,6877aa47208c022682742197683f32684c240a98ae5a2e21b741b0548f326e9d
11136,2025-06-06 19:31:04.774,2025-06-06 19:31:06.464,pro_KEoteV1UEzgGAZ4sco3H5Q,ken_app_prod,bf4f48085d2a1ffd63e5c9dd7349692a62471659301cfbcbdcdfb8520b48a7e2
11137,2025-06-06 19:31:09.652,2025-06-06 19:31:13.435,pro_9poCYWCbzgeaNzndN4gcev,ken_app_prod,93190f283784cc637cbe215f04e96432f7ccdf81cdc0bf7d7d6c71db960b5c8b
11138,2025-06-06 19:31:15.586,2025-06-06 19:31:18.915,pro_EGZCEkzkcbMzcGBRNWcRio,ken_app_prod,1c6c661989ab50e38a390d3b0a8b2488de4cd17ce190cce8ef36bf99fa104acd
11139,2025-06-06 19:31:21.037,2025-06-06 19:31:24.282,pro_77vozstoQNXF3cc1USGYie,ken_app_prod,340ffbd19a7d54895c2d32140b64805409d6024f72f48d2d9b50b486f7c866fe
11140,2025-06-06 19:31:25.282,2025-06-06 19:31:27.001,pro_RgjtFwtJbXHpSscywvQAim,ken_app_prod,53b78f04191bcd2fc46ad148a96b89df9529fbb7e3770b17089c6fdd84d922a3
11141,2025-06-06 19:31:30.564,2025-06-06 19:31:32.298,pro_9DkLXYAyhn5Vw9jYsFCFs6,ken_app_prod,036268ccfd5e014c6431c8c5eae5493e93b773aa741dfef88a6fcedb2851f809
11142,2025-06-06 19:31:34.907,2025-06-06 19:31:38.144,pro_46GJVTwFCX4CxRaeCMueKQ,ken_app_prod,131a6f62a1657378379e7c3ac67a9ddfd426d6b9ddd54c6068eafbd3833707c7
11143,2025-06-06 19:31:40.778,2025-06-06 19:31:43.964,pro_TKFrxWDBJzYEhhmMuxtVX,ken_app_prod,4c93e00cc5c91163200a3887c8632f822a05243a86a191900fc5ee88c3317c4a
11144,2025-06-06 19:31:46.813,2025-06-06 19:31:49.984,pro_TAkZr4Z2EW4kkRCGzfftY1,ken_app_prod,c750708eddd30a011be591882624890c2551539ed671c66fb0b7290746524bfd
11145,2025-06-06 19:31:51.476,2025-06-06 19:31:54.036,pro_ME89vmmMRtQRkNB9N2sDxw,ken_app_prod,d4ff1ff0b08a933281cc28886e21b18ea46c03bf528b2c7d461b6d0b1d4b404a
11146,2025-06-06 19:31:56.192,2025-06-06 19:31:59.163,pro_2KceBjo7puzfN95kLVRS2c,ken_app_prod,cae0cd5f731630bd2cb967c7b1849d0287d4a0dd29be4cd280a85cc17ac76346
11147,2025-06-06 19:32:02.166,2025-06-06 19:32:05.207,pro_HnhApb8UPgUCAxeAm9zhxH,ken_app_prod,53cc1baa20eca067b2b34b40f37c9c74692c932a496bdcbd6d8ea4996c872b81
11148,2025-06-06 19:32:06.784,2025-06-06 19:32:09.885,pro_YTWiF3HZcTZcz96p3jgwTb,ken_app_prod,62d3880e8fd76e1a751edff8ba884ce3d4bedfb95aeb01516ab94d7e797be851
11149,2025-06-06 19:32:13.039,2025-06-06 19:32:16.254,pro_YNrN6EU82N93YdaUiWp6AZ,ken_app_prod,639b361ec2e47e32c85c108baec85f951f3a414f0019a58b61d5955e2e7cfb0d
11150,2025-06-06 19:32:17.735,2025-06-06 19:32:20.703,pro_8hn33M8mFeEqgwoJDiv2WF,ken_app_prod,94279942f2d3f51af4d5705e16064cd628ad3cd51d04e2dce122ca5d4f9991ed
11151,2025-06-06 19:32:22.249,2025-06-06 19:32:24.040,pro_317Fm882FqQvfWv6cf3DRy,ken_app_prod,940486f069f5efbc66422eacce175ef089b3475f158248fce6b6699d729373be
11152,2025-06-06 19:32:28.078,2025-06-06 19:32:31.112,pro_VBxKFUuXqaoomCExT1ox9j,ken_app_prod,f2b964c2604a501e6385ed5843b3d8df7dee33a9a2e729504313c2beab4b8bd3
11153,2025-06-06 19:32:33.787,2025-06-06 19:32:36.112,pro_N7PRvhBXnLSnYX44tv4oN,ken_app_prod,48dad67952498f36e5f068fdf81166403bd5dc8571f9bcf920c1b4fc5f8cc740
11154,2025-06-06 19:32:39.463,2025-06-06 19:32:42.474,pro_G19GvN5fx3FU6X1FrJo2fv,ken_app_prod,7a18be6568799fe63ab369c0d9fc380dcec0a1640eaa814198a7f49ec8e4987f
11155,2025-06-06 19:32:46.466,2025-06-06 19:32:49.612,pro_4XpTDDNunveqQ8chiBN36,ken_app_prod,f40c1d3477cf4a946f94155eced3f13345fe248e96cc7d4b55bf8310a5f1c73a
11156,2025-06-06 19:32:51.256,2025-06-06 19:32:54.098,pro_SPJmWuyAz4dW5QMWzs6F1z,ken_app_prod,dc093f799c39bd6f9c05c43e0189d260740372eaff228b11bf87435821a45a76
11157,2025-06-06 19:32:56.446,2025-06-06 19:32:58.458,pro_Ht6bWBqdvjvjnhJn3jWaoZ,ken_app_prod,5d08121bf7c46eca08b50a3056c9e9373b1f877d685c5744574cda1fa40bf0c5
11158,2025-06-06 19:33:00.543,2025-06-06 19:33:03.646,pro_LLrB4AC6o2dE62MuqRkgjX,ken_app_prod,efece3c17eee440b51176b54034f393962844edce41ab917c955b35902a5abc4
11159,2025-06-06 19:33:05.237,2025-06-06 19:33:08.481,pro_NbZDNpyUTVbB5qQjRTy7UN,ken_app_prod,5e91ca496694508e8d297be5206980754bd8a3617c43cddda8fb8d68970321b0
11160,2025-06-06 19:33:09.955,2025-06-06 19:33:13.094,pro_qPEQHYLZQLf386vNAyDUG,ken_app_prod,54f1e8bd812d26ef8d7485a404622091e167a0a2d185575d2da0a006265b6906
11161,2025-06-06 19:33:14.563,2025-06-06 19:33:17.903,pro_AFQS2hXFw27GJza9wmAkjc,ken_app_prod,3d5d117179354a661880a78affa7ee4c7ae36803aea7e3426c88f3d7e301d939
11162,2025-06-06 19:33:19.539,2025-06-06 19:33:23.241,pro_RzzoAQAsduzSbTKy6ZVon1,ken_app_prod,a7336ccf1cbff41b4319ec8ceb22cb2e90e906fe7fb33285092180118f50e182
11163,2025-06-06 19:33:25.496,2025-06-06 19:33:28.345,pro_Fz9wgcYBcLhDhsAN4w32BA,ken_app_prod,ea8aaf1037752f559ec524c29d6e67a389501c0db5c1b8b41638b9a1f7a5766d
11164,2025-06-06 19:33:31.779,2025-06-06 19:33:33.440,pro_MT9bm9r94TAYA67NKv9pZN,ken_app_prod,3d885f98c4498cd3ca38ebee87d0e39413b270c411727f10171928dd3322571a
11165,2025-06-06 19:33:36.304,2025-06-06 19:33:39.715,pro_UyQAHEPtGZ2RxJaFLvLsb6,ken_app_prod,05eb9ca0ccddc87a1b9e7a1bd058c0691de0b4db53cdfbebd9f23456b5437c53
11166,2025-06-06 19:33:42.047,2025-06-06 19:33:43.918,pro_GyZy2RMhRBwJRVSyS4N5Ty,ken_app_prod,d83eda56bd3868bc8633c456883f77ceb8acc4cd577ebba813028c8dcf25bd08
11167,2025-06-06 19:33:46.683,2025-06-06 19:33:48.424,pro_SE1VGomZaLZuLyF4cUTpNb,ken_app_prod,445d7bf834fc3a5a2d0612e59d516ba3b0dd34810c902160af254d5e2a25d002
11168,2025-06-06 19:33:50.707,2025-06-06 19:33:53.341,pro_bBUnBHNgxFtHw8xVdmBSt,ken_app_prod,d97e25e226db00f38652bbe099dd5b194fa8cb25272a53d42abfc2f73a18d36f
11169,2025-06-06 19:33:55.444,2025-06-06 19:33:58.386,pro_GkrWsaR6M4L9RKNSkCYLLk,ken_app_prod,f30f1d5518dab2fff09b2bb641d659d2a0d312b0ae86584fa566d03adcddc6a3
11170,2025-06-06 19:33:59.950,2025-06-06 19:34:03.408,pro_NgwfxP8phuvzzDn2f474dM,ken_app_prod,244e2c46fe27a22f253cedbd20a0a99f7ef2a9640bebc8df9a6532726681dc73
11171,2025-06-06 19:34:04.670,2025-06-06 19:34:06.449,pro_Yap21SiMHkAHTbmJyrcXs9,ken_app_prod,9054dcd72fc6c6ce76d0b2c8f3482afe084dd920902d81834eb2f392a18c411c
11172,2025-06-06 19:34:09.562,2025-06-06 19:34:11.666,pro_MtXW9UoYpu1Nzg9FgT4q85,ken_app_prod,148967a570a0ca73168eca7068d2ca5dde902c7f8ad8c59f2c3a10c71d79fe0c
11173,2025-06-06 19:34:13.806,2025-06-06 19:34:16.371,pro_Chq6UpiUDvN36ApttEVVsS,ken_app_prod,1ed625a697533e6977b3b649f6185d771d0d48a45096590631c2754644d7810e
11174,2025-06-06 19:34:19.946,2025-06-06 19:34:23.034,pro_U1yXskkx2VnVbfTRquH8Jp,ken_app_prod,8896528ac65a8c74f878c5da3b5fcb66b5920057dcf8e5f262b00e8873cc764d
11175,2025-06-06 19:34:25.949,2025-06-06 19:34:28.870,pro_XTGZMeMLPupupMdxiY6G3F,ken_app_prod,45ffafe9c9447049cf8e920a1307ddeaf13b9af6e5408cc85564a8d39268ebe5
11176,2025-06-06 19:34:31.576,2025-06-06 19:34:34.227,pro_LvqGyD428EFdwLZJWm79Nj,ken_app_prod,ce84e78e28c7c0185810262b3aa5a2ca3207771693fd12308f72669d55ff1675
11177,2025-06-06 19:34:36.285,2025-06-06 19:34:39.972,pro_Pn3L3chSMAzDt91gNkEiC1,ken_app_prod,988c84199bffdbec402653ecdc4e3ef29aa720e14304ea32c7ee3e425950e8f3
11178,2025-06-06 19:34:41.447,2025-06-06 19:34:43.207,pro_2Ztgvz4gRuszEy4LvpLei5,ken_app_prod,4773c387fa8a09bab04d20b332dbc76e250530f53f951087edcddc1d41f067d4
11179,2025-06-06 19:34:44.762,2025-06-06 19:34:46.460,pro_GTATfrmFg3HF34iV6Yh68G,ken_app_prod,80ef31869f8dc22833a66f2ca34b73a11c95470673b9f4f21a31c62de91dfb66
1118,2020-07-26 03:18:00.569,2023-11-24 10:55:52.105,pro_PTaYSoAiFATpHeXnPY9yqk,ken_app_prod,fb366f8bc160d4a8f040683d5947a5aae1f7ee3e018c894676945d216d5308f6
11180,2025-06-06 19:34:49.167,2025-06-06 19:34:51.965,pro_NBsZipZLxayw4Z24YZLuwW,ken_app_prod,658a72e6730402ada9d36b0aa512cd259152059bb429a4283521492be17dc30e
11181,2025-06-06 19:34:54.704,2025-06-06 19:34:58.311,pro_F6oSKkAexpYeYZB5C9V81w,ken_app_prod,bfd9cc189ab465055c7bbaeabf0061c68987bac0fc2fcb199ff9d82dfc4b4562
11182,2025-06-06 19:35:00.404,2025-06-06 19:35:02.245,pro_WhggLhdRzCxACk1B1pqHXU,ken_app_prod,3e6a62ae9bc3ed06a45a562251ebfb10dcf5081065adf5788b9027ebc4000e36
11183,2025-06-06 19:35:04.854,2025-06-06 19:35:06.560,pro_MLC1ioZ1Aq7LSoZYfmH7MB,ken_app_prod,6be124c5ddce6a820198e91c5a2a6cef477a0e3e541c94d4f7a3caabb76a4df9
11184,2025-06-06 19:35:09.424,2025-06-06 19:35:11.855,pro_YUnnRsQX1G9wReYsfQM9LF,ken_app_prod,ec34fe4b2948feb921eb5636262ab61bf2581947c2ef7d5a816e98eec87b5c22
11185,2025-06-06 19:35:13.965,2025-06-06 19:35:17.501,pro_MpnCWSCcmax3VBv9PQawth,ken_app_prod,5c90a3587cbacd218af1020bea8d2790303fe1ea72de3aa1fd905d164c658314
11186,2025-06-06 19:35:19.603,2025-06-06 19:35:22.011,pro_3baeKH66kSXojGpxVxMsZs,ken_app_prod,8f9ac1ee3fb00419d4b723f274404c6dbd2a9ab78d989c32dc3371016acc891e
11187,2025-06-06 19:35:24.615,2025-06-06 19:35:27.853,pro_QU7mYXXdwj57yKJH8uoWcn,ken_app_prod,4dcb6d3f587c70f2da8d926ab4d49ac7e6b4089755e4278fb75b4b3762991bb1
11188,2025-06-06 19:35:30.051,2025-06-06 19:35:33.163,pro_FFDvV8NfqjHVA6ffvF8J7K,ken_app_prod,0bf83f221d8f73e5ba4d11279a2c7fee8786472b3659164f85810dd954a9ba49
11189,2025-06-06 19:35:34.716,2025-06-06 19:35:37.667,pro_9fxHLi5RM7Zf7Mm6vgzzQT,ken_app_prod,3349161c5ff5513b7e2eb1ab9630551cc7456d95395f33dcdcdf68e7717c07f7
11190,2025-06-06 19:35:40.821,2025-06-06 19:35:43.725,pro_NvmpA4smW8mNdjCWxdmzWQ,ken_app_prod,0e023b3813b45518c6ade007339f1826de1e9a29585d83563bf45dceb2da46a4
11191,2025-06-06 19:35:45.543,2025-06-06 19:35:48.535,pro_R2Gc37cnHmit4dfYRygDya,ken_app_prod,926c56976efd0f3dd15c3c6d7b037115302e5a4b5378271c05d7be4cdc19b235
11192,2025-06-06 19:35:49.575,2025-06-06 19:35:51.404,pro_TvBM6WeFcNrT4AWzisoKsq,ken_app_prod,f9f7a642d02b49b2996eb9aa5b37aac1b8b4379c385f752bd915b90a3ac96f4d
11193,2025-06-06 19:35:54.322,2025-06-06 19:35:56.305,pro_Sx1zX4UN1oVwn9ZqGmkAxw,ken_app_prod,1b191ef9e85c28b50e35aef7c6d562b7b8f4b91f10293f00a0350f9b905e058d
11194,2025-06-06 19:35:58.382,2025-06-06 19:36:02.095,pro_7iTpHYJocsix99iKYX8JNj,ken_app_prod,2b1977e29d4a8f107750588e77b429d7a8cc28c9b7bc94448924f3c0f95a10af
11195,2025-06-06 19:36:04.188,2025-06-06 19:36:06.552,pro_6qw5QHw7fDzk3y7aBpqBBy,ken_app_prod,d8952262341e56595d57702a2140bd72a164012cdb6670c3cb0b73bd6cca5ab2
11196,2025-06-06 19:36:08.088,2025-06-06 19:36:11.532,pro_CFPWLaXz4RhUmEY7DadVDd,ken_app_prod,30396ca5ecf6df7da83583f39d9dcc71aa83c8d99f2da473b8a96795a29d2bd0
11197,2025-06-06 19:36:14.019,2025-06-06 19:36:15.772,pro_J8ERpALbvvQDa52VJieH76,ken_app_prod,36cfd1c35886cc458a598a1f40102dd591682a31e631369c0197f4e6d362bd88
11198,2025-06-06 19:36:19.251,2025-06-06 19:36:23.100,pro_KYyLmG6iXHnAcojo8V4azi,ken_app_prod,584c3a22bf18c5815bbd961e725a4d3ab06c57539337cb1bcc1fc025c2f6c61f
11199,2025-06-06 19:36:25.180,2025-06-06 19:36:27.913,pro_KTWzLsJ2jcQasmeLgrD8sv,ken_app_prod,c22de7dcad930410372d258d659258727945dc10558516c0e09ed5413142829f
11200,2025-06-06 19:36:30.120,2025-06-06 19:36:32.779,pro_3CB1eXdecd2B6yU4hSHp75,ken_app_prod,b09e898a5c02c7990d79cd30dc5f912e0191ac8371d5ab0cc7cf805444c44522
11201,2025-06-06 19:36:36.487,2025-06-06 19:36:39.954,pro_6aGAMPwWvSU4igpTwPJtg4,ken_app_prod,522ae161d179518299e3dab017e2e0a4078957f518e6a2c1e2353ec5e67c29fe
11202,2025-06-06 19:36:42.143,2025-06-06 19:36:44.813,pro_XZQ1bPiqUXe81WTRVEmGYB,ken_app_prod,f7317f99f701ddacc43b5c73df9611b0cf481360a904e578cc15ae6651e7a862
11203,2025-06-06 19:36:46.283,2025-06-06 19:36:50.840,pro_MKLCPahYzv9WdDacCpntAS,ken_app_prod,96e94bf961ac0f90c7eebfaf337245bb91858be2300e30bca51751aee21622ed
11204,2025-06-06 19:36:51.744,2025-06-06 19:36:54.184,pro_9BiTdxn8o6B7c5uuvU5pP7,ken_app_prod,b732d07b9cbc0ea11faa14c3f852692263fa01f40edc90e28ebc425424735b69
11205,2025-06-06 19:36:55.754,2025-06-06 19:36:58.154,pro_KKib94pxnhhec3nhEFUyPZ,ken_app_prod,a393e9d092419b45bfa380b8da73105325815678401ac512f4610ecb9ed9b998
11206,2025-06-06 19:36:59.756,2025-06-06 19:37:03.497,pro_QWM1kRCER7KQNaa62TymZa,ken_app_prod,a98f31bca416080879995493f7629e757faf6575dbf9f8e80e8ceddcf811bc2c
11207,2025-06-06 19:37:05.579,2025-06-06 19:37:07.374,pro_SqzubkkyRPuTQFRvbdHevF,ken_app_prod,5351647fb100d0be02acc215a2b1243692cf713757382efdd5b3cd9aa50b7fee
11208,2025-06-06 19:37:09.159,2025-06-06 19:37:11.889,pro_Txu964stxyiwHYE3baDwjR,ken_app_prod,8b46a980a43091fd353391c8f6daddb1e2e48ee9672282f20a85b8562bf2ec88
11209,2025-06-06 19:37:13.341,2025-06-06 19:37:16.493,pro_SCA74SxGN4QGvRZjMdPVcK,ken_app_prod,17df12e8fb61e2046cba170d011012cdfd913d341dad58fc042ae1d681cae84f
11210,2025-06-06 19:37:17.881,2025-06-06 19:37:21.035,pro_WzxzpSU3KmxU8YgVqktv7U,ken_app_prod,ef6377ca9771dfb246c3f178c7c856cb512e9ace55c62e444a98edec7b0c7d78
11211,2025-06-06 19:37:23.515,2025-06-06 19:37:26.112,pro_KNLe6LMUk98vLLgAXZP8rD,ken_app_prod,a133656da0aac52394a655c6145abafb2d042563feaec42e925278a3b36401a7
11212,2025-06-06 19:37:28.752,2025-06-06 19:37:31.182,pro_Ty6RGFfjGfnqD2THR6vaYA,ken_app_prod,86d6e670502d73d28b1a2648966c4293e0a22548700d83837a308b8b96569468
11213,2025-06-06 19:37:32.552,2025-06-06 19:37:35.654,pro_DfuhNLVbDpc1NTmZF3Yy2U,ken_app_prod,d92eeb5fcba1de5dd37348558a208f0a418a5446174f54bd3d12605846f0fbb8
11214,2025-06-06 19:37:37.531,2025-06-06 19:37:39.726,pro_EoJ57dV3kvSrmqXAtkmRqR,ken_app_prod,79f25fcab6eab8d748a1d4c051b8d1b523331a8a1990d52d6b03e8df18de5748
11215,2025-06-06 19:37:42.293,2025-06-06 19:37:44.765,pro_RAKD6Vjvu5HGQJZLPDLykd,ken_app_prod,5d4bfa28b5e1cc43b93d39d044edd0e9e47a36b8eab9c64ec4099798b1341ba7
11216,2025-06-06 19:37:47.301,2025-06-06 19:37:49.021,pro_KCQ4sZX1LrD1tuijapci66,ken_app_prod,c769fb6a54e7c2d3ef400f4797c5f14ef08e0558059b276c19a2087f81bad2b6
11217,2025-06-06 19:37:50.433,2025-06-06 19:37:52.510,pro_QEoY8LTMwbgyZGAZNXBdpS,ken_app_prod,f4514713bb0f98df187d063aff8d9c83ab2f6e0ba8807855ace60d682ef02521
11218,2025-06-06 19:37:54.509,2025-06-06 19:37:57.357,pro_LQx5TMUuVHkVivZ2HvjroC,ken_app_prod,0d5f73fef305fbf5cd2ebb2d2656ef7ffca8ce69210e5b155a8c72bccc0b9889
11219,2025-06-06 19:37:59.039,2025-06-06 19:38:02.829,pro_8aSxCVK7zJEnWZoMwgr8rw,ken_app_prod,92f26f5005860c60b9d7a455b7dfd03fb41f90cfa8b20f908fda32b01c64a0fe
11220,2025-06-06 19:38:04.896,2025-06-06 19:38:06.588,pro_QwJYvFX9bTaux3LpTEmDH5,ken_app_prod,6525b16bbb4ee2c6af368c8025d7168a550f868261ed68320cfe00c749580cf0
11221,2025-06-06 19:38:10.093,2025-06-06 19:38:13.358,pro_43XG4ZXtW4pbyaQVrU3LkR,ken_app_prod,0c00c19b5024d36e82fc18d19b414713a58bfa42fb7f491a7b39066584b50632
11222,2025-06-06 19:38:14.856,2025-06-06 19:38:17.829,pro_SRhHhiRnpnAJBQLnRSCddq,ken_app_prod,35fb41276ce121943019004918f05aaf60abbe0f8ea2c63e38a3ffbd5242e6e5
11223,2025-06-06 19:38:20.844,2025-06-06 19:38:23.279,pro_8rKPaoEHyfGkga4P6QZ4zQ,ken_app_prod,efdbceaa789a50106a327096d7741ea1cb67e4549a9fccc90ffc4f5a6f8693d3
11224,2025-06-06 19:38:26.675,2025-06-06 19:38:29.585,pro_qbsBaoUY8HcLVYddrzbkE,ken_app_prod,80cd720825a43683111fd91b5a69c5f0d404258e21683c3dc42f0df26ceedf6f
11225,2025-06-06 19:38:31.291,2025-06-06 19:38:34.509,pro_RMTmS841jdUxcKkhRahuMp,ken_app_prod,55ae5d0cd4d855e6b88e2bdd03ffc9c0c085f76d970f81c1cea87c7da62fbe89
11226,2025-06-06 19:38:36.669,2025-06-06 19:38:38.626,pro_DMpL2GKq436zGi8RWbP64g,ken_app_prod,81e7df2be684753420ad401048b06035e956813fa042c8154bda40f530277930
11227,2025-06-06 19:38:40.709,2025-06-06 19:38:43.609,pro_QB7J9Qc831yFKUFeTrMQ56,ken_app_prod,ade93d1bf4a9933c401f4451a55a25b1f45873a67429775380211d0907010272
11228,2025-06-06 19:38:46.094,2025-06-06 19:38:47.952,pro_HnEZmN453zipkhoMFEQjWK,ken_app_prod,6fe20e843ca02cc0fdba94b7406602651068657ca7028d87ab96ece2393a3757
11229,2025-06-06 19:38:51.467,2025-06-06 19:38:53.906,pro_PjaosbdfQjoRqdpu9PDPFG,ken_app_prod,17495bdddc5a341548d6dc01682e2b74974ae55f21276c01018a835df8d00863
1123,2020-07-26 03:18:02.055,2024-03-18 18:20:43.889,pro_8noSyTDjF9QGuTm49fai6S,ken_app_prod,25069e1266614d2f4591b55694e3ae8057f6808905a1aeb816244146bb0ea2a0
11230,2025-06-06 19:38:56.019,2025-06-06 19:38:58.390,pro_5mcJikTagkTpJe6jv2EouJ,ken_app_prod,a01e2c7f160d5986d77b019f7b8e2c89d95ff8636b5600dcd1b75e8d8efc29c2
11231,2025-06-06 19:39:00.475,2025-06-06 19:39:04.223,pro_QijgwJzKpxrNLYXCKVXET5,ken_app_prod,e019ec0a90364247b21b922c6e1dce715e67f4cedb23a737f0249596bef2da21
11232,2025-06-06 19:39:06.664,2025-06-06 19:39:08.408,pro_EBZNzq9VFS2n9wLPYPqGU7,ken_app_prod,73839404bb3f98b81f45720f789e251f007152d66b0a3ec3f8c41309e8bc8350
11233,2025-06-06 19:39:11.333,2025-06-06 19:39:14.480,pro_6cBBRLLN6Dzf4c6qbQPTu2,ken_app_prod,1235c5993a9c255c1091fe5ad9b99c689fcd605da8119e488044ec0e3f2dcc72
11234,2025-06-06 19:39:16.202,2025-06-06 19:39:18.148,pro_9TkFrocpVUsRp5AZmYLGwZ,ken_app_prod,12b67d28d850530d5674b89c54633950106bd92f643872e1878e78f2dcdedf4d
11235,2025-06-06 19:39:20.605,2025-06-06 19:39:23.979,pro_958hMpgBxuqFr5uURvMbXX,ken_app_prod,09866e50f8683131385a023e7768e70b1e9837fe2166ffa877156b9365ae1e74
11236,2025-06-06 19:39:26.703,2025-06-06 19:39:28.390,pro_DAHu6jYmnqh6paEYtcipR,ken_app_prod,13e26a4edcf7abfcb45f61b6b99e42f687fc51bce6400a2d413a3a4b1e3229bf
11237,2025-06-06 19:39:31.866,2025-06-06 19:39:34.963,pro_THjUiDry9QG8uVPAs73655,ken_app_prod,0adc4167a730ae90de2b9ddc1b364cbdff5442234f982fabd1ba260fc442f4ae
11238,2025-06-06 19:39:37.977,2025-06-06 19:39:40.469,pro_5BzF9PKVNNbZBmBkQRKo7e,ken_app_prod,5f9adf7107ee5ff846c54a7f03ab5b8636bc672b3db86d240daec3819a34b827
11239,2025-06-06 19:39:42.051,2025-06-06 19:39:43.699,pro_5K89JbvBk5M9eRZi56GPtw,ken_app_prod,d62700c4f95a4b7e6644c093944cba9c48d8e35a4b4046402b1456e9ff3f680a
11240,2025-06-06 19:39:46.861,2025-06-06 19:39:50.055,pro_SRssWdB9pVo6mvy4aFHR8F,ken_app_prod,38317065e7d2d039ab4d5ab6e08c3e02bce16dad232ead04f26eb04e1d1193f9
11241,2025-06-06 19:39:51.946,2025-06-06 19:39:55.359,pro_61yBApZqsZ8fVC2DCC8etp,ken_app_prod,22286de064701beb95ab86d727586c658147f6d576507886830ffaa61bd6acae
11242,2025-06-06 19:39:57.410,2025-06-06 19:39:59.565,pro_BMvcMNAGbrqTsk6Ugs8pxa,ken_app_prod,4a530a73113e1a546d4de7eca8ac68f22caa3f1c4c240511c7d6d988204e1bd6
11243,2025-06-06 19:40:02.904,2025-06-06 19:40:05.945,pro_GpMGYEoHXfPNMGbLYU5NzE,ken_app_prod,51c7dd22eb6175e5780784a971fd858f033b80a3578b4e1eda645ec199a14c73
11244,2025-06-06 19:40:07.548,2025-06-06 19:40:11.784,pro_5Bz29Vt45ctQof6yfYD9iC,ken_app_prod,9357edb0faade52584c7ad0ed68d29fc06bb6d4961701cac3c0b7b94c606c198
11245,2025-06-06 19:40:13.904,2025-06-06 19:40:17.419,pro_WBmivYHJSHm2o1Kxkw3UD4,ken_app_prod,512c1421d1c52700d7c5449e41d1e6df8a5381a57bef7f04aaa7c880f9dbc018
11246,2025-06-06 19:40:19.530,2025-06-06 19:40:21.211,pro_Qn9YDKtdwV1a4JoFnj5ijG,ken_app_prod,83c562310e75a6357b904ae2822c3057ec3c012c934bb24bb87d02bb6cc9e382
11247,2025-06-06 19:40:23.382,2025-06-06 19:40:28.070,pro_P7kJL6iGXCPakeEf4zuoUi,ken_app_prod,17ffb2adb3a0b287e77663edec68dd5c3822b93e7447a2d0a6881a19838f6ad4
11248,2025-06-06 19:40:29.666,2025-06-06 19:40:31.900,pro_Jtkxjk7TTdW4rEKxo8B7mN,ken_app_prod,195b6e02e0d4c42d1c618192ff5e53436166aef788263a45a2b8100a64f337b5
11249,2025-06-06 19:40:32.957,2025-06-06 19:40:35.809,pro_ADGVxVRnjWkx3RUVsJNAvY,ken_app_prod,6609e9718e0ed58896334b4178cb6a1888c89c5f55b6d94f43bc64dc7f89a4bc
11250,2025-06-06 19:40:38.650,2025-06-06 19:40:41.390,pro_RBWbDbZ3XVSroM3J2Xc1a5,ken_app_prod,a8ab748445c9ab76073f329f648ea36ff022a03ab677ecde3f0344a76833c68d
11251,2025-06-06 19:40:43.183,2025-06-06 19:40:44.875,pro_TKQDkNwHJU6R1TPn9cbroS,ken_app_prod,7e395affb8099bbe1448572fd4081e127fe42f584f6dd71c7ef6ffea028b557d
11252,2025-06-06 19:40:47.587,2025-06-06 19:40:50.819,pro_DzC7xfm5FPk7E8aEUf6TyY,ken_app_prod,45bc198a8abe2273447953acf3368794fabac151018916623f69ea3693996585
11253,2025-06-06 19:40:52.707,2025-06-06 19:40:55.806,pro_RE8nSx2CsDK3Y6GERuia2P,ken_app_prod,381e71b85b0ae75c7275caab094e1a7b6adcdab9f866dde91faddea18e86a277
11254,2025-06-06 19:40:58.605,2025-06-06 19:41:02.330,pro_HTccoSR7t8d2smbGRt2TcK,ken_app_prod,b1bbf5eb1fb5c27362bcdc92d9d0536c22cf5e736790c802b52ad7210ec624a0
11255,2025-06-06 19:41:04.390,2025-06-06 19:41:07.604,pro_YFA4GFusvGBza5MHbrLubc,ken_app_prod,e0b8efb146f553298f356034577ab1d46dcf3f06da23c0de3177265446b63252
11256,2025-06-06 19:41:11.332,2025-06-06 19:41:14.170,pro_SCv2AU5PW4co4F6sqqqvKM,ken_app_prod,e1f785a4f4366e0b67d8a3ccbdf2ea9011315b366f21775a56c06ef0217ec9cd
11257,2025-06-06 19:41:17.068,2025-06-06 19:41:20.617,pro_FBNCRj3mNXJLoA5RYSBGFB,ken_app_prod,4ffb3c91a054f269293f3152481e0eb610ab3eeb91dc2c79b8a36fe9e664dc91
11258,2025-06-06 19:41:23.218,2025-06-06 19:41:26.482,pro_76gsdhnujGbrLh3oyRKvUi,ken_app_prod,43c9096c75a15daec78655d51ff5ce3542c73f68ef28476ea43346c6033c9b4e
11259,2025-06-06 19:41:29.112,2025-06-06 19:41:31.579,pro_Xf8thcBG2EnwCdw7EQF4iW,ken_app_prod,c58febad5ae209f0ac68d460de11da1f2e8a610b8abfc6f5b79dd17f14e8dc20
11260,2025-06-06 19:41:32.436,2025-06-06 19:41:36.627,pro_CTf5j147Ka6nQcXZnT7eSd,ken_app_prod,e97c3ed0d593ec73baa1cebb90af565204df8feae220e68707438046d2cd8669
11261,2025-06-06 19:41:38.626,2025-06-06 19:41:41.614,pro_BuhdZq3EsACFDX8SsGxCWW,ken_app_prod,a6cfcfbf8e1e22f49b110d59c9bd0579b8b4675bf3ba1127af820c3a9bda012e
11262,2025-06-06 19:41:43.598,2025-06-06 19:41:46.263,pro_XfGvsTyKM2aJCFhw62tbm5,ken_app_prod,dad23add4bebca0a21b7ba0d595560d47ca8e38d48daed7605799374f71e7318
11263,2025-06-06 19:41:48.588,2025-06-06 19:41:51.577,pro_NMqk2VQrKLk3j7xKcX8vK5,ken_app_prod,6576e04d18c4ac97287e69516cce28c8c30d0880e9c92a9d9aa71226473d7912
11264,2025-06-06 19:41:53.136,2025-06-06 19:41:56.352,pro_WcGLNpFjLE4nKnnKJXofWV,ken_app_prod,e8aea0267d8b6a371b3cd2e740209cd6dd44db2b4000a60800fd8f14a7216596
11265,2025-06-06 19:41:57.892,2025-06-06 19:42:01.647,pro_RghQnYDoJQrEq2NtWokyX1,ken_app_prod,996032497875b50093c692d799f15a76cc8c1cb45542d3e0db6749c341e4387a
11266,2025-06-06 19:42:04.122,2025-06-06 19:42:07.755,pro_PWX2c5EZb6RvATAFZULY9R,ken_app_prod,af85052a893e45721a72cecb6179d644cdb257b745f7345f9208ec5b55138439
11267,2025-06-06 19:42:09.167,2025-06-06 19:42:11.514,pro_Qc75kZwwUcBSMHNTnDUrDb,ken_app_prod,71683e344384d715042289912cb769871f2a03b8eb62ec7e70734e67ba39d007
11268,2025-06-06 19:42:12.476,2025-06-06 19:42:16.663,pro_8rZtAZQKf7P4NG4hAZgfAt,ken_app_prod,53eceea511ccf6da572e34f2c968df998baf83b307debd8287e2815305e000b9
11269,2025-06-06 19:42:18.274,2025-06-06 19:42:19.978,pro_Sz8KGA8vacmbxBp5m8itQv,ken_app_prod,7a1ba8b8f965e1356c1d5156f802bb07a7ba5cc281f3df8db3186dd93240ad25
11270,2025-06-06 19:42:20.959,2025-06-06 19:42:25.377,pro_SoCjcaYuWogAHj4EjBztRo,ken_app_prod,e4b4529e70969ce8c593b7aeb04be358dfb16ba8f442c702f21a8825ed7a1e22
1128,2020-07-26 03:18:03.210,2023-12-01 17:09:59.027,pro_8ao7Vet7JHMyiS6LWaBBC8,ken_app_prod,734c3e86d7c9361da1028db4689af55adfb8ad3fad0c98bcd770d780b3f5b09f
11288,2025-06-10 19:06:55.467,2025-06-10 19:07:00.219,pro_6QV4Qfa9yqhhXTdtAPQocW,ken_app_prod,12d8ccd6fa97b6d2e9b00d4606c18d9737d82727324cc6f2e8a7bcf15e98053b
11289,2025-06-10 19:07:02.728,2025-06-10 19:07:06.830,pro_T6FoVriRQ63brv9myZXD5B,ken_app_prod,78a87a54842388be30a1743f10b057985894297141c16d79574a4ab0187e450f
11290,2025-06-10 19:07:09.387,2025-06-10 19:07:14.059,pro_GiKYmJZtigGJMm7XsamGiX,ken_app_prod,3005eb08a42cc5d87839b2e85042b118e89c936006dcf9dd4df854f104679667
11291,2025-06-10 19:07:16.674,2025-06-10 19:07:20.899,pro_WSsJypKCMGBVzFLzE6H99S,ken_app_prod,524b54c94062680ad04fd72d2394e9573b94917d3dbf352569e7e1f95a4da978
11292,2025-06-10 19:07:23.426,2025-06-10 19:07:26.683,pro_VFvBoLGVQqYQUhyi4nsMiV,ken_app_prod,90247fc3c2680ea9c47a0b5dfb02ee29d397b53c943747002a485dde25faf452
11293,2025-06-10 19:07:29.774,2025-06-10 19:07:33.142,pro_WzJt3J1TGpkh1MkFUcE3Ud,ken_app_prod,02a45284f1bfc158a6a863d6552fa1966ae753b2a7be57c05a7048ce648db619
11294,2025-06-10 19:07:37.137,2025-06-10 19:07:39.524,pro_RWZH98QEExZ5SWUNGXFKBb,ken_app_prod,8a3c29e59d2bded5b96907840e94fd1dbfe1775b01a85c42ff26ed3c5071ee33
11295,2025-06-10 19:07:41.500,2025-06-10 19:07:43.529,pro_X7k29adNyFE11NhZgX8jdp,ken_app_prod,5f81a5a8888be4e8f3564f8fad30f68c88eb672eea9ff06c89c26aecc3e8c87b
11296,2025-06-10 19:07:45.701,2025-06-10 19:07:50.133,pro_CPU1voS9dehey8JSjYQWkR,ken_app_prod,658a11816919f9163ddf5b84b9611de9a7f292fb98959d8c0a468d268a24952e
11297,2025-06-10 19:07:51.734,2025-06-10 19:07:56.289,pro_PAMTzemtwv52QBKzVc4FHX,ken_app_prod,a41e73242ba7627d39f56fb424fdde0a8495fad17853e0ddbb9a632df7c3973c
11298,2025-06-10 19:07:58.843,2025-06-10 19:08:03.768,pro_NmyMHvvMXiBRXBzcaRU3Z2,ken_app_prod,e444cd999e345d8be402b362b65f5d56a30786a2f89693eadab07dd5a1e67384
11299,2025-06-10 19:08:06.126,2025-06-10 19:08:08.065,pro_XmnJChbb7djKRhwr3a3qna,ken_app_prod,c051f62568e7c8100ed21079f8c6aed96ccfeb660ee6896025dc3f17abffc76f
113,2020-07-26 03:11:22.411,2023-12-14 14:36:34.454,pro_5Shf3wCQcEfYy9qaXkdpKM,ken_app_prod,ded82a1d53da451f8e30cd2097cb44080131730f1bc051645d5e37c33d546b9b
1130,2020-07-26 03:18:04.110,2024-01-31 18:25:40.005,pro_321DfRESprbcqPDF6Jzw2M,ken_app_prod,7ac84cd9b6a4ba146acc6991498785981120ebae740062f63c0365b0a4fad0e2
11300,2025-06-10 19:08:12.455,2025-06-10 19:08:16.841,pro_2FywnUSbj7dBXq8KLWQk1U,ken_app_prod,91a9546d743e3da923f6b185c5bcc76fcbac07c5922c70f6be0ca0c6eb533d72
11301,2025-06-10 19:08:18.973,2025-06-10 19:08:22.197,pro_7B837Wgtddr6sMraWAvLBe,ken_app_prod,a210e58ae6474b89c99ed57382be06a91606ebbf57b16223302b84d434a4b4ea
11302,2025-06-10 19:08:24.366,2025-06-10 19:08:28.299,pro_97mtxsP5vjJD1Js8jSTxNb,ken_app_prod,bf6cab3be025aba708b23cdcc726632ebefbb67b1a7ed6f9b1f36cdf1b2d5210
11303,2025-06-10 19:08:31.637,2025-06-10 19:08:34.958,pro_Y8ogtd4J78zC3dq65PFRMQ,ken_app_prod,b4066f4547d7476e48b7f2d7b7e56507967b48c73cc0b88d47953b4e8f78e934
11305,2025-06-10 19:08:38.752,2025-06-10 19:08:42.372,pro_K7dYsS5uVDsCHvhKzD3uzx,ken_app_prod,e05438b7fd886501e3ebffb1a79717aa70cf1f5d44cfa59b0e72b3dcf5bafd13
11306,2025-06-10 19:08:47.085,2025-06-10 19:08:49.486,pro_EkrG1JqfonPLevzWjrdJ5y,ken_app_prod,e553fb879b43d6f5555fac9488d38ce3ba42a3ed25ee9bb7e553998466cd56ba
11307,2025-06-10 19:08:50.528,2025-06-10 19:08:55.072,pro_FTMvHr8ERN6M59E5w97arx,ken_app_prod,682c43fade3e17325c6ebe6cd042407066fc97396987afec6aaac03a91b57b46
11308,2025-06-10 19:08:57.322,2025-06-10 19:09:01.608,pro_BEhLPw9zBLhfPCm77nSkPR,ken_app_prod,6b541928ad426856f4fd743237dc734df4cbdb60c6dfb01149fe73ac8112ff54
11309,2025-06-10 19:09:03.756,2025-06-10 19:09:07.708,pro_BaV4CvVyWUiuvaL6MHFWpJ,ken_app_prod,9e49a086fa6ac16980e78bbafeb65792a090c55133af8e4d364eecb0f4d38211
11310,2025-06-10 19:09:09.403,2025-06-10 19:09:13.381,pro_GTim1h4amGKRB1qg8F6ah2,ken_app_prod,4ed05b9b2593043e8e0fbf82ad9424ccfca27b32fc389450f0d2c0eeac5fb683
11311,2025-06-10 19:09:16.763,2025-06-10 19:09:19.267,pro_4j5ocSGVRtMGmfsfDJTSx2,ken_app_prod,e43190d0919a53dabda78f1540460ce2a976376c6e7ff6cfcee511274868cd9f
11312,2025-06-10 19:09:21.407,2025-06-10 19:09:23.792,pro_3PGtoAfF7rjq5aj7riH3MG,ken_app_prod,a030dc048824b6688349f22b480b95e9d6fddf1c5e18fa3880ef0545ed688ad8
11313,2025-06-10 19:09:27.644,2025-06-10 19:09:30.168,pro_CBGFBJ7Seps1uZSsNi98DU,ken_app_prod,bc7c7f5ddfce18d92027c67bfe727498b8ba7a0505d0677710dbcb8ed812743e
11314,2025-06-10 19:09:32.854,2025-06-10 19:09:36.626,pro_XdRXTY2aaEwy5Uet28twuL,ken_app_prod,c1ce03d1afcc5e5eeb69de386aeda4f4c7c6a803ed707bc7cdddba0311448970
11315,2025-06-10 19:09:39.238,2025-06-10 19:09:41.506,pro_KghEdzMQ9MwqrrgfQ39Wi6,ken_app_prod,db39364821d61a0c1cb2c34bd9ccb7410f75cf9e1ec8c0713db7d2a0b1df885a
11316,2025-06-10 19:09:45.500,2025-06-10 19:09:49.781,pro_EfB52QKRJnk1cWRSH5n7Jr,ken_app_prod,372a26eba1a891ae3493684e28bd39d5326050b19f30bb4585897a7732c827eb
11317,2025-06-10 19:09:52.159,2025-06-10 19:09:55.914,pro_YMyDr5EV3KDM6rbk829HCS,ken_app_prod,62b2f191d2001bc130b96a421ca2fecd39b21a16cf2556256a5ee5430dc872c3
11318,2025-06-10 19:09:58.168,2025-06-10 19:10:02.760,pro_Evd3XQH7rmUvo4wdNDtU1W,ken_app_prod,57af19af3fc8fd6b31c4e5da19d3a4072ecb75523f9a805992c308c7fdf58c92
11319,2025-06-10 19:10:04.338,2025-06-10 19:10:07.554,pro_QQhcB9KC1oAHz6QBrLe1Qk,ken_app_prod,940d2c334a9a7410727b0a52d4294f3d66782a3193b2b01fed9c266a829f2614
11320,2025-06-10 19:10:10.322,2025-06-10 19:10:13.558,pro_PCSowWvkSjnHAqR5jC14xk,ken_app_prod,ec9e8a1ca917d1b24f5d445d34a11f6d0c16184ada94e346476fa1e0ad49cf13
11321,2025-06-10 19:10:15.615,2025-06-10 19:10:18.862,pro_8qepYtgiadiux1Dgjp6BaD,ken_app_prod,3dcece9b7176a77133611f130b5c5ccef4aa0cac0c861ee2b6cb9e5b960c6411
11322,2025-06-10 19:10:21.183,2025-06-10 19:10:24.255,pro_9L578JDoqVAVm1b1qFmtmU,ken_app_prod,6fc0088b4929af6f538bcb4064d7efadbfcbd386b53e6ba64060a3f7fd95141c
11323,2025-06-10 19:10:26.148,2025-06-10 19:10:29.479,pro_GYfDJJfh4ZXtvkrcvCBeKQ,ken_app_prod,3669704490f48328fd5f921a840d0305bb78148ce9a09fad88b6d2554f1d57c3
11324,2025-06-10 19:10:31.631,2025-06-10 19:10:34.647,pro_2MRE2b1Udk2HK7Jje3tTmp,ken_app_prod,9c124116dc0c5a11e38cb4223c05d2a573c9a014f67d896ecf2cf6cbe4b06824
11325,2025-06-10 19:10:38.243,2025-06-10 19:10:42.688,pro_WGaDoXW7tk5z3HBN3E8ZY5,ken_app_prod,37ca2c2c0cb367213a10fda8c359fbe304cf1750d05999e01ccbf09747318200
11326,2025-06-10 19:10:44.764,2025-06-10 19:10:47.649,pro_FeD615J4ggbwQz6WSFdMua,ken_app_prod,ad693c97ea2418efb33809a8c82fe2f20f6026f87b615159c03823ba6772d42d
11327,2025-06-10 19:10:50.967,2025-06-10 19:10:53.175,pro_6aafeEtcqub8qYrApYxZCE,ken_app_prod,0bf6bb472bd6b584bf61324c14b4d9131610bfb187e7f088a8100c4bc09a9d16
11328,2025-06-10 19:10:55.458,2025-06-10 19:10:57.780,pro_ApZU1hMvW5N7gsivkqqahw,ken_app_prod,c2c9cc75744f74ad7bf5af670bcce116fb30e22033a2b453737ce1f36a7f699f
11329,2025-06-10 19:11:00.675,2025-06-10 19:11:03.935,pro_7YFgfzkpdoSkgJGbWftpNF,ken_app_prod,4a1630265ed01187164753d7f5167f6871d2359a01b6216b323a5f32656bc025
11330,2025-06-10 19:11:07.981,2025-06-10 19:11:12.729,pro_KMeQ5nHwBRdRGR7gpazSsH,ken_app_prod,d9b5c6834538aff56bb5050dfcc5211e07baf7f5f328c64bb2bccf8b3d3fc69e
11331,2025-06-10 19:11:15.507,2025-06-10 19:11:16.833,pro_7hhSyU9AbHjaxwGr8MLfxS,ken_app_prod,aec57840cf5414e53fd8dfb42195b18c380a524f2c79ec582148afd80198a660
11332,2025-06-10 19:11:20.138,2025-06-10 19:11:22.688,pro_AvyBPWeN7Dp5BhBHnY4SNf,ken_app_prod,a7594d2a4e21a9d4c126b58d3475ed7635c333f93220703be984f6c20adaecef
11333,2025-06-10 19:11:25.101,2025-06-10 19:11:29.588,pro_Sa3EMfhmFeXmb4bAWnmB9f,ken_app_prod,bc290bd36e21c6e1d44ba2faaf1274d53ac1dc3b3aace504b8db9cf3ca1b33c0
11334,2025-06-10 19:11:31.305,2025-06-10 19:11:34.509,pro_96y7M34PFktxoNC4Z96TEB,ken_app_prod,125a3038ddd1065487091b5f359d53120fa5816f057ad3e480850a32f6b82c7b
11335,2025-06-10 19:11:37.477,2025-06-10 19:11:42.126,pro_EizjBF7FuohbTeDMFdwRXi,ken_app_prod,5d73035f22ca799eb5dfff1fd66a23bd56c7b4bb118d2cf9eefd9572885ab061
11336,2025-06-10 19:11:44.576,2025-06-10 19:11:47.834,pro_XoqgBkRdmKNzA8g37UPpDM,ken_app_prod,6b4c4758c236c7b5730838ba87322e40efd7a7d8ebb1a2f2bff843ca66df4c9a
11337,2025-06-10 19:11:50.898,2025-06-10 19:11:53.035,pro_PD9oxBAbnLWc2Mb9aALWjH,ken_app_prod,d0f512d5a27ab5a6d5fa51fdb8581c80dbe710ba9ffe61854e229c29d30337c3
11338,2025-06-10 19:11:55.685,2025-06-10 19:11:59.183,pro_B6YyY2jhiLJv9Y7bhekAWF,ken_app_prod,bbf647b07cf9a2bbf5c0163cbd9e32423a0d8f6ad729343f39408d3dfdeeb49a
11339,2025-06-10 19:12:00.521,2025-06-10 19:12:04.905,pro_Q48dKG8fNURPQ7PcBnVRet,ken_app_prod,081956adcbdcd84d21e5105b6f3caf32092bd531794affb3eb5e8a91c18859fa
11340,2025-06-10 19:12:07.757,2025-06-10 19:12:10.083,pro_L39FTQLntRCsbYYb3LM6wx,ken_app_prod,deb694e23bcd872ad7431c4ce8a9c3d21cb64d8fe2ce005435340490b9ac4783
11341,2025-06-10 19:12:13.807,2025-06-10 19:12:17.210,pro_BLHZYx1z3DTSnr3C5gVm3e,ken_app_prod,ba235ff87cfbbaf4fbe5b6c8124e7ad189f4a4bc86d68131dac2cd04ec77fec4
11342,2025-06-10 19:12:19.657,2025-06-10 19:12:23.860,pro_QQVF3bt7oHKrwBeda8duY9,ken_app_prod,3b5cd3a7661e55195f9f405c96249cada06795073ea6a1762c90847740205d8f
11343,2025-06-10 19:12:26.045,2025-06-10 19:12:29.930,pro_P2jw8S86JKGbXaH98KvU2Y,ken_app_prod,059d7c91657f2f8efcb91021788c68bde70feec86ab0e34e3edd8be5d0cde8c4
11344,2025-06-10 19:12:33.603,2025-06-10 19:12:37.101,pro_HCnj8QkaBZ6QWbfVUCgptM,ken_app_prod,cc395e0868e635bfa2f44a5678b9cc9d8d0bb17b0376407fc510ae359d74e7e0
11345,2025-06-10 19:12:39.317,2025-06-10 19:12:43.305,pro_Re4UEQqqruzKyuA82qbu1z,ken_app_prod,5418366ebb4098ab96f379046b115f9c7e96dbd4a84f091918592598af27e81b
11346,2025-06-10 19:12:45.929,2025-06-10 19:12:50.496,pro_5rKVaYkpRX6DLeu9hc8sMJ,ken_app_prod,2ad5e411d956042dad29719c7cb238cbbf237d17b2da3dfb4932cbfb59680182
11347,2025-06-10 19:12:52.686,2025-06-10 19:12:54.936,pro_2ESkB39y4XxsaeNiDooZub,ken_app_prod,fe1eca1c93abdb549268333b9e3b49df3246c842286523f60624f8b573c030f6
11350,2025-06-10 19:13:02.154,2025-06-10 19:13:05.569,pro_3UFQcnkiXLPu6dgy5WBnmT,ken_app_prod,f3a294cfdc5f3da8fbcc43359b1c90a2e163dcefc2f3481c17d8d1045e7ba910
11351,2025-06-10 19:13:08.058,2025-06-10 19:13:10.287,pro_8HAecBofdRRichrsnhPZku,ken_app_prod,4ead054a2504fbb1d86c98625afe2fab1f4edc7a8d4991e46ffff25ac8b29666
11352,2025-06-10 19:13:13.306,2025-06-10 19:13:15.717,pro_EzK8taYmu48JZjP8f7vkQy,ken_app_prod,02fedc5a58a3bd8858ffe842fca0f8f343476021c993737b9369863c894c9b25
11353,2025-06-10 19:13:18.919,2025-06-10 19:13:21.252,pro_TbTdsAY8iDCcqfrN7kwbXb,ken_app_prod,9b4283dd302b497fb90c1f68edb9ed791cf7620904dcadc166a727642ca3e97a
11354,2025-06-10 19:13:26.015,2025-06-10 19:13:30.449,pro_WRXzdw2c3mj73FtEni4Rff,ken_app_prod,8b1048f48630866ba975edbf8beb7378795ce89108e5ad481af1fd3c030f1c02
11355,2025-06-10 19:13:32.070,2025-06-10 19:13:37.327,pro_9Dn85etWd9JYrv853uj96e,ken_app_prod,35eb756b1190213465ea94587e6c8a99c81e9dcc6a099798d4927991181a5fa9
11356,2025-06-10 19:13:40.095,2025-06-10 19:13:44.557,pro_NYu4EiLuP7VrmGz6f3cEu3,ken_app_prod,30f65ee69f3f30951707032c8069be4b0a4ebd9bbcb64a619d55fe118ce579b3
11358,2025-06-10 19:13:49.204,2025-06-10 19:13:51.477,pro_CNoXKDTvNtgN8ygPLmPJQ7,ken_app_prod,9626b2ef9d38b862fddcc9524b89889640eb9438ef1a522022a7eb8961abdee0
1136,2020-07-26 03:18:06.404,2025-07-03 16:12:56.171,pro_JVErEkhj7W5X4DCyfZzfCd,ken_app_prod,a8f0f4a7cad651807fab3635f72ef9128102ddaaa3f058f6cadff31d176cd899
11360,2025-06-10 19:13:57.880,2025-06-10 19:14:00.775,pro_7VLwQreYXEJMrtvMjAaPQF,ken_app_prod,2ac8ca075364d38ac8e4f6c0418fbffb8f3ec3abd1024b7aac686864322203dd
11361,2025-06-10 19:14:04.765,2025-06-10 19:14:07.246,pro_FuzT25mFYMADaKiZcGzsBx,ken_app_prod,411df3692737f5bf62b0150916fb255aa192427d7ec5b35e93c48b731a767e91
11362,2025-06-10 19:14:11.679,2025-06-10 19:14:14.080,pro_4SwFYZGQ9i5wcoJP4pgzYh,ken_app_prod,0b601c458cb4699b1f38ca1c4605f693e581dfdd2ef91b81c7bb61e4f53a9a56
11363,2025-06-10 19:14:15.817,2025-06-10 19:14:19.261,pro_VNZ8Tm5hFi3D2kmjMZQGTq,ken_app_prod,af92dc1bfb007fa550c53b52320092e0e9995002bec393ed40d1e0836718bc2e
11364,2025-06-10 19:14:21.501,2025-06-10 19:14:23.819,pro_QPTrN3mQthV9r35N63k2Ab,ken_app_prod,17da37a3cb01028263c11f94029593248eb0a502f29af96810b5f7a8f2076da6
11365,2025-06-10 19:14:28.468,2025-06-10 19:14:32.306,pro_3E2MWVqXCfcRKEnpitivpF,ken_app_prod,e1945a97599a76f2a5bb44ab95f7171d9c9c573abe8c61c8b91025e4ce74799d
11366,2025-06-10 19:14:35.755,2025-06-10 19:14:39.470,pro_PwAsReYkEYA97vuMPNJYP2,ken_app_prod,a574bb07d29e46ee69147d800eb213b3196a22c866c78893ec3bc9bb336f4e49
11367,2025-06-10 19:14:41.796,2025-06-10 19:14:44.951,pro_MmCmQ9br8DdCuko6eSwzw5,ken_app_prod,89a5e2ae70df26c7b85b95509ff8f3ea54186daf57e03df812f8b87ef105d0d0
11368,2025-06-10 19:14:47.240,2025-06-10 19:14:49.313,pro_6697H9vDtZ8G5CzR3nVk4x,ken_app_prod,3e0fd786fdf8405f469990f1017fa30a109438508e0c16692fafe6c360bd8eae
11369,2025-06-10 19:14:52.713,2025-06-10 19:14:55.252,pro_C9ZKhnPv8FWJUrzdg4s9E3,ken_app_prod,68e02a02e2caaf5725b39eca1a550a4a03efb24e79d0e8a83d6bd102cf8d7f48
11370,2025-06-10 19:14:58.569,2025-06-10 19:15:00.886,pro_LfvXorVpqzzNd67kGAYGYm,ken_app_prod,d25cf475358727b483d77cc38c74d7ae178159bfd03765c68b527f82a3ec4f86
11371,2025-06-10 19:15:01.918,2025-06-10 19:15:04.374,pro_Lp8TkkuL5QaPx2SYPN2B54,ken_app_prod,6c372bf31097697430f9d5e955b982d1a6741ef6f74b557613edacda426b6e53
11372,2025-06-10 19:15:07.842,2025-06-10 19:15:11.889,pro_Sz78Axp5TXk7ubKhH6yNcz,ken_app_prod,e5f7a5beacbbed71c9091250f55df6207833e29ea1f87e1ec0eb4f5df53353b0
11373,2025-06-10 19:15:15.233,2025-06-10 19:15:18.784,pro_4FdvFhfzgTDbrT9M2QdBFi,ken_app_prod,0de0d0596c2aaf4dd9a919f5cdc5a7a5d1c09d30f8b5665654ee765bb07f3b79
11374,2025-06-10 19:15:20.879,2025-06-10 19:15:23.965,pro_MfanaUeNaPB9bmgGS4eZyP,ken_app_prod,a33007e4ce67111d7f9089d1f666550b35091c4de5df38dda62f6686488d1528
11375,2025-06-10 19:15:26.471,2025-06-10 19:15:30.085,pro_7b6agqmDRsfCaYQCAef2Ac,ken_app_prod,89dca1c3dd5dacb71ac89144da7e408d039df4b1bfb1dc09b64060948fa8b8ca
11376,2025-06-10 19:15:32.886,2025-06-10 19:15:35.181,pro_GcW6roc6PdZi4ptc6JLSr3,ken_app_prod,3c8e982e73678e8b7ee23b34ec043f914ab4661ff657678079c08181d15d55f4
11377,2025-06-10 19:15:37.597,2025-06-10 19:15:41.107,pro_GmdCZJKqZzeMFrRonUv51j,ken_app_prod,99586b3e01a14d21f89f6683404ee590608eaab7e4637987fe88a45939e46597
11378,2025-06-10 19:15:44.221,2025-06-10 19:15:46.473,pro_8eTXq21zzWm4oEikcJkkhA,ken_app_prod,0e16a72b97b53d448a465676a0153b886a23b3e108690c9d3aef060569c1668e
11379,2025-06-10 19:15:50.501,2025-06-10 19:15:52.957,pro_CU3vhnWzB1yPHGpjmRDBG5,ken_app_prod,f0b1001c24e34177fe5233853fa06167cfedcc82ffd41c2d073012a3a67148af
11380,2025-06-10 19:15:55.715,2025-06-10 19:16:00.576,pro_MP6JTaKC68VEi1AeCQRfxL,ken_app_prod,e6344581080a4bb3c44d42e86595003c39f1a10f311e628566e9c255ed5b7558
11381,2025-06-10 19:16:03.998,2025-06-10 19:16:07.537,pro_HyC6wDzXz1X1FoJtR2BCrj,ken_app_prod,ca8f95f91d766e514ec1d5bafca223481f714939e212128b683254f1012c9a01
11382,2025-06-10 19:16:09.457,2025-06-10 19:16:13.625,pro_7ifX3EZ2MZDcy1rDRbeof3,ken_app_prod,15a4ad7a2de38441338c2608ae7dcb87c33e3521b048532a583f7a9060f34f84
11383,2025-06-10 19:16:16.043,2025-06-10 19:16:19.218,pro_X1xMrf66S3btBjbfAdEedx,ken_app_prod,b30b166c55e2ef646a881288126fd75bc5555c8c6ef8b6e0eb3452914ebcf67a
11384,2025-06-10 19:16:20.936,2025-06-10 19:16:23.929,pro_ETR2Z9aYN1F6frsoS5fWHB,ken_app_prod,6ff9f5af338600e4b2bcff1e3153bd9a80f7db0ed39d7e005bfefd1f5294e4f7
11385,2025-06-10 19:16:25.566,2025-06-10 19:16:28.290,pro_H4q3oMWZy9vYufZB6gzP69,ken_app_prod,cf05063150d5359fee7a565c926f5b00d5fffded9ddcba4fbc8f86ed5e6ff0e6
11386,2025-06-10 19:16:30.323,2025-06-10 19:16:34.748,pro_9MNLeHxjE32bEmWpfXhy5t,ken_app_prod,28f918bf0d8e2671c1fd1b0a70a336073df8f43a37dbf52e59c9e2cdcd132187
11387,2025-06-10 19:16:37.092,2025-06-10 19:16:39.414,pro_F6yMtKGtVJXPB2JVYMWN97,ken_app_prod,940bff258e8dab207b21c0b8c0df0466a69eb0200dd19200f1c83bddb4df4f32
11388,2025-06-10 19:16:43.466,2025-06-10 19:16:46.994,pro_HCeSsw3VWax9Wij5MnzZLq,ken_app_prod,32d1b31af23af3b7c356077b631aa8374b63a198361919aa1cda1c855acaf28e
11389,2025-06-10 19:16:49.051,2025-06-10 19:16:53.376,pro_CAFP6aQwpcAUC6qgb5CsFP,ken_app_prod,ed6fc6c480cc2ff35c946f8a385bd8a99bdc94ddf735662dc0cdc428f5965a71
11390,2025-06-10 19:16:57.260,2025-06-10 19:17:01.515,pro_N2J3TEMSwh68YGYE4KNtm3,ken_app_prod,3e691b114f8270217446186a4a7e456d8371d3e0b65b8baf5bf806247dc25178
11391,2025-06-10 19:17:04.199,2025-06-10 19:17:08.060,pro_4Rc38XuscfBPvPgNeiFwM9,ken_app_prod,17a95f483afa139363665dd1b76719a20c896529c9db4010d816dce12e2a24bb
11392,2025-06-10 19:17:10.800,2025-06-10 19:17:15.278,pro_NHjz3qPDsi1M2ATdmpEZL3,ken_app_prod,7f4aba79c842ac3337839969b45d4f3dbf7cd7114b7bcf21b221141582ef9c8f
11393,2025-06-10 19:17:16.958,2025-06-10 19:17:21.358,pro_SXq4eWxhovnLaxZZDtMSGw,ken_app_prod,367f5335d9f69d9b43273be6dcbb5efa8cab471ad6daba86e21674a78691ed23
11394,2025-06-10 19:17:24.674,2025-06-10 19:17:28.585,pro_GNBo1YL6RunyLHv8HbCQGi,ken_app_prod,d1a3cfb225ed48d8a141cb7af520dcd87357478528aa673134ba00ab9f11bcdd
11395,2025-06-10 19:17:32.248,2025-06-10 19:17:36.242,pro_4A6cLXXwL5ZVYcFbdikt8z,ken_app_prod,28450dc09eadf88eedb781b71a31768eaad709eb997344aa0e88dfdfbc3b810d
11396,2025-06-10 19:17:38.033,2025-06-10 19:17:41.061,pro_G8SHKY7E9e6nC7cq5LcoJ5,ken_app_prod,61938ed4c4c684371da4d1a43c53471afe0c813711b8a87a3aabf0595a35b9e6
11397,2025-06-10 19:17:43.758,2025-06-10 19:17:47.189,pro_X11MQzLdYEWHJmzWTYr18b,ken_app_prod,a185695a75b34f23d68ab174ac7848fe93b904de39a505a6453cc4fc47c5597d
11398,2025-06-10 19:17:50.163,2025-06-10 19:17:55.044,pro_55nPQ2AsuQQFEsH4Uwqcsg,ken_app_prod,1d43b3f6726c22d728078528be894415487da2737e8980062d7f5687c621a872
11399,2025-06-10 19:17:57.055,2025-06-10 19:18:01.076,pro_RZC1Fhtb9TcGNb2NrxWL7R,ken_app_prod,fcbbe32ea6f9557404f11bf01753bf3816aa69f008d6e31179aadb10c1190fb0
114,2020-07-26 03:11:23.387,2023-12-01 19:07:10.339,pro_8ZGbHWPWTXtL1iwrktZcxi,ken_app_prod,0aef85f13f81f6d5d497f96bb138fe41fa1986fd70451f64cbfd3e2de8f1fa53
11400,2025-06-10 19:18:03.742,2025-06-10 19:18:07.140,pro_JVd7ud27LKCG7FqNpRUrUu,ken_app_prod,920d57186c1c29f6c45d5ebc043455a941fd2d4228744fd7f6ebb4c0c8bbc8ec
11401,2025-06-10 19:18:09.571,2025-06-10 19:18:13.794,pro_Pn8NGnfK5E6rTAEqhS7tzu,ken_app_prod,f6b3f0fc9cbe303958a022231b67752586ee5656cd1c0c7d014b72743dc624f3
11402,2025-06-10 19:18:15.422,2025-06-10 19:18:19.123,pro_UZ2W6VWw5JpQNCXVMLgwe2,ken_app_prod,64c26c9106e4c585740e4e02f3ef6a6bdedbf950c3890b8f7e7b339500fcacf8
11403,2025-06-10 19:18:21.654,2025-06-10 19:18:26.020,pro_J9upSsWRGWHF8yk6fhyCVr,ken_app_prod,3af89fced77d61eb2366ad7567c88e449dca88adbce9394ac1054539e7b44267
11404,2025-06-10 19:18:29.369,2025-06-10 19:18:32.338,pro_9iK7suKhLVjjNdx8wGS2HB,ken_app_prod,b23b422c44820686410a3674621ec2ed129cf172cedc0b8aecbf979854bf9949
11405,2025-06-10 19:18:34.741,2025-06-10 19:18:37.564,pro_Y86cZoyxFbZrnk9fSf3Qk5,ken_app_prod,4894e21b1b1db313c0bf93c9ef2b39e49f7e0d9a41092ce764e7b165afe5eada
11406,2025-06-10 19:18:40.116,2025-06-10 19:18:43.087,pro_SvXSAt9QFHayVQGzzdcU51,ken_app_prod,4044949a518d248d9fe3bbfbefb41338d2c848721fd52707e1aad8066be18aac
11407,2025-06-10 19:18:45.280,2025-06-10 19:18:49.784,pro_M5fNhW2uUbKr1bdtCc4zzb,ken_app_prod,e2f04b5238c50c476df2908b1d003219e00d43fce44103ad609496eaa900741a
11408,2025-06-10 19:18:52.515,2025-06-10 19:18:55.267,pro_TFGwake4sGFQWAu5u6rpJH,ken_app_prod,38ea51fc790756f2eadf1d0227ae7faeb3e0e79ff686596e4f175d082a22b147
11409,2025-06-10 19:18:58.333,2025-06-10 19:19:01.009,pro_X44hcTbt7VP7zuRSwJF5xo,ken_app_prod,dae3dd58e5702cb08221a533994b978fa7bdd440ecbdef978aebeb9de32ba47d
11410,2025-06-10 19:19:03.095,2025-06-10 19:19:05.291,pro_C8ue2pcELx85236SwsZCBW,ken_app_prod,b009ae505ee42767fa2eaed87acfe1d164760504bb80d0bf6f6935ef8a79248b
11411,2025-06-10 19:19:06.432,2025-06-10 19:19:10.111,pro_JtcKJu4z6cHczsWeKone75,ken_app_prod,4852797d3185a537ab6d5521cb3220a51baf43dda267549f620aec5707c8563b
11412,2025-06-10 19:19:13.190,2025-06-10 19:19:15.868,pro_AM32K3tMGe8h638PFeymDp,ken_app_prod,706f99f0989c8cb33ac486d643abc3fab91b29ab0886aa826f022ceeb6fdacfc
11413,2025-06-10 19:19:17.435,2025-06-10 19:19:21.753,pro_HwF82DBSyKziKCoDtRWNuA,ken_app_prod,d29cf2ab1952f811c710cea8ccd61cb4de087cc348531e063bcd86948a10e529
11414,2025-06-10 19:19:23.453,2025-06-10 19:19:26.185,pro_44Q4kfb4KbJYtnWMaxHsk2,ken_app_prod,381cbc5ae9e3af0c872b5432fa05d38c06e82360e01521bd0fcaff3a2e2bf446
11415,2025-06-10 19:19:29.677,2025-06-10 19:19:33.143,pro_9U5eZ954PsQibSdMTdQzhX,ken_app_prod,98a3fb68e431fe8d8bd04746ff0498060679ab5fe624a0c35240100e2b572e8c
11416,2025-06-10 19:19:37.032,2025-06-10 19:19:41.023,pro_UeraU5XjJ8v3GWWwmc8XMA,ken_app_prod,b65d1ad6fd60da0c7cdd061fe24dde0d3c93dbe450ac39b5cb355c9780c4e8b2
11417,2025-06-10 19:19:43.447,2025-06-10 19:19:45.644,pro_Nj4XQFC9QrHoosvRzEK9iK,ken_app_prod,0984523c0750408c7c6b71df69e859e270c39fe8809a7f57cf84c8c8974335ad
11418,2025-06-10 19:19:46.670,2025-06-10 19:19:49.576,pro_RYNt2fWPZZLJJDQasDhDoL,ken_app_prod,add2c1609934692dff0d71bf572657b3b3f6cac3d436bdf2f3440ebf717c66fb
11419,2025-06-10 19:19:51.827,2025-06-10 19:19:54.043,pro_PhiYN5xWRQAaPaqDXqci64,ken_app_prod,b3dd76ee86ac40621a9aaf5fa12e7925ef6a3197862c38e3ed5cfbbc46e922ed
1142,2020-07-26 03:18:07.935,2022-12-22 22:45:35.236,pro_Ttdynvp12BEmkQEDqg6sx2,ken_app_prod,464dc109ff96693a20fc11f330a909585db1deb130e390959d9baed5ea531063
11420,2025-06-10 19:19:56.257,2025-06-10 19:19:58.779,pro_3Dz54YZbNybHjKKrPKpZiA,ken_app_prod,e82ce683df4ed32bbd04fc638c14801d1bbc7bcfdac5cb731698cf9898a186b7
11421,2025-06-10 19:20:00.567,2025-06-10 19:20:02.853,pro_RLjedMHuo5WddH2eW4NYPL,ken_app_prod,449c3d45965047950856c5309c786188af8cdc9c2a14e60a01f898a013623c16
11422,2025-06-10 19:20:06.281,2025-06-10 19:20:09.916,pro_G125eNjPYYFSuW5L1bCteD,ken_app_prod,f48cc25f9f8265f0f6f04cee2589a02b3c4d755e1dbfd76b5443226ae843dae0
11423,2025-06-10 19:20:12.086,2025-06-10 19:20:15.857,pro_Q91zibKEcB46b9JseShQeC,ken_app_prod,dac72667e5d824382ad3c4c89fad0f634672daa512d4daf4ce50cf92c6312a87
11424,2025-06-10 19:20:17.463,2025-06-10 19:20:20.390,pro_HxrG2Qoh9G4aQ3Kw4cfE14,ken_app_prod,2dbabb6fe710ba7b2fa57b0f86147154439c3b21c4d96524617fcaed2a346d5b
11425,2025-06-10 19:20:24.275,2025-06-10 19:20:28.160,pro_5p6o5mXhXwfkhRTvt17JNW,ken_app_prod,97551c8fece78b291e32352cc3a496ec1551ad0739636840011400e7e268de5b
11426,2025-06-10 19:20:29.678,2025-06-10 19:20:31.928,pro_LdTTuikonkKuip7x8McKQY,ken_app_prod,1165ac6d15e34ba2e1c5579b5a82b4bae40947c27331c129cd08206fd3217e2e
11427,2025-06-10 19:20:35.065,2025-06-10 19:20:38.766,pro_8mPLoEU3kGdWv4JsGTufcY,ken_app_prod,42634407917c1d670788818419dcb645fa528b3930d33d3bdd441ce83518d535
11428,2025-06-10 19:20:40.366,2025-06-10 19:20:43.214,pro_T728Qa32VF7XB4LKrBPpNC,ken_app_prod,91e083f32c23f885ee7461afe78093f6a2df8c26f4954a54c5c21408d1d427b1
11429,2025-06-10 19:20:45.851,2025-06-10 19:20:48.012,pro_Ft73r2QQUJ5xbvuPk1bpJA,ken_app_prod,48fc3469e20c9e8ec8aaf6506ae8439518c8148bbf5be43ee94f3d60fb10bc7c
1143,2020-07-26 03:18:08.867,2024-01-29 20:36:54.604,pro_7pBoPGttc4E335a1WPrabF,ken_app_prod,6b4d8b34b4d9711de2a048f9902dc7b739027927d4f4e3c17746d4e1bc2d3018
11430,2025-06-10 19:20:49.069,2025-06-10 19:20:52.902,pro_MHwFxRzxBL4qfPu2d68ea2,ken_app_prod,adb2469113098630c9b14eb84c8620c11775fd7a9912e7ac1f6bc0e0cc2b53e8
11431,2025-06-10 19:20:55.817,2025-06-10 19:20:58.639,pro_4HkNxcYcskXTwm7JD1C7B7,ken_app_prod,6766f3f8df56b420d06688528340485c7e56c659e635f79bf79ec813e8f0bb79
11432,2025-06-10 19:21:00.149,2025-06-10 19:21:02.980,pro_J7JU8anFGQHLyyypi8sprV,ken_app_prod,cdf669aaeffcfc5dcce317d055119532c05128ae19f4f5c1ef64b85916b22d27
11433,2025-06-10 19:21:06.195,2025-06-10 19:21:09.908,pro_Vzu3xsCEja6B7ghcrMeYXr,ken_app_prod,85677414cf184f44a6717d15537b05cd8ee3dc7be59a39cabad00dc9eaeb26cc
11434,2025-06-10 19:21:10.958,2025-06-10 19:21:13.834,pro_3cFHdoQ7N7sp5v6uoNFvVA,ken_app_prod,5333f91c11b404eb668e09147c933927e16a384c336c88aef993393c98ef09a9
11435,2025-06-10 19:21:17.049,2025-06-10 19:21:19.317,pro_HVeYPXFGiFxRg6HgWsqvLk,ken_app_prod,cd0a8f7a03c3730674b57826112a213f8bac0fbb8e40096ed78729b324029230
11436,2025-06-10 19:21:23.107,2025-06-10 19:21:25.293,pro_2qthcz25gXFTz9txS4soBo,ken_app_prod,b5a5ce0ec5ffb9f402d9ac458dde65dd7dc73def0494caef85d8e6d5c5417960
11437,2025-06-10 19:21:27.407,2025-06-10 19:21:29.566,pro_QErkNRD6jMVdfFhr4suaxv,ken_app_prod,b2ccb6dc7f22911554811466bd980317b443371f8fc0b8b654638ec918195025
11438,2025-06-10 19:21:30.570,2025-06-10 19:21:32.680,pro_VZ4yixqr9TrH7V8xgZbGJ2,ken_app_prod,3410f00aa1cecab78f02770f32b0b31a9b2c73c5bf40d154698eeb2422ebe126
11439,2025-06-10 19:21:34.983,2025-06-10 19:21:37.143,pro_CEsnJuE9BCVVkLS9pwQa9E,ken_app_prod,fe9c9a564b89e13bf1b5941195b3423a92e98b8c2ca510a8ed56ab749ad4ae65
11440,2025-06-10 19:21:38.716,2025-06-10 19:21:41.895,pro_YCAXJ82adS6a5e1Shz9571,ken_app_prod,033d12674f2b9942dc934b3ea7a596f0b8f932453c2d926180d1dc9e83bd950b
11441,2025-06-10 19:21:44.632,2025-06-10 19:21:48.352,pro_87xFpcWrkGBkrLEiBaatP4,ken_app_prod,06435b3d2ebfe009139cce11ff78bcc0d27efc10340e3e77b9a75bfad63f3102
11442,2025-06-10 19:21:51.872,2025-06-10 19:21:55.366,pro_TCRCf43dA7Rh5iorS5jtPh,ken_app_prod,7819bca1c15bd1fcdd9f58923ee7297f73aa2f2a05a253314d1da2f3c6fedc81
11443,2025-06-10 19:21:56.738,2025-06-10 19:21:57.924,pro_PGhXBpNqHx68aD77VHVpDH,ken_app_prod,b51fd19b59d488f37e6fcfcbd3b39b4ab35b99c3091b6d358b027c2e15ac0c0b
11444,2025-06-10 19:21:59.788,2025-06-10 19:22:02.657,pro_J1kFZU2V2iWxGaodenpk8k,ken_app_prod,906241a97985c2b7d194da20ae32ccc742c199e44ee26e9c5faf659a82955fa5
11445,2025-06-10 19:22:07.218,2025-06-10 19:22:10.081,pro_3xZsdcTHdqRiJKXhiRsgxw,ken_app_prod,773975e688f3493a9b621ce2452ff4bdda3c9d91980ce88bbfca3cce747bf193
11446,2025-06-10 19:22:12.935,2025-06-10 19:22:16.577,pro_Fbc76QxdNw2QkbG1H6Ypsh,ken_app_prod,e3c0ba9dac931ded947210241bf528d99d3fe030c1a40a154dba721aac641288
11447,2025-06-10 19:22:18.217,2025-06-10 19:22:22.735,pro_2aD4yieHPuk7t2zc4BHWvH,ken_app_prod,435bf448e9881e0d0cbbd8b2ed45d2683ea5391094eab7efd07ba5616ca5842a
11448,2025-06-10 19:22:24.484,2025-06-10 19:22:29.712,pro_YWJYxmKXwZcVv4SrPXF6nH,ken_app_prod,d40f965d1d34aae22dbdce742ae1eceb77443672e4c5b505ac6ef507e178d4e1
11449,2025-06-10 19:22:32.010,2025-06-10 19:22:34.974,pro_7tk5xwz7pp8qu3JGG8YEgE,ken_app_prod,2edacbea268b88f314af848ab4604b04c23bbeea3aa1845a62f5489f66744781
11450,2025-06-10 19:22:38.343,2025-06-10 19:22:42.091,pro_GP2EdKwK59L3PdvFR7hZu6,ken_app_prod,0a142dbaee07e1b3c6221217733b9a72e0e5b31b3bb8bbc470ce1780ba2d845a
11451,2025-06-10 19:22:44.130,2025-06-10 19:22:46.373,pro_7C6KhZjkccjGvCUTak4fxo,ken_app_prod,a4763242b26b90ff00921f9ba615987aebec8f679f5dab3db94220922dcbba98
11452,2025-06-10 19:22:49.786,2025-06-10 19:22:52.015,pro_6RoGvQ67w4mD2Uz9jVZjA6,ken_app_prod,db73d48529cc8fb3d4404a2b904cd813956d2506dd3fde0426ee1c39777d4d3c
11453,2025-06-10 19:22:54.955,2025-06-10 19:22:59.143,pro_LFigZ4gcFLJc7ksV6Wv2zQ,ken_app_prod,55fcf6f5c0eae0be72f68ab97765fdb54ab59a82b1533e8300ec88826ef08c73
11454,2025-06-10 19:23:00.779,2025-06-10 19:23:03.584,pro_R7EF9qvs2cyxg5fYT4Va9W,ken_app_prod,abceff009e180126e52e549c79b8ab3a705818f7b2a39993622d692d91731a61
11455,2025-06-10 19:23:06.354,2025-06-10 19:23:08.552,pro_CKBgMmHJm6Lng1LnwqaoFK,ken_app_prod,662f873f3941048ccc5233891396bff01d44ba41d1fadc78c370ce0289ddfafd
11456,2025-06-10 19:23:12.451,2025-06-10 19:23:16.140,pro_Cxf7cmBSomnvBysyR9jFXg,ken_app_prod,44a17ba36d7c770228ea37b6cccc283f19034f161559ef9902fa6a5d56d90a41
11457,2025-06-10 19:23:18.264,2025-06-10 19:23:21.307,pro_JKDfAGfPoVQu4MS7Zunx4A,ken_app_prod,8e588c1840280504880f964744f837e63bdb2861ea65f35d4c62f3c48d8cad69
11458,2025-06-10 19:23:24.213,2025-06-10 19:23:26.441,pro_XM8s9PqUUxu2U4gXmsxywy,ken_app_prod,adff177b692f1628ccfa767df058077a81f775f46ac586b0d9ffe3d341ea47ef
11459,2025-06-10 19:23:29.577,2025-06-10 19:23:32.161,pro_Bo4cmjWiH2YNr3r9RhD9Fh,ken_app_prod,3253842008826f08464a7b06e4bfe913fcef76728a9c4ed8eaa77f81f3ab9dee
11460,2025-06-10 19:23:35.968,2025-06-10 19:23:39.402,pro_PYSdHnUf4ofPSJnHVUcuJT,ken_app_prod,baa8e83d677cd372ea3417dcabb634dd9ba5e6bc95a85462338c1d091d0c75ba
11461,2025-06-10 19:23:42.601,2025-06-10 19:23:44.787,pro_8ccMveyXdig3W9dW6o6RaP,ken_app_prod,91d893d3fb68d804047569865108ecd83725bf54d0b9c8d5054aaa7d0b526a14
11462,2025-06-10 19:23:45.843,2025-06-10 19:23:49.886,pro_NrutmwxXdmyL7V4fEhSaD6,ken_app_prod,4275e7f31975c3257dd0c267ad1e4b88d460750810d4270aa3b33c0867045855
11463,2025-06-10 19:23:51.976,2025-06-10 19:23:56.076,pro_iLvmdHimnaYKRBpWaPyqV,ken_app_prod,b90a4bf25d7035326af0013dbafe6e0ca749353fe40807259b0f71350ff3ecce
11464,2025-06-10 19:23:58.753,2025-06-10 19:24:02.314,pro_MpgpiYFhjX1nwJWjCFv8Jj,ken_app_prod,6e1bc9c9c9325b3f300728b7b5550279cf0bb515e56f6898a385c154e37eda32
11465,2025-06-10 19:24:04.269,2025-06-10 19:24:07.302,pro_5ZAUg1EAFf3N47XDSmRwMw,ken_app_prod,39e5ad51ca4cb73452f6aa8b1383f2f47e72a0aa92bef4bf1cb1c0aae1d5005e
11466,2025-06-10 19:24:09.360,2025-06-10 19:24:13.895,pro_QGQt7dthfGSL3XxnCFbcTZ,ken_app_prod,2faf34ca0ec95fc24c1eff275c82c7730c745e630cccb5319029b58a2971c4c2
11467,2025-06-10 19:24:16.153,2025-06-10 19:24:20.855,pro_BpN1TkfEWnF4R5hxb6697h,ken_app_prod,a0bac5de608500f93aad96e53813d4028e095d7ebaa73ad1fae29a15f5e96560
11469,2025-06-10 19:24:24.536,2025-06-10 19:24:28.630,pro_QsMmECT3WLgK8xRstNxFFg,ken_app_prod,36e2772d6fdcc6d95e1536413298c05a8051c308af32c9ad8fb78f15ee8a737f
11470,2025-06-10 19:24:32.727,2025-06-10 19:24:35.842,pro_7mNxkybkTF6tgk6jCinMCa,ken_app_prod,569183b3ad3b6ec9b572b0baacd2b69fbf187a00b731ebdc45683bf3ad73cda0
11471,2025-06-10 19:24:39.159,2025-06-10 19:24:43.125,pro_53MJC5xcSQFizXw66QaZ6r,ken_app_prod,2650ba62e7698596d95f59cc8095e8f7267ba27ecc429de02f9f528b4ee9adb3
11472,2025-06-10 19:24:45.820,2025-06-10 19:24:49.893,pro_57WBu9ryUXEq75bi1o8joP,ken_app_prod,c4f71aa3a75394dd4c32bbc059e6146332b84683814d483c16987e3bd8726cc1
11473,2025-06-10 19:24:52.564,2025-06-10 19:24:55.996,pro_UtU8kob6T54ypqN3CuUVdH,ken_app_prod,5d6a2c6017fb0b001492325a74b20f642d7cc553815e4cb14df90e07bf837ecf
11474,2025-06-10 19:25:00.517,2025-06-10 19:25:04.650,pro_SwUZEPyMUUQueSB4zQsaRc,ken_app_prod,6651b27bd4767c62b513d32c2a65456d2bc3806d0d4eeb666bf7149c7d499796
11475,2025-06-10 19:25:07.996,2025-06-10 19:25:11.518,pro_W9iGFhZLwbdys8VmsH5Bq8,ken_app_prod,58e8e018108dc4809b62f292b2dff3c2b384b352a134aaa4880c82b6a85d9e0f
11476,2025-06-10 19:25:15.629,2025-06-10 19:25:20.110,pro_Ku1i4qD6YgjCQRSYxwZmto,ken_app_prod,915c7a79e916829cc8f3403f022196ed40cc952e9f7953d1278f9b575f0e5e6d
11477,2025-06-10 19:25:23.066,2025-06-10 19:25:26.519,pro_xYxuAtmnUGjertY2rn8Pf,ken_app_prod,d876ddcdbc992fb2026e36fe86b3e59abfcee54acf63e81a2cfcb189445cc4d8
11478,2025-06-10 19:25:30.282,2025-06-10 19:25:34.371,pro_KWDFBnbHha2yEG5Kds7fB9,ken_app_prod,8035f9ef9f075dbc96e540a86342563a46ce1207c3e7084830a0e71d00867d54
11479,2025-06-10 19:25:37.110,2025-06-10 19:25:40.626,pro_5AKhLamaYCNhQ76nnMPbfL,ken_app_prod,88794e6723d5b7941ad9bebc020788dca43c75a1d4f7264697baca6379ee839d
11480,2025-06-10 19:25:44.352,2025-06-10 19:25:49.102,pro_EHw6K7mXU3zEZ98Nvnu6W8,ken_app_prod,1932bb8c8dbf2bf7fc9a3f7cc1423a249ffcff71053c860ce68f1d735e47ed99
11481,2025-06-10 19:25:52.382,2025-06-10 19:25:57.367,pro_JwjjbLzEmhDPj3eTLqoCKq,ken_app_prod,5e7bc30bfc040c735760a1f37a07702a2556f9576191931467c8f9db98cc9548
11482,2025-06-10 19:26:00.757,2025-06-10 19:26:03.195,pro_FAsecm7fqWY2jFuSfjP7PX,ken_app_prod,c657d40e7c7f04ab08cb268cd954c017ea764c064e8481c09e90775940d09cad
11483,2025-06-10 19:26:08.895,2025-06-10 19:26:13.586,pro_DFQ7UyxxarEtjtxx38rnPb,ken_app_prod,5131cfe35ef1f45cf4c029d67995905d0a117de4e1ecaa5aa165ac26f23dcfbe
11484,2025-06-10 19:26:17.889,2025-06-10 19:26:21.708,pro_NhrcWdHpG9PS9D95eK1a8P,ken_app_prod,05feaa2a941655682de3ae8e22ee14a0d9f9d3f644ad5affb07df8f194760b06
11485,2025-06-10 19:26:26.597,2025-06-10 19:26:31.980,pro_AkEK1NmFcU9c39BWSmJu3X,ken_app_prod,2ce4a78295a5b1799da879035cd39d9275e75326337a2ca4adc06671ada854d9
11486,2025-06-10 19:26:35.426,2025-06-10 19:26:39.543,pro_HkboXg7myP7qfsThjnVm6N,ken_app_prod,7968e134385e0622a0a51f4be42129273643b86b33984cc799ac9d93115fe3b9
11487,2025-06-10 19:26:44.011,2025-06-10 19:26:47.814,pro_NZ29cenaGEKVev89ozhWPP,ken_app_prod,72c3c4a4b70fd7b8dd3f8870f63c4b2dabac3a3b77e051dd749a255504cc2cf8
11488,2025-06-10 19:26:52.068,2025-06-10 19:26:55.624,pro_JLexauYnPvfXs7gvFtKZvG,ken_app_prod,15d697dd0025a42a3a71ffc28c3d3cff6559b0d898b2549a092e8be8ce6f1c0b
11489,2025-06-10 19:26:57.997,2025-06-10 19:27:02.617,pro_ChwsiUWe94REvHPd71J3Fr,ken_app_prod,cde4af48a4a00d8b16945b92d63ff5c520e1c09a0e9cfe06139081c1e1bbb3ec
11490,2025-06-10 19:27:05.029,2025-06-10 19:27:09.468,pro_YSjnrcDBHdUp2qf81RcN2d,ken_app_prod,209af0d77ec2402676f9200938802444d24caebba335ddcb1d9b4b86be09e2d5
11491,2025-06-10 19:27:12.535,2025-06-10 19:27:16.080,pro_UcTUxJBhbDBEUPaZmSYkcG,ken_app_prod,66e38d6a2c83d93d6dbdc845729054de86cf44c6e86194310004794c63694455
11492,2025-06-10 19:27:18.545,2025-06-10 19:27:23.227,pro_UQjtpbjiVUF98X5ngv2fff,ken_app_prod,7aef1d9f2e3a1bc28d91bf9480264233dd9c403742c67bc001c760d998d08a76
11493,2025-06-10 19:27:26.556,2025-06-10 19:27:31.244,pro_6Q8haHTEfeCFxJpumFwT1E,ken_app_prod,0313cc5ecf210aa59f2e84a4e0e59b6a2ed7f4a8c1fc343501b5bf339e8f0a82
11494,2025-06-10 19:27:34.749,2025-06-10 19:27:38.387,pro_AQjHEsRvyH4bKV6Zz5kiZX,ken_app_prod,1c388aea7f657537d08a6696250e8a0d12fc938753f8088708fa42d56e646bad
11495,2025-06-10 19:27:40.966,2025-06-10 19:27:43.739,pro_MrAFPN79PjfsY2HFZXV6Fk,ken_app_prod,46826bcdcc8edc206f64ff8520a62b65dd0854ccb2d03d6c0c3425fda6d088c1
11496,2025-06-10 19:27:47.669,2025-06-10 19:27:51.848,pro_T4JMieotheWzK2wQuKG63k,ken_app_prod,2830c1a2c243bcd8459118b48c6d5c49f4e22e3da2c96e1ac3a928ab0c949627
11497,2025-06-10 19:27:54.504,2025-06-10 19:27:58.079,pro_NS94bUirkZ4bw8aocrYh48,ken_app_prod,2301cfd50181bf32476686acca3f52715a351cd2aca6d695f80245863f8ef1be
11498,2025-06-10 19:28:02.387,2025-06-10 19:28:05.863,pro_BQcMrRLSZUb7SRjarpEwwm,ken_app_prod,3278c0b4a82f8baa5cfeb062757e794de07e3f0542cc0b75a0045f2988436192
11499,2025-06-10 19:28:08.593,2025-06-10 19:28:12.382,pro_25vge8Gx31SaR73SbYnMwU,ken_app_prod,e7a2df9e56c8df91ef174fb4b214a94e634fe9d090ff7336096d0f20a528aa0a
115,2020-07-26 03:11:24.071,2024-02-07 20:40:28.366,pro_HKLpWSjsAomd1zQus23S2u,ken_app_prod,30408967fbdb806679b83ae510e927627b1a451d96b5e1fea5b3ed7baf6eb864
11500,2025-06-10 19:28:14.114,2025-06-10 19:28:18.755,pro_Xhz5FRQUMCygwVS6xfdzcP,ken_app_prod,faa06528c73de162475437dcad996f96d52c0e48835103700381f59a29915429
11501,2025-06-10 19:28:20.897,2025-06-10 19:28:24.091,pro_XqZKyTEmE6x7uvFmyHESKz,ken_app_prod,b321b99893319d15f0619b55da67b08caa4311ebdca0dc151382bb5a0fe13d53
11502,2025-06-10 19:28:25.790,2025-06-10 19:28:30.582,pro_ABCEtgn3PhdNKWZx7ceV7,ken_app_prod,7b047c53f99e355ca44d71c3fd3f04779e27645717f7655662c8c47fdfe0eaa0
11503,2025-06-10 19:28:34.193,2025-06-10 19:28:38.716,pro_4MMVQn15wzhtADtuXPLgyt,ken_app_prod,7df38c38adb3ea1430764eecdec8cc75f86c3b6a3d42f5638a32d125555ab887
11504,2025-06-10 19:28:41.018,2025-06-10 19:28:44.906,pro_8q1QwaNxQu7EhwdVFuimji,ken_app_prod,3421d1bcf1d89c8e681ef8267c868d7a550510d2eadd61f162e55ad2d305af79
11505,2025-06-10 19:28:48.270,2025-06-10 19:28:52.513,pro_HWSseEHWxmYt82SRZRk8Xf,ken_app_prod,665624c0ff1ab5bd9a0a38de53f16fa15fe7567914e22f8419cf978044f4c69f
11506,2025-06-10 19:28:54.821,2025-06-10 19:28:58.602,pro_Tqjzp6Wsy11THLyQWbzcN1,ken_app_prod,4f4fe80bf1c91719126d62a0c31ec32d197b33a9b23672305ba6b25b7888c552
11507,2025-06-10 19:29:00.755,2025-06-10 19:29:05.457,pro_672XLEFVBxeFX5J91Q9mk5,ken_app_prod,ed5071d42d9537d9a2ef8c19e4a9c3182543101e884ca48f42b6442956ea47bb
11508,2025-06-10 19:29:06.746,2025-06-10 19:29:09.173,pro_XkQmVQDo398vbkyeM58PG2,ken_app_prod,fbd67f40d6c736512e358a7a78f8db1b97830b286700eb8f4fa0c377e42ba99f
11509,2025-06-10 19:29:12.382,2025-06-10 19:29:17.091,pro_L6n4zFa9WTeykhthyKFBjC,ken_app_prod,756d7cc1b0db7fd24be02cdca1ef71774887e36e1ea5eafa5088dc8a31d85288
11510,2025-06-10 19:29:19.433,2025-06-10 19:29:22.437,pro_VuCSHB6eDihG84xNb1UX5e,ken_app_prod,09226f8e5d0d2574f87dbc68637e33fa411a4a7d167a03aa01a27105a85da17f
11511,2025-06-10 19:29:25.173,2025-06-10 19:29:27.027,pro_F1sWnhUrKuN9cYhbK48Rkr,ken_app_prod,0dd4761d934ae6e48a40c6c987607add89c871288db958bde2d0abe8e6c0e2ea
11512,2025-06-10 19:29:30.472,2025-06-10 19:29:32.826,pro_23rQB6EB6xqtB66iBsZu3b,ken_app_prod,d9d160401b0bcd4b9db4a706a9745ab03d1c92a1726fa894f00ec2d08c523617
11513,2025-06-10 19:29:36.459,2025-06-10 19:29:39.409,pro_CLvoznS8CduCgU46J2uYXB,ken_app_prod,46845fa9edc4cbeea337ae6cba65037ff5797c7d5bf081cabbbbaf67ce76cdc6
11514,2025-06-10 19:29:41.385,2025-06-10 19:29:43.785,pro_38cPHMjDeGWsCnXRmhCyjz,ken_app_prod,2a6897de76277fa2ca20bf5dcac2d4248c1d2831dd060134ca2d0d5774195683
11515,2025-06-10 19:29:48.183,2025-06-10 19:29:51.804,pro_2X1yQjFLARhdJGyKVu3UK,ken_app_prod,c89c52472e47c94e90065360e48ab786c9a01f56b765b0570f870f194f741916
11516,2025-06-10 19:29:54.687,2025-06-10 19:29:59.015,pro_JGievbVCq1KFCvbw3JTNnt,ken_app_prod,d92d35dde1c3d98921a05465703af7c7e363c4265b83c5bb6605738e21f69929
11517,2025-06-10 19:30:01.322,2025-06-10 19:30:04.624,pro_GbSk14WmYtGGKeTHFGCn,ken_app_prod,828d6b84008839a2b953329fc096f8c2a7dac622aa1a63c7a2cd3886d1d44ccb
11518,2025-06-10 19:30:06.963,2025-06-10 19:30:09.561,pro_EgYADjKbfgUm7dVjUiCHyV,ken_app_prod,7a91b399f32aa7f995c60ead3e07f4e431bd1487502934db676bb569cf7c3be1
11519,2025-06-10 19:30:12.395,2025-06-10 19:30:15.965,pro_YT3Vk6CptGJyTMBHMRoPoZ,ken_app_prod,9946c6d46c8ac70ea4dee16faa7bb13efda2448572ff9c01f9174b0a0483ec48
1152,2020-07-26 03:18:14.060,2024-01-29 20:41:42.832,pro_XsSqpXxi4HfwYyCYrjTrEM,ken_app_prod,e85c9be81833f599951de5ec29f564f43edc5aff0725668ccf2545aa3c1a2c19
11520,2025-06-10 19:30:17.892,2025-06-10 19:30:20.214,pro_FLDuXGXaRUsVyJEK6tdv8y,ken_app_prod,207d7bd38860532485ee65d109c6b6fb2d4da9842035ab1e199ed68ed354a0a6
11521,2025-06-10 19:30:21.294,2025-06-10 19:30:23.619,pro_BmJFDystPBNv8AmDQp2Dab,ken_app_prod,7ca15f0c8ba88b1ecaaa726731b285b032ad32b116731f7969b1c20e82b6cfde
11522,2025-06-10 19:30:26.385,2025-06-10 19:30:31.233,pro_EBJ7p9fTb3RTpq3eDNwCkL,ken_app_prod,e959ed8eb6ce1d5999a4e5e87ffc7247eda6b99b55a94f4285f0e7e0f6277604
11523,2025-06-10 19:30:34.162,2025-06-10 19:30:37.913,pro_FSe3aMA3Gc369iJ4V8uHS5,ken_app_prod,2dc8206eec057bf060b4ce3e2063b7a47aa1dfa11cb86306fd99e93499fcb367
11524,2025-06-10 19:30:40.067,2025-06-10 19:30:43.968,pro_oYEeqFxjiiN6stuFyb4Vs,ken_app_prod,571fa0d79f466b908d75ffa50700bc20730e35bf1c568fb25eaae1a5fd1c7c28
11525,2025-06-10 19:30:46.141,2025-06-10 19:30:49.747,pro_KBRp46bJpTcLhrut2vWoN3,ken_app_prod,32b0420890f93ee4975b3576bc0a279f9f64fd422100253fc1a8761afdd5b3e1
11526,2025-06-10 19:30:52.117,2025-06-10 19:30:55.417,pro_3FR7yv5gNQfLSkgHKCHy4M,ken_app_prod,1dbff2e907ba90a8d4dd4262f8af4b4eb1ccd36c438d45a02802df7cc637ae1a
11527,2025-06-10 19:30:58.727,2025-06-10 19:31:02.307,pro_3wAvRoxkoK3yBRgU3om8oq,ken_app_prod,aaec62bb1a7ad8fca74648877ea166caa5359419bfc0edb500a27d2b0fc1aa5c
11528,2025-06-10 19:31:04.466,2025-06-10 19:31:08.584,pro_HJ5QhZYv65eygNDJyXhXas,ken_app_prod,4f9db5e421bddb03076dd3f55042f26ec2e88d00335de82e238995ed2704833b
11529,2025-06-10 19:31:11.556,2025-06-10 19:31:13.888,pro_8ab7aVDXMCY8YgNXiLwNj6,ken_app_prod,2698e7c325894b5e46a3dfaac1acef04c1425ffa02d4b399cfcf1c96755edde6
11530,2025-06-10 19:31:16.366,2025-06-10 19:31:19.814,pro_UeP2vZoyMT2Z78Q2yjWw1J,ken_app_prod,db31cd8ad32bc4a76f6d165fc311f0fbd5fcbb6bb9229177ec063ea1db912240
11531,2025-06-10 19:31:22.995,2025-06-10 19:31:27.953,pro_EqR65HHwQLdbBUfRiC1qL,ken_app_prod,6298d4da491b142b5220f812b2abadbe2cb722ea771da6f9fd5c0ceb1adcd41b
11532,2025-06-10 19:31:30.575,2025-06-10 19:31:33.969,pro_DH4bM9YNaHXmASqaoHwcPr,ken_app_prod,7eb6a31e57876a5b36755396bf6f0ade4789a27970a1b42b45ce216f1d49c848
11533,2025-06-10 19:31:36.335,2025-06-10 19:31:40.743,pro_Ahx2Yg2oVRczC6L2ZXLe6z,ken_app_prod,8034502eeab4f189a9a59d3a9a922f82f2f8251f717e9c4d0ff05b58a044064a
11535,2025-06-10 19:31:45.136,2025-06-10 19:31:47.468,pro_6aMdxMC2ZyzGcJL7GJXrfL,ken_app_prod,ae8896c94e086d27dcf11415a5a147d0d7c36ae8afe0ff1a324a64320d46fe31
11536,2025-06-10 19:31:50.088,2025-06-10 19:31:53.101,pro_4bko5zmow4MmRNfF1aLcU3,ken_app_prod,a82566a1c7ffe78d9ca3aaf6ca0afc4186e093e466fa50032ecd91661cc9bcae
11537,2025-06-10 19:31:57.817,2025-06-10 19:32:00.177,pro_Qu4bvAeYBD521aSs1yasu5,ken_app_prod,a21648819577aa074ed102529078bd0b45d4d553b149b5254205cdc8293237a6
11538,2025-06-10 19:32:04.213,2025-06-10 19:32:07.307,pro_UdujBxEiTnNvGuD7TT3mqX,ken_app_prod,0cf333f95732f40fe0261511cf620dd6b80a4bf3fdde52324426b0bec882b635
11539,2025-06-10 19:32:10.590,2025-06-10 19:32:14.139,pro_2LDichDrGRnvLxxeLqYNyX,ken_app_prod,0b8f265ff750bd163561ecad807f2bb33f8fcf6c6cbcd43d77c049b302f095c8
11540,2025-06-10 19:32:16.627,2025-06-10 19:32:19.758,pro_EiPs6TKgZWToSdwu6FLzYZ,ken_app_prod,d699738a3323db80b9d882c3ab2f549909b66c9ad09c4ff22146ee4cc04cbc7d
11541,2025-06-10 19:32:23.907,2025-06-10 19:32:27.089,pro_YW4QvRAo5PdhVEPCDDSxiF,ken_app_prod,b0133b37f58f3942625951c8ec69cd03430779c65d89eccf312b66020e5ee278
11542,2025-06-10 19:32:30.095,2025-06-10 19:32:34.614,pro_icNoRy7R4g9bLVWqSWGcC,ken_app_prod,7699ff143f77ff3074a0789c37cdb6992e0545f76be56d3060918b3fe945ac2c
11543,2025-06-10 19:32:36.726,2025-06-10 19:32:40.666,pro_XThpX6u77R2frNAwi5KaXZ,ken_app_prod,368986b457383730d85d812dbe2f257b44db21cf44e394fe827c211a4eda09b1
11544,2025-06-10 19:32:43.906,2025-06-10 19:32:47.259,pro_KTtt3shWAxUgdWP5uivnP5,ken_app_prod,54304b2e8ae00cbb8abcedbf36a9bfe746eaa69f3fec5dce9720500f1464ddec
11545,2025-06-10 19:32:50.608,2025-06-10 19:32:52.956,pro_WTnM9m41KEvU7CAcaAyUEd,ken_app_prod,58a07bb0f19d71cdfa97d0582b6b9ee61e099a2f2af813646e360865ee1a7c35
11546,2025-06-10 19:32:55.982,2025-06-10 19:32:59.524,pro_Uc2775huLPsDYHrfHRa8eJ,ken_app_prod,10fc49ba5005c20b4752a44e8fbe76d8f97cb22f3bcb2d8399721b2a625e0d35
11547,2025-06-10 19:33:02.576,2025-06-10 19:33:05.337,pro_6nfgYo4iS5BwbVrJmsuzW8,ken_app_prod,64ba5af9f16c199f38325bee3a4c6d44ea1564f8921c4bc40ec8aa75752966fc
11548,2025-06-10 19:33:08.124,2025-06-10 19:33:12.517,pro_4bF89vCtdETruqAsdDynMi,ken_app_prod,7fb4ec74402ae217f4eccdfed6f5d51d1c31117774af62567c2befe5728b37b9
1155,2020-07-26 03:18:14.800,2024-01-08 18:52:18.590,pro_4iQpRyEtXCPYW7YssuBm1P,ken_app_prod,f8dd0457453c414c4d772a90d14c52feb1a05fd05c730e1b62987f63b48a951c
11550,2025-06-10 19:33:16.179,2025-06-10 19:33:20.775,pro_S67Dt5pao6WbBy69FBTKo3,ken_app_prod,7efeac4e831f0bed840d7cee99429f5d2e0d8223164f02aa0e34bb9cec262490
11551,2025-06-10 19:33:23.474,2025-06-10 19:33:26.021,pro_QFtk2nQZN3rchoA1VPn2wL,ken_app_prod,f72ee344ef8bb781b6ad0d1226dca517725dda1f2c86e160661214444be4bbb2
11552,2025-06-10 19:33:28.444,2025-06-10 19:33:31.376,pro_AjnUL1k2PnkwGETTGFxp7z,ken_app_prod,a1bb7eb56b88b6a6e047ce80e57a036ba89ec030e761d3fb26a1cef65d78633e
11553,2025-06-10 19:33:34.666,2025-06-10 19:33:38.719,pro_5F3N4nRRHintcQ1xYYctsb,ken_app_prod,c5fdf5d55399df5733050ac3bed85a2d710c0c91a39623eed7e61099a00a6e92
11555,2025-06-10 19:33:42.814,2025-06-10 19:33:46.634,pro_9iwPYBnGPGK9yWGoT6tQGQ,ken_app_prod,46b7edc529c3875f404254580ac232d46122adad9b4de04179469e61fb92b85b
11556,2025-06-10 19:33:50.846,2025-06-10 19:33:53.017,pro_Q8SCNjvGbKDjoaCdEbN9Vf,ken_app_prod,0bde38baa3856f42a2a8d0748635ba8e26ce198c0e16125539b159af6808716c
11557,2025-06-10 19:33:55.923,2025-06-10 19:33:59.348,pro_CKjfaQDCTqhZbtsNYagQDz,ken_app_prod,f438ff1a5617919a0f8d0d4f31ba5ad1a6de3f4e25934b06074f9692e409cb2f
11558,2025-06-10 19:34:00.520,2025-06-10 19:34:03.648,pro_QmAVAcvSsWAckmGJ4X1DyJ,ken_app_prod,fb159e1962b1a0e19aa9d7162d0b2a7da2d6ee81ca844d1294b317117c53c442
11559,2025-06-10 19:34:06.442,2025-06-10 19:34:08.942,pro_3jxE2rGYR5PkJZiyLUfKnK,ken_app_prod,cd0dcf8d83212a5d2262c29ee22db524e6e35e8f959cb388b699d9729e17bd83
11560,2025-06-10 19:34:12.527,2025-06-10 19:34:16.272,pro_M6WAWVTHY9JWKoW937yzWL,ken_app_prod,24a8952d2032aa53f881675841370b1c203d53671d86e71954854e65b0a87eb3
11561,2025-06-10 19:34:19.239,2025-06-10 19:34:23.477,pro_8NDG3eKMAeX149hvzv61nR,ken_app_prod,bb34ccf4e53ed4788ce5ce611f35ce7fe7e5f189fcc0e977e5de0106eedf0560
11562,2025-06-10 19:34:26.205,2025-06-10 19:34:28.551,pro_3rKLt65zTMp8wXSUwrw7Jn,ken_app_prod,69fc3382a7f2d500916b7a47e429390a68d9446c8d57cf073d6607117d4453fb
11563,2025-06-10 19:34:31.060,2025-06-10 19:34:34.972,pro_KLYxWtVb4LX3jvjFa7sr3Y,ken_app_prod,477ff744d00b66122de2e9ff5957f962ab703d9a37a5c92d4a401691495996f6
11564,2025-06-10 19:34:37.415,2025-06-10 19:34:41.716,pro_TZwdgg8tf1N7AUWGJuBXw5,ken_app_prod,82e2ee7e8682959eef5932e1f62039a548c6bd12c1b71f7e01486e97d8b8427e
11565,2025-06-10 19:34:45.128,2025-06-10 19:34:48.759,pro_5x4xR2NPXbNqFmcrW1ACdX,ken_app_prod,3ef3c48fcf03ba2cea8ca40883be424172e35c7bcc5c42f9a1b9dfac4c4603bb
11566,2025-06-10 19:34:51.330,2025-06-10 19:34:55.082,pro_JLx6naHuFTaDmjVw3bL32t,ken_app_prod,7a232a172431938efe694a63333bc9ae41d176747c6cf58707d3190649101115
11567,2025-06-10 19:34:57.885,2025-06-10 19:35:02.494,pro_LgBqxfeXeddaLpd2dz364s,ken_app_prod,19d7e692ad44cd70e6d52cb0ebfff6414170b17e735c0a1ee898eb86cb797869
11568,2025-06-10 19:35:04.553,2025-06-10 19:35:08.570,pro_B1C3SwEhThPaLrPB8JJeqi,ken_app_prod,2a3a642c83979711be583f4f0b3855bac482c91b01a26bb77dcb2987a3729c9f
11569,2025-06-10 19:35:10.709,2025-06-10 19:35:15.077,pro_SVyi61stfU4eHkpKtW8ssg,ken_app_prod,8bb387b26de337261c9621973d708db55f88c969057c3c259213ead8f3b7a5c3
1157,2020-07-26 03:18:15.267,2024-01-19 13:57:51.173,pro_RNiXt32vBnqqEBmeUXr81g,ken_app_prod,7e934d1782be74c69e2d5cb451f2754a67c190a1643994069516815eff2e4ae0
11570,2025-06-10 19:35:17.436,2025-06-10 19:35:21.739,pro_VcVPVLMNoQL6uPgbYXpTQZ,ken_app_prod,ff4902cdd3d0cd8f9a47608b7f7cd67efb824421da4f433a548c654e87b73b89
11571,2025-06-10 19:35:23.605,2025-06-10 19:35:27.113,pro_DJBKLkFqBUjXuz2koDcvho,ken_app_prod,f5c7d98668d43280bb8ae266be8c61d8f7ce6b8e99912cbb245cb9d32ce64745
11572,2025-06-10 19:35:29.846,2025-06-10 19:35:34.624,pro_MTHxm9uNdcv4FhqRa1r7Mb,ken_app_prod,be8dd11e76fde9755a5044b6b1c0746b37e3b8ee407d7cc13dfa6cc3271fa3e3
11573,2025-06-10 19:35:36.898,2025-06-10 19:35:40.130,pro_HkuzA37MUc1yM6Sd41b2Bx,ken_app_prod,d4e795eb345cf04f7dafbcfbec05d7f10363b4676fb7590b80dadd1f23dd31c9
11574,2025-06-10 19:35:43.550,2025-06-10 19:35:46.667,pro_6a1EBdgR3LLaFTTaQGMWy4,ken_app_prod,6e1ff2702797c311d9ebfb58a4e8f629d356166458fa6710abbeb81f56b80f23
11575,2025-06-10 19:35:50.274,2025-06-10 19:35:52.630,pro_PQaJ2LF8tKR6tFgc7ov7QR,ken_app_prod,20909fc101388a11608ad03d2074846bf5feceb3022f01395cf5f307084f2db1
11576,2025-06-10 19:35:57.779,2025-06-10 19:36:01.915,pro_hFRWhYNgm8oNVMKDZb3z8,ken_app_prod,39fe5900265e8b5bc2ffc1423dc07489067459856c145cf027e7751a37bb26ad
11577,2025-06-10 19:36:04.431,2025-06-10 19:36:08.436,pro_ACd4yTuDVCxwjH3u6aEpNh,ken_app_prod,6fe38f962fdd0a71c4b4623ef9b57f73782830ee082f4acfbfed597c014b061e
11578,2025-06-10 19:36:12.274,2025-06-10 19:36:15.855,pro_KGsz4wgmzpX8YwkmXWqsg6,ken_app_prod,0a4d154b9d4a461318bed13077fc9fd797783b3f82c27c494c02fcc903bf120f
11579,2025-06-10 19:36:19.200,2025-06-10 19:36:21.752,pro_2vj1TGyopnJjkH1btyV7bX,ken_app_prod,8cd1a155fc7ec9b1498cfb4c7f0cc86840b546b7cc6068a1d1034310b0ce62ea
11580,2025-06-10 19:36:24.514,2025-06-10 19:36:28.901,pro_FTWsUutNsHYzhaWy1SU4ee,ken_app_prod,ca8e8f883820b36a020d029215d802bcfbff64ad4b88f3041efccf3e5e8caadc
11581,2025-06-10 19:36:31.010,2025-06-10 19:36:34.819,pro_FCVMHeqkH4Ver5RD5Vwhfu,ken_app_prod,edc7e2dc379a94f11b759671750d173f8386bfdcc6be1a614573042fe69853e3
11582,2025-06-10 19:36:38.032,2025-06-10 19:36:41.702,pro_XT7QDWvLoKFzgRjCBk2isU,ken_app_prod,7537c7ff210a73a1c59a6eb514139443fb981742eb32c1409d64a04b016903d0
11583,2025-06-10 19:36:44.037,2025-06-10 19:36:47.847,pro_GqG7P7E5XBmJp61uKFmQMZ,ken_app_prod,0c8ec94fe48ce50d8b91a3563e2d249c8101eff055f405e2e18835a410716233
11584,2025-06-10 19:36:50.464,2025-06-10 19:36:54.918,pro_Nq7xspBSZD1a7zMc2JasXZ,ken_app_prod,90fa034445bcc4e560881d5cd6260f85116de5309f703e6a3621f7804c15ea30
11585,2025-06-10 19:36:57.642,2025-06-10 19:37:01.680,pro_AUcuu6o5PwEv6Et2gtye7q,ken_app_prod,ba7a3ed4e9901da943397d0afbb1b4aec97fa9d064aa874ba6cdfdaf76b90097
11586,2025-06-10 19:37:04.660,2025-06-10 19:37:08.804,pro_V2md4KMjeCh5ev7UFR97tB,ken_app_prod,eb27d34132f18496dc4d66a7b195d42264bf009ae99c1aa3134c12d40acf662a
11587,2025-06-10 19:37:10.488,2025-06-10 19:37:14.206,pro_ECR5HtCx4sVgztKdSAFivV,ken_app_prod,91f0f84bff2a4d92ca486dc0eeaea99f8895c79027e84967087e53676854c980
11588,2025-06-10 19:37:16.905,2025-06-10 19:37:20.333,pro_XwVtKBcotcmYXNGoYWaRqY,ken_app_prod,48dd328dd8d2b8096cdd54dc22c13d1cdb129efc4b0bd0608baa7d4ab498f57f
11589,2025-06-10 19:37:22.688,2025-06-10 19:37:26.778,pro_QFKKnx332AYJwdVRzRprKo,ken_app_prod,c040a0d3ce34359ba6e8927746d79494e67d6fe54b7d2d50ac335433ee795374
11590,2025-06-10 19:37:28.776,2025-06-10 19:37:32.819,pro_XxcfKTJEFo9PbJt1tuiHQH,ken_app_prod,596a72b6a7502bcf679c2aea4428cb40861481a98615de9c44ebeb5e1967f754
11591,2025-06-10 19:37:35.491,2025-06-10 19:37:37.988,pro_Fs8mcnd3FaJjpKrQaNZ3q2,ken_app_prod,f98630ecb9ed209139201e953f09525a75b6215cf5a0ca736b40f555477b14e5
11592,2025-06-10 19:37:41.474,2025-06-10 19:37:46.046,pro_WvLVJQScCyVLNf34asLw3X,ken_app_prod,59a6160320748628a559ed7690a9a02090c0a5d5f1f6e3a7d90e12b0cc96b090
11593,2025-06-10 19:37:48.512,2025-06-10 19:37:52.467,pro_EEiLLSdwE6owDpEEBBNBxc,ken_app_prod,5c74ad531a702fa8873b8da210f58e617868bb45c65fdfce0a091bdeee14d543
11594,2025-06-10 19:37:55.744,2025-06-10 19:38:00.486,pro_J6V76d5ZkEusUwtiB4YxCG,ken_app_prod,ca2946b4d316a019bfee1ff1159be811ba662807212a4b7fdce322f0e788c761
11595,2025-06-10 19:38:03.844,2025-06-10 19:38:09.156,pro_7caTbY9v9up5ivyt1Gd4bX,ken_app_prod,4fa33ab1f49ca5dc6e052a497632027fee2cc6992d3e07c76abfd02cbb5f8760
11596,2025-06-10 19:38:11.872,2025-06-10 19:38:16.081,pro_3tNwFWQkAsw27KDpDfbSae,ken_app_prod,d3b8c20d7f5cb5217910636ce71b9a09d837a56346ac2224e721c7a815a3e338
11597,2025-06-10 19:38:18.692,2025-06-10 19:38:22.618,pro_HFzh5cQi7fRBsoK6PfzfLU,ken_app_prod,fa4fa4a077b8676a60020e7c0a06f91af8d62940c788023c6269775584b526a7
11598,2025-06-10 19:38:25.515,2025-06-10 19:38:28.789,pro_5mnxnSt4cKoTcq2FzVEoLC,ken_app_prod,3d729476656e41c37036ada8e51da2dabe6a6f76606f23f91d01ef9f03721d2b
11599,2025-06-10 19:38:31.424,2025-06-10 19:38:36.090,pro_HJoDziCEvXSY1ubQDiQ8HJ,ken_app_prod,ea6018131c58437cf8c69d592777e146b9d4184b7288fb9746f9d77f54b865c8
116,2020-07-26 03:11:24.414,2023-12-28 20:01:02.309,pro_689QZLR7Sbr85TXB4boaDt,ken_app_prod,ff8c87f0b51b2c0d5bb2b4fee5e08dd62ef3bb6bb664f6ddb06ec8f0aec438e2
1160,2020-07-26 03:18:15.952,2024-01-16 21:32:21.598,pro_NE1ds44t6VnDobXcQ6Tc5V,ken_app_prod,1b8dcddd718be9d3d2b4b40a573b3da2871d2044aaa697a25b7f79313b7dcd3a
11600,2025-06-10 19:38:38.388,2025-06-10 19:38:40.461,pro_PS1MMvMfe9BJ2yDxhp1F6s,ken_app_prod,9e7dc966e0858b8ea75230aea142c571749ab37b8fb851992687bc5c9bcd3cf2
11601,2025-06-10 19:38:43.459,2025-06-10 19:38:46.423,pro_EjWNQTxyMCqXX2Aq7HiNXp,ken_app_prod,033e6cd9749d4d15c26cc7cc3ec9ccc7aa0de7a2f470decae49bafe55ef20fb1
11603,2025-06-10 19:38:51.982,2025-06-10 19:38:54.830,pro_31q1hxUuT2bFPz2Vr2CLuY,ken_app_prod,8b8536b349acc07a8af3397960b2f755117f01c4855c52691aa2a1d6a7c9c93f
11604,2025-06-10 19:38:56.051,2025-06-10 19:38:58.678,pro_Luifs97C4DRzpx9VDnK7C7,ken_app_prod,b95c136f5de75a9e4f0953a4208d592502ed1a1d812d7bab53626314bd1c19cb
11605,2025-06-10 19:39:02.976,2025-06-10 19:39:05.354,pro_UpZZTMvkA6kwHTfxRkiauz,ken_app_prod,79920e61f517163926c483c93d75c5e21dac900b1461079b5b02e3ae902b9763
11606,2025-06-10 19:39:08.817,2025-06-10 19:39:13.621,pro_4Gpcj3sbY4DZVA6wwYQt1p,ken_app_prod,25baac46d4ce0b86c49367861a98b420cc2bb2c12d59b93cfc8ff4b4d64f3051
11607,2025-06-10 19:39:15.260,2025-06-10 19:39:18.226,pro_XUtC2rmbddr6epHvJyQWai,ken_app_prod,938d7db067e97971819d5b1dbd680689253988f6d6a9337105355a2b8e91cc10
11608,2025-06-10 19:39:21.538,2025-06-10 19:39:24.581,pro_U18qe18Ryq8VAd5GkiVY3o,ken_app_prod,75b54573440590e152813cb05d30913087a0955f69111cd9143b8351d4bf10b0
11609,2025-06-10 19:39:26.806,2025-06-10 19:39:30.259,pro_N81nzjWTxqZWJUMxvD8UJS,ken_app_prod,5fc9fb20ba0b86cfe4052b5fd019556a4a8fc9b53e5afc7dfed69a238ff6b4b2
11610,2025-06-10 19:39:33.259,2025-06-10 19:39:37.641,pro_5dXbuJpBPmGAhzTt9aZZSn,ken_app_prod,880fbd4796d22983415403217aa662bd50d889541f714ab68bd728a9b264f689
11613,2025-06-10 19:39:44.660,2025-06-10 19:39:48.156,pro_RJXgMhS686VdJDfpTGEMwF,ken_app_prod,9df67bfa21b0efcf87ce0ef0d58b7bb3d2ec95a72752bb921e92c1cee6fbfcdb
11614,2025-06-10 19:39:52.391,2025-06-10 19:39:56.268,pro_3Lgdk1Vzfjp78yk8jcut6t,ken_app_prod,3a0503e27238412e2572c7055765b62212932abb2297df325125234c6a5a4dc1
11615,2025-06-10 19:39:57.393,2025-06-10 19:40:01.075,pro_6GhNsDMbJForc5eTSFnVnW,ken_app_prod,312c257cb768de45192a7225a8801a461ab71cb1c4f5c03a3edc477beb695afe
11616,2025-06-10 19:40:03.731,2025-06-10 19:40:07.433,pro_74ysrgu7DADcoNpF76FVaW,ken_app_prod,b1bee3004040213f6adbe3f96fce5b4115d995efcfe1441c4da640fbf5347c42
11617,2025-06-10 19:40:10.127,2025-06-10 19:40:13.231,pro_SqxjEX4ns7haqwcTk5GYzM,ken_app_prod,64e8040c9503f9a6a46b156d160a5b5400410f0c454b2bca07390cab70942b8d
11618,2025-06-10 19:40:15.415,2025-06-10 19:40:17.748,pro_C6DwVAXzdPuNj6eHuHPCbw,ken_app_prod,9ee2de738598e422c481eb39421b43f337c66fb07d14e95011a63fa7f4eddf8b
11619,2025-06-10 19:40:21.776,2025-06-10 19:40:25.983,pro_Du63MYW4Uu6vUwnB3BvJ41,ken_app_prod,a3a997268d9f188fe3a5543ab656832a9f76b1e386f34b793a98d13e1b825697
11620,2025-06-10 19:40:28.430,2025-06-10 19:40:31.932,pro_V7uhTE2gVrt6fduwEnzQ27,ken_app_prod,36d77d2b6c3f7234d6426d06c6d4ad17a7210be949ea78498e4f35022b122722
11621,2025-06-10 19:40:34.559,2025-06-10 19:40:38.689,pro_EzBfDYKkyEoTkstPThWUsU,ken_app_prod,4e37a346300a815a441e55a92c42c17d4ffb4f492110d9d66660eb138e08b82b
11622,2025-06-10 19:40:41.577,2025-06-10 19:40:45.864,pro_Fn2NhLtTakPsfDotWa74G2,ken_app_prod,921215032a11e900bdde6c87a91a4b56c1aeb40e353ff8e5d38310deea95af8f
11623,2025-06-10 19:40:47.973,2025-06-10 19:40:52.490,pro_9b9j8rR9C7HvkdhAMVeRm6,ken_app_prod,210b3a32232a7d9975fe521c5aa63b5c60eb431376453f5cbebf3ed2ecefb405
11624,2025-06-10 19:40:54.819,2025-06-10 19:40:58.482,pro_RjTBdscAqGkX4kuBPUCsop,ken_app_prod,11d34edf23b47cebb4dc8cb38659448bd2291fcffb83c0b6288b9f1485a22067
11625,2025-06-10 19:41:01.343,2025-06-10 19:41:03.709,pro_KpaTA2d1DerQdgWDiJHhCD,ken_app_prod,6087dbcd9e53bd9c9ab27fe67dc4b196ff650ef1f2c651ead3ffe8f746584e52
11626,2025-06-10 19:41:07.529,2025-06-10 19:41:11.451,pro_QY7KnUF2iTJcxps9jbPmyg,ken_app_prod,1bb349d856b07ca46a7cf36efb0234a6d351ac889424dabbb73e7a11bbfbf567
11627,2025-06-10 19:41:14.884,2025-06-10 19:41:17.906,pro_Jbb1VR8J7LzVtjssY3ktPS,ken_app_prod,5666f18c31e7469c2d35b2aa55911660463d1d6398ceae0955e3322dd1bad17c
11628,2025-06-10 19:41:21.126,2025-06-10 19:41:24.584,pro_WSdERTDt2QmeRGoZejor4y,ken_app_prod,033f7ac05161daa3a4015743a0279cd835e155f14f2b3264a52989679372ca78
11629,2025-06-10 19:41:27.846,2025-06-10 19:41:32.085,pro_GqhkJeNqtiPpoW7S61P2fA,ken_app_prod,09accd4688c937673a9f0a7a96f339d446f38e3678b271094ba78b3dac6c89b0
11630,2025-06-10 19:41:34.868,2025-06-10 19:41:38.734,pro_Xkofx2kTSKSngsmkeEGr1b,ken_app_prod,bb6e721c9632de634cfd60a6c13fd8f16083625db5739d2f16d7ad88e2375043
11631,2025-06-10 19:41:41.452,2025-06-10 19:41:45.271,pro_LNwnKRNYh1sihgH7Vcy6qo,ken_app_prod,2f18ce6fc7dc50e30389bc158bd181417046b34f524ef6e4812a12641f99d6cb
11632,2025-06-10 19:41:49.341,2025-06-10 19:41:53.719,pro_SjcyFoNvphGCDEpysyCFKW,ken_app_prod,8123e3333a7c2a2423ce460072e95eea294de496c2bec08fca5b8641b315a37e
11633,2025-06-10 19:41:56.534,2025-06-10 19:41:59.425,pro_CqadjEfUvd3E6SEtCsv4xR,ken_app_prod,2bcbf8cd2490e12a20a68ec84a689cf3578e2f4b1d1c043dfb44d721fad06eed
11634,2025-06-10 19:42:02.592,2025-06-10 19:42:06.365,pro_7bMxDYATS9U5wEJzLzxTh4,ken_app_prod,ac5c8cd61c715b06f4996d52f27bf9a91726cf875aeeb84490abff49f4d85082
11635,2025-06-10 19:42:08.465,2025-06-10 19:42:11.786,pro_ChTFafLaEdkT8aCqXT96t,ken_app_prod,f6c6c3fba190e0f417c1d2f7b8a59e74f7fdf91ed59c2eb70df10dc966a11cd9
11636,2025-06-10 19:42:15.068,2025-06-10 19:42:19.491,pro_BEEcJ7y5rPLrXGp2z3M6Ny,ken_app_prod,7adbbc02da9349f4f6ac89a2d45e4bdeacb99e225907d864d924e4e41e3b1dc4
11637,2025-06-10 19:42:21.611,2025-06-10 19:42:23.981,pro_VauWJZLcRmdMYdd3MXR4Xq,ken_app_prod,e8e3b8a14377f48475802a5f02a9f8d7be60eac4cb803e3c59526d95095a6464
11638,2025-06-10 19:42:28.750,2025-06-10 19:42:31.819,pro_6ZSu6DwxQki7U769tohwmb,ken_app_prod,a70ebf8e5b11026cba055f1c4f2efd32db7f2cd19071f97d496d1ec7686bbd5b
11639,2025-06-10 19:42:34.236,2025-06-10 19:42:37.464,pro_8m2jKpM8cVw9hqHgxQ5Mda,ken_app_prod,66121cbdeac670fbbf7da2f983455ad51e103e2e9170237e4638d15ca1de1dcc
11641,2025-06-10 19:42:40.718,2025-06-10 19:42:44.927,pro_YUUvC2jBxn4CBtnHU1T8XR,ken_app_prod,247b134aa8b7a054d01cabdce50a1491d69c2641d9ceee8ca8e1ed20076a358e
11642,2025-06-10 19:42:46.034,2025-06-10 19:42:50.427,pro_eZBKQQjiF6fD9mJUMEmXh,ken_app_prod,2afe98873aeab788e80b40089b39698c0fe48cedfb83dcbf6bb9663cd7ba515b
11643,2025-06-10 19:42:53.224,2025-06-10 19:42:57.155,pro_PiRXSGpoPRbx9dHuvU8j8r,ken_app_prod,4ac1bfbbc5881038379682cb7b7d17024cbdec17e528e8e1eb78e42bf3234e60
11644,2025-06-10 19:42:59.751,2025-06-10 19:43:03.054,pro_XnXaWRWmULfxLcRP4gV6NS,ken_app_prod,b24f4346c4088f3b95aa62845ef1eac6becd5d6869cbf87ce9c2de2d909e1574
11645,2025-06-10 19:43:07.355,2025-06-10 19:43:11.170,pro_5aJQRT1Yzd9C5G7mmNcWsk,ken_app_prod,6f61740bc672897b3f75eef7642f5b7b08e3826f8ea894e8411db39ae195e1da
11646,2025-06-10 19:43:13.359,2025-06-10 19:43:16.916,pro_EbP8iNBhSTeMwX8jE5BMdS,ken_app_prod,7c2310e14292c2a2e4ebc6f56e29cf4021ae74c1b95b5cdf3378ee5c111f4999
11647,2025-06-10 19:43:19.731,2025-06-10 19:43:22.348,pro_Rh6Z8RKEwSXiDhgCNH1r5f,ken_app_prod,1e1e2b28408f9f81b09657b54c2c1817986e38bd17c7fbdabcbf98c9de492646
11648,2025-06-10 19:43:25.771,2025-06-10 19:43:27.786,pro_Je2og16cH8iYKX3ntVpb6J,ken_app_prod,78721903e8f19d98312aaf2e0e74d684ed661cf34a0f26afa4ce03eb0fdb1eda
11649,2025-06-10 19:43:30.299,2025-06-10 19:43:33.939,pro_2YnbJ6fbmLhQh6jXxJLyyV,ken_app_prod,b6371390d25c7dfc3e41e848d7c774d73cdf825d13d06d9ba0697a79b3b3863e
1165,2020-07-26 03:18:17.135,2024-01-02 15:45:10.917,pro_R765bcJPsNQmNVbApijNrh,ken_app_prod,8786b1be9ec9db62c6ba8aa345393ee6b1653dbfd6335a37a405da1227976625
11650,2025-06-10 19:43:36.717,2025-06-10 19:43:38.994,pro_H6SxabhzxkP8SUbds7iUmp,ken_app_prod,4fcda9935774cb93239a2c71b44de0ba5cca102806f24f4dcbc7bb8df82cef5b
11652,2025-06-10 19:43:44.114,2025-06-10 19:43:48.531,pro_C1c3JWuW5RMtZsK2ZFaVFs,ken_app_prod,5809345aff986c2ec94d3ac5b1a1c61ae70aa42330cb29a55ea73032a288d7fb
11653,2025-06-10 19:43:51.193,2025-06-10 19:43:54.839,pro_Pgf22Yi8kaWoo2qFnk5tWh,ken_app_prod,2fd89e7d070b0f4879345d77959b99efdbe6fdcb38c04a063a7141bfc0fd26db
11654,2025-06-10 19:43:56.507,2025-06-10 19:43:59.953,pro_McqnJnQ6B756EkZyQTzaCV,ken_app_prod,1ca734890621670061d1b6c2dac4ac7cf49fefd441470658199a0691f2820c8a
11655,2025-06-10 19:44:03.174,2025-06-10 19:44:06.239,pro_HJsQyv3vbdmM2mVGT2PgJX,ken_app_prod,889fd6471db0345740532ffbf511ee3497d3b347eb8276fdde0f00dd940cac81
11656,2025-06-10 19:44:08.434,2025-06-10 19:44:11.892,pro_2PGSaZknUqsPpP2irXqv6D,ken_app_prod,83715779711da65ad874d539dfeca61e68f1ee6ebcebd86f0044bf8644aac3f3
11657,2025-06-10 19:44:15.575,2025-06-10 19:44:17.992,pro_K44z24mBhGuHa9aufSfy2c,ken_app_prod,57a78dce58ac3a467bf9a97750d495c402324471f24a7223a5127cd702e6f8cf
11658,2025-06-10 19:44:20.373,2025-06-10 19:44:24.481,pro_K6BNS7D5kaKfJ9cdPFwxXR,ken_app_prod,01931a28c7495745f7ab02a89d7956c4c49c25a4695703071294ee628febb48d
11659,2025-06-10 19:44:28.205,2025-06-10 19:44:31.947,pro_PTrUrWN977MTz64Ya1bM3V,ken_app_prod,db412ec61287b2e5a0dd0d1785c306ef73416378cd33c4a7e2d5eaff2b4237fc
1166,2020-07-26 03:18:17.462,2024-03-11 20:13:25.779,pro_VAgcL6fqcwELHH5JtCzFQi,ken_app_prod,4ea2f836a761154b58b29e5b9af46cbde220a7bd83fe92df88447600bd749562
11660,2025-06-10 19:44:34.651,2025-06-10 19:44:38.708,pro_TERt3A8pwswtKU8HohcvQo,ken_app_prod,4f2998f907748b91104543956aef32c8a9838291cf714958a1ebe610bb3506f2
11661,2025-06-10 19:44:41.809,2025-06-10 19:44:45.573,pro_W9kPdEzKV3ZxrRbgDCQHJP,ken_app_prod,2b36541ca13f67362255c106af711a3f1b90c7e26c5c214a55d804dc8ed1621a
11662,2025-06-10 19:44:48.170,2025-06-10 19:44:50.546,pro_7YyNH6feD7vkFRNaWyq9BG,ken_app_prod,43757e2eaa639d6326b5adc554b4c7715f05a3cc1bdef1daf58ed68dbccd664d
11663,2025-06-10 19:44:55.032,2025-06-10 19:44:59.011,pro_VoAzHnCquzpfMMAVrx1372,ken_app_prod,5a982896f985315863a9574b922374d08912c34d43f55d8b1ac62ea2c1e05419
11664,2025-06-10 19:45:02.304,2025-06-10 19:45:06.417,pro_KXMWYvR58M5EEdRxipWwwj,ken_app_prod,119eeb0aee5850ff4bf19685e94e1eebb84afcc3f42a8e16736c5444506a2748
11665,2025-06-10 19:45:08.858,2025-06-10 19:45:13.410,pro_9eS61h2eVnqUGS5W7238NK,ken_app_prod,5a48ecc84df8b02798324d1323eeb6c654635656eec8b782639c096b922222be
11666,2025-06-10 19:45:15.111,2025-06-10 19:45:19.422,pro_UkTdzifLBaRHAQig1Gc6L5,ken_app_prod,74f75a547f5979927122f0f1b1ffd28236b543413e0a9f873fdf2e47c9dea449
11667,2025-06-10 19:45:21.900,2025-06-10 19:45:26.337,pro_FMdG4rtAuRgnPwytG1ctt,ken_app_prod,d2067f6974da5b0638f2f20ade158457edcdccb370eca22f6c4c4d34e27f2cba
11668,2025-06-10 19:45:27.953,2025-06-10 19:45:31.526,pro_VE2bBrdEozCXF6XSbbhdiZ,ken_app_prod,0e9a01ed296e0a95992479be9c42e30cca4b730cf58e757b526711ecd121f4fe
11669,2025-06-10 19:45:33.727,2025-06-10 19:45:38.032,pro_P5ysD8PnVojoJaPtQDj98s,ken_app_prod,fb2aca55ccab5904932a4d6af12f4a691bc5466937ab3461f3983114bd772589
11670,2025-06-10 19:45:40.294,2025-06-10 19:45:42.447,pro_MMF5k9aLcX1RGW7oboAMTe,ken_app_prod,452c1a3c6e1b33e9c59c82b5302e377304686eaea254fd12cd32845da2d139dc
11671,2025-06-10 19:45:47.209,2025-06-10 19:45:52.126,pro_29M8qXbiv3amN9Pouuajy5,ken_app_prod,944c7bfe80ca0f92321da0c993aae5c069b55ee9686e8e2c9098b4c254e76d3e
11672,2025-06-10 19:45:54.274,2025-06-10 19:45:55.563,pro_JQ94vViqtcfd4q26hzrzwQ,ken_app_prod,56dd4aaf0c15923c68fbcfe06ff6578289e4cdb334f51cd48c447db2d409bff1
11673,2025-06-10 19:45:58.224,2025-06-10 19:46:01.733,pro_DFzeHqsuykbkNZN9jqX9Dc,ken_app_prod,2b9ebcbbc5dedd147f24c0f48c2e2c74ec05ad614dfc2fd767cbb57cd31f7321
11674,2025-06-10 19:46:03.994,2025-06-10 19:46:08.037,pro_7Gc1wzdi6PG3Gr2buEDR7C,ken_app_prod,52afa9502e539dbdc1a7b7fda355172a628642f7a45575d3a5fb4c77e26f8794
11675,2025-06-10 19:46:10.984,2025-06-10 19:46:14.490,pro_HrkD4dUJA9JNciX3GZn9xJ,ken_app_prod,311b15377155918a232351379d9c7a18d49109edee40404dcd8e6c51a4d57340
11676,2025-06-10 19:46:17.005,2025-06-10 19:46:21.773,pro_81N89rm5AoYnUyfeJyH2tX,ken_app_prod,c1db0255dab5933db6dfdbc01021eeddde754f126712b6a1a26823f922640f8c
11677,2025-06-10 19:46:24.261,2025-06-10 19:46:27.637,pro_4XSXc9eLCipSUqgrHNUswD,ken_app_prod,642068be4a632a9e07dab4893b0b3622c596bc77cd780261157612eb4da95244
11678,2025-06-10 19:46:30.636,2025-06-10 19:46:31.902,pro_CP3hn84FNchyr2yUV2EmM5,ken_app_prod,a07bc85d159fd476fe76000133c8e7c1852ca6dae9ce1ffefa6e692a9d51b97f
11680,2025-06-10 19:46:37.015,2025-06-10 19:46:40.749,pro_AQ1MiyQdGV7sHVgzUTSUS8,ken_app_prod,5c3d60ccecdb687c2b66e7d11ddf9cf360f8707142a4bc059ac1979a1d593abb
11681,2025-06-10 19:46:43.338,2025-06-10 19:46:46.512,pro_6hjcYiEBaoqxx6crV8dFrE,ken_app_prod,15909dfa191148d82ad673dece2efc3dce302da1bf4d76f321f908a9b52e156d
11682,2025-06-10 19:46:49.853,2025-06-10 19:46:54.939,pro_RiHfnXmczDyyAwvaWtF33g,ken_app_prod,fe60da16b567418d100ca9328619135872f6d8b14d76c93676d25d935cff0ee3
11683,2025-06-10 19:46:57.096,2025-06-10 19:47:01.962,pro_SHcy6g6pTq4aCMMjQTSD6Y,ken_app_prod,2d1159f29ca555d147f173a997956eecae41e0a3675e705bd735de112678116c
11685,2025-06-10 19:47:06.322,2025-06-10 19:47:10.845,pro_3WZjyQ59qUaEMKkiDDqCav,ken_app_prod,1dd18c0ea130f5cfd3d58a931f8e5c804bb3c233a629403d6be6e079d6ccd82c
11686,2025-06-10 19:47:13.635,2025-06-10 19:47:17.735,pro_R7x5AGFfs1XMUtVsEywfYS,ken_app_prod,b8ce4ccd6e56f6ed52c867673defc27c5ae4c9622f5d8e78cc29ce4c8948a6d8
11687,2025-06-10 19:47:20.439,2025-06-10 19:47:24.610,pro_BafhT9XBkZe4H9EfZ695E7,ken_app_prod,713dff3687486c314982300ba1fa68b879b918ec275f926386cae7dbb73771ee
11688,2025-06-10 19:47:26.889,2025-06-10 19:47:31.130,pro_FzgVuXEHJKEGwNhGpKkWQp,ken_app_prod,4604154e9ab1d17893a0bed21f042de383e548087121bd4c7616bf8a6ae42538
11689,2025-06-10 19:47:32.891,2025-06-10 19:47:37.032,pro_KNCbGnYy6YtxrB1Dj2jy8j,ken_app_prod,1dc94bfe17a3521752cbb886a62a4cb666acc475878f89becbeb03653828b578
11690,2025-06-10 19:47:39.330,2025-06-10 19:47:43.637,pro_GJfqykN31zcNa9EGS3PBiU,ken_app_prod,08205e85f5b4f6cccbc7a7c3061dd31b9d4b6eb6ffab093024f80cfe9311914c
11691,2025-06-10 19:47:45.976,2025-06-10 19:47:50.248,pro_mA54MAARgXnTigKktbCKH,ken_app_prod,44b08eda03455e5b3c2de9cacb71a0591fc7de8049a6e4a2d9d03592c5acaf32
11693,2025-06-10 19:47:55.198,2025-06-10 19:47:59.541,pro_R6X81H5u23s8NbBA64oFTh,ken_app_prod,8fa2429b319053446d6d83b2fe7f5a63dcddafe37e86db1fe5a5e756695207c2
11697,2025-06-10 19:48:07.925,2025-06-10 19:48:11.523,pro_QQ3reXfc7KhPzRmeoGLnyQ,ken_app_prod,0805ed12c272f50be5759a6a7fe054ab5d2017f3a07430299dd0384ebb8d869f
11699,2025-06-10 19:48:16.963,2025-06-10 19:48:21.393,pro_RBD3j8G9FrGefmKugvwb32,ken_app_prod,af0b7f85fd49558c1f850a0003edcb94bd5322102865950384355676e1aca664
117,2020-07-26 03:11:24.746,2023-12-11 18:52:06.968,pro_ATe8nvnjYP24RC8McaECe3,ken_app_prod,55f25b60f66d537e41fb6bf62b918ed05fa118d9c4371789f29627366a39ac8e
11700,2025-06-10 19:48:24.081,2025-06-10 19:48:27.467,pro_MbCa2fLTcyNki4t8Dyrd91,ken_app_prod,4d156099b4fe24bd8150352e2c60ec55f1e7c04c89fb83be257ac258c17a0456
11702,2025-06-10 19:48:31.805,2025-06-10 19:48:33.930,pro_GmeRHZ3aTx6NWJ5fcHsq4K,ken_app_prod,015b7bb01b2637a8f73a2bb09e866720ba5ab3d482ad5ce0b2d09f20d337c4dc
11704,2025-06-10 19:48:38.970,2025-06-10 19:48:42.965,pro_QAPcSgYkoGVCGiAFsfNtiW,ken_app_prod,4e90809c4ff5e0229608daa1b795c4058ba0c4272697d6143ed99b7e25c6e074
11705,2025-06-10 19:48:45.792,2025-06-10 19:48:49.655,pro_66GGq9VLNHP15Aiux5visZ,ken_app_prod,ca6bd11f054d5ff83a0154798fff9838b5e52a1f3dfa523efe1b49a79dc81c2f
11706,2025-06-10 19:48:51.942,2025-06-10 19:48:56.505,pro_UrLHwowWgi6cs7AMR5YgaH,ken_app_prod,f5a740a95e9d8e79dbf1e2715934ef199fa7275d69508e6007b02db554b6a552
11707,2025-06-10 19:48:59.688,2025-06-10 19:49:03.547,pro_XorU2ewsZSehRyeotX1M8J,ken_app_prod,ad76e3f567bec49c0472c035379a3608eda86dbfd0f9f84974e732c5cb4c7ab5
11708,2025-06-10 19:49:05.250,2025-06-10 19:49:09.633,pro_4n4v1yUGMAvjrRK6cdaJrV,ken_app_prod,461fc62f26fc0691376a7bf5e0f56d7149fa12d48d216ffa14153aa0a06ceb1c
11709,2025-06-10 19:49:11.325,2025-06-10 19:49:13.453,pro_GhkM6wWHfTCXaiRL76ijUN,ken_app_prod,8fda1170ccd2c2c760d6c22059c2edc7558cf7d39649a212ee854c417fce548c
11710,2025-06-10 19:49:16.178,2025-06-10 19:49:20.196,pro_GeoBLHNnq4rJyH5f7QkKht,ken_app_prod,d73b15ed56b8e73b5b98c55ff77082ecd1507d6b3e94cdddb8d875e4c81f8679
11711,2025-06-10 19:49:23.361,2025-06-10 19:49:28.059,pro_MjqzPPhsZso3D8y4PuAzWz,ken_app_prod,63b535965cfbf5a5ec5f5d17da46e760413c45592fcd9de6a8270fbc26a355e6
11712,2025-06-10 19:49:29.709,2025-06-10 19:49:32.551,pro_EMQL5wAr2F8uTKZA2yvUeb,ken_app_prod,af51a17593fd438e0ddd0040f4fa86ff749cee9b679d92c899d1103b7bc1cf38
11713,2025-06-10 19:49:36.055,2025-06-10 19:49:39.785,pro_NNZCTRkngBPkWADmUVwAPA,ken_app_prod,ca3780bb2ad2ea82ac744762dc889f975ca462f1155d98cc6d0d6d06b535e6a9
11714,2025-06-10 19:49:41.918,2025-06-10 19:49:46.209,pro_HjczMxaGscyBaJJ64ypfSe,ken_app_prod,c6fcae9a204fc28a6450e7f206669a30259e072a7967e8e2dd462213bb4d5023
11715,2025-06-10 19:49:48.459,2025-06-10 19:49:50.920,pro_WRXKVqnpd6bqWuBwGFhRJM,ken_app_prod,3d8694ec5ae3d7a2cbbd1890c1f04f6d76c15553b990d37adfe0083b177f4d7a
11716,2025-06-10 19:49:52.561,2025-06-10 19:49:54.863,pro_Gjbfny4vkxCTG29E3GhNWM,ken_app_prod,5f1d3fba7cd5312f43c5da4b47a3dd87bd7eb3c735003d93aedf6a55893f6324
11717,2025-06-10 19:49:58.235,2025-06-10 19:50:01.806,pro_QH6VPP1MtdzWMgWBxfT4nY,ken_app_prod,72278e8f9009b67543a8b733b9ea971d348287af64b6bcdbb40ef08bbf0c5f87
11718,2025-06-10 19:50:04.532,2025-06-10 19:50:07.622,pro_HEcfSmDQNTTD89gL6g1uGe,ken_app_prod,8ceb4ff29c87698712b0ab3b43b6af428bda1a7aba3f47e510fcffecf0e00027
11719,2025-06-10 19:50:10.127,2025-06-10 19:50:14.711,pro_GYF7JCpA6yfm7NJqZ3aA8S,ken_app_prod,fc6fdc9daffb26e856105e2699cdcb923bf40642e7ae781830adfee5d17db4bf
11720,2025-06-10 19:50:17.376,2025-06-10 19:50:21.449,pro_J64MzKpm2csYYTvSMNwxCz,ken_app_prod,49dec3aa81ae5ca620db8a814efee463beabdc59ad30ed18b670249c59c8179f
11721,2025-06-10 19:50:23.879,2025-06-10 19:50:28.076,pro_WYQ1zBkEU7N3YpG3hba4nv,ken_app_prod,f7fb59c8a88d1cb9e0849eff04040c0cd927cc899e787cd0260582601d77cfe6
11722,2025-06-10 19:50:29.233,2025-06-10 19:50:32.658,pro_9qBxo9XRNenSajDKfr4Ahp,ken_app_prod,e0d00f553fdbcc2f1dada98c4ae0a8a4799825d76d24247e77457ca5b507958c
11723,2025-06-10 19:50:34.861,2025-06-10 19:50:38.671,pro_6vehitkfJFuikJWWR6evyg,ken_app_prod,13d76fa8f3d8774e2ba330dad93ed1cb9d145b51c18fb8d30401a0946267b32e
11724,2025-06-10 19:50:41.045,2025-06-10 19:50:45.280,pro_W21CTZAqiMeAFuHDhZ1NGS,ken_app_prod,d2bdd7aa545ad5f3e25d0d49807e1f1142920a8522ab09f1804f173fa1473f4f
11725,2025-06-10 19:50:48.415,2025-06-10 19:50:51.753,pro_7DahpFop19TrvuxELVm9qV,ken_app_prod,574ab75fcef0d17bea83c0fe29d647ba8aad6c095bac01c6c8e465a1cf6c012c
11726,2025-06-10 19:50:55.646,2025-06-10 19:50:57.937,pro_CRShHpxccwBnEZmvhiMBgv,ken_app_prod,94bbd280d38049fe8f648e574caf4bdcfa785ca90934ff7b3c3bb376153b58a8
11727,2025-06-10 19:51:02.084,2025-06-10 19:51:06.404,pro_HK5vPR1QdLP1Q2gfP4q7Yg,ken_app_prod,5905a86b4e02c00e98ec8ebb80951e2f735a26e675a8e48dba0fcbfd8c82f856
11728,2025-06-10 19:51:09.107,2025-06-10 19:51:12.672,pro_Xzv4QorGVWZbtXa2WWFG7C,ken_app_prod,bb6f6a7668535b1c78f63b3f3937396cd45131c2b6b4c103525dcef2dcb1794e
11729,2025-06-10 19:51:15.467,2025-06-10 19:51:19.786,pro_9Gjs8uH4oDps76eQkx55Fc,ken_app_prod,962eb339e23fb24a7cd23ea92e872ec98f3710e02fe2c7cc9ac2f9eaf4480ce5
11730,2025-06-10 19:51:23.035,2025-06-10 19:51:27.239,pro_9JVWqQTH8rjiT8nouLtRjH,ken_app_prod,223485ac51af91b042391f537b196c890bfef2eb4faf9ac29296cf4d13a988f1
11731,2025-06-10 19:51:28.614,2025-06-10 19:51:32.898,pro_WcxSZ5HuYbiWXe6fVU4PSg,ken_app_prod,42d1365338b0af88b57cd01ac2f8e7a09a5a793a84ffd5bfb16caaec1d28a8d3
11732,2025-06-10 19:51:35.241,2025-06-10 19:51:38.946,pro_4hFVqvKWZ8RgaHHxeR652V,ken_app_prod,2afb54b981d0398fea01b75a64e9785dbcbaa16e8370c650bc7a4b7e54471e4d
11733,2025-06-10 19:51:41.802,2025-06-10 19:51:45.930,pro_KqELrndsMuPvF3CGqcRAyn,ken_app_prod,871d7d0fd60fc25a84388d8b3e235281c004f0376b0f9940b4c819e7b07ff740
11735,2025-06-10 19:51:52.836,2025-06-10 19:51:55.884,pro_Dp7xk8z95F6MkFF1M9R263,ken_app_prod,5a50e0a235e2ccaa3ceb19c8b24a98c375dfa8147a56ff6d76ac710df6c91cf6
11736,2025-06-10 19:51:57.687,2025-06-10 19:52:01.025,pro_UmbxdQr88qMyikVQHjSA9s,ken_app_prod,cd736717bc2e049d9d02b83b2d73468d986f0ad7c05b35f6fb724eddc5dfed18
11737,2025-06-10 19:52:03.750,2025-06-10 19:52:07.299,pro_TaovcjKKNZkDeCjehDSnE9,ken_app_prod,711808032c75ee58021046e7ba34bbf2245df26c9eaa529a0a3ebb9c631370cc
11738,2025-06-10 19:52:09.554,2025-06-10 19:52:13.214,pro_6MWqkqJCWuuZknsGFHW9hh,ken_app_prod,4436d1ee890c82dcb4fd286edb76d25c4cf786e0f0b7cc7d5f2eea1d7e851b59
11739,2025-06-10 19:52:16.432,2025-06-10 19:52:20.312,pro_4ftw4dam8giB1ZNajWi8gt,ken_app_prod,8ebac6307b037e36efc216a13d705434eebf319f39d220939b33829904752d72
11740,2025-06-10 19:52:22.475,2025-06-10 19:52:27.014,pro_D5cYMLbqtW81yz6962oZGp,ken_app_prod,021cc669a124c64b3d6fa3bdd4b1790bf9e6e7f70375e749dafea42191fe3fe9
11741,2025-06-10 19:52:30.351,2025-06-10 19:52:34.053,pro_YG8fhokF7LExTv1hHo7UyE,ken_app_prod,043157d59d63478aec13d93269e62139090cfc23de618032b130ff515223fad7
11742,2025-06-10 19:52:36.766,2025-06-10 19:52:39.710,pro_SPQFLhMWqKbx8mCnUKqS6C,ken_app_prod,98c8acbfab3a620282eeb9efadb444c494094fc701c6d11d874e0c18b079de22
11743,2025-06-10 19:52:43.825,2025-06-10 19:52:48.134,pro_VCqLo8HV4bDZyMU6AVN2Cv,ken_app_prod,fb2ec71e5de1a9675d900816e48bb0f4651e9eeecbfba36d9027da5c1eeac44f
11744,2025-06-10 19:52:50.363,2025-06-10 19:52:52.718,pro_FuJP64SJ799ULs4JfsvaX1,ken_app_prod,2ad94a4c62c04dacc58d3c2308b307c6cf7034a3088ba960912b31c4f552db1f
11745,2025-06-10 19:52:55.515,2025-06-10 19:52:57.877,pro_23gbSFuQJjrWC7WZuRAkte,ken_app_prod,1260a3b94110eb2d98af648826bec7a3c42bdec315415e043df8449131f44fca
11746,2025-06-10 19:53:00.154,2025-06-10 19:53:04.653,pro_9nLM9m1nv9teayPiV8EUEy,ken_app_prod,52d98204709b40f89cdde6c7925494ee6af93d4e7535bb7290373325ead4687f
11747,2025-06-10 19:53:08.682,2025-06-10 19:53:11.852,pro_5WHGtKUz5hPUiVfHPBqkWP,ken_app_prod,7472d072f8b14a0d0dd6c1dace65b6584f5bc1f820af6324fb988935df789d0d
11748,2025-06-10 19:53:14.074,2025-06-10 19:53:18.579,pro_54YWGbWxkv9aVbHiAKHukr,ken_app_prod,7faa39062a417fc5fd514504aab311d8b05a63dd50ace70ea1537827557df2b8
11749,2025-06-10 19:53:20.279,2025-06-10 19:53:22.729,pro_RxmYdLS18yiYUotzCJsXku,ken_app_prod,6064767a583bfb282217ce9742437f9ccf00a5666c8a1e756466b889cb862415
11750,2025-06-10 19:53:25.625,2025-06-10 19:53:28.437,pro_GCWXocn4ewczvNgvEKnCMC,ken_app_prod,e33fbfce4bc70cda2850238ab5c72f531b088b422ef5ba58c0738d1ffccd62b3
11751,2025-06-10 19:53:29.740,2025-06-10 19:53:33.541,pro_BG65FLWAm6UJ25Q5E1Abiz,ken_app_prod,9bfaa09ee8fddb68e07b6ee8e09cfc9f7c4123968f02ae67e6826ce7c352f744
11752,2025-06-10 19:53:35.178,2025-06-10 19:53:39.158,pro_AnJHzbmhaDkunif99HYurS,ken_app_prod,80832e469adc8b6a9c32318236a34c72cea4c7d782ea85003dad1ffe03ad96b3
11753,2025-06-10 19:53:42.129,2025-06-10 19:53:46.143,pro_LNXRM5GpB6s45TVymUC8dH,ken_app_prod,0ccf70202ef17812e3f3540fcf278b35f080123b1283fbfcdf6200ea7d311f5f
11754,2025-06-10 19:53:50.295,2025-06-10 19:53:53.635,pro_PRy2gkqpWQ9x1ek3rLbHSV,ken_app_prod,210cfd7092f5ac81e0cbad340d4be31a81b79b2226edf4828436719af3a5de7d
11755,2025-06-10 19:53:54.733,2025-06-10 19:53:58.145,pro_3u2UfWeQ1XKCb9zCMif8W1,ken_app_prod,3edb4629f63836bd73952c15a670d2165222879327eb448bf17febad6bed6357
11756,2025-06-10 19:54:01.189,2025-06-10 19:54:05.005,pro_54wVYka2jox8XoZMGbMZZz,ken_app_prod,b1438d8a59b2c35f0f5651bbc50701e5e123168988e101a0bb608a2a26b0b2d5
11757,2025-06-10 19:54:06.989,2025-06-10 19:54:09.326,pro_FCvyLJDMg324pXivDWLXiF,ken_app_prod,ff8574f9550bdb81f4c2c2b300a111795cc35c3a4bd51808a3fab3fe5018b754
11758,2025-06-10 19:54:12.086,2025-06-10 19:54:14.548,pro_Fc2x3qkuhq8PF1ST7TLPRa,ken_app_prod,fc33b07b804b297df2dda4c9f9e377eefae20d69d578ebcb613457821d807d3b
11759,2025-06-10 19:54:18.182,2025-06-10 19:54:19.384,pro_CeC1hE4ZbpQP7JsJqDaib6,ken_app_prod,b8b708b878eb027a122ed57f2d6332bbe776546279ce981ea7da0a1434e81202
11760,2025-06-10 19:54:22.683,2025-06-10 19:54:24.993,pro_VeoKVUotS5jsYSAPdzp4Fu,ken_app_prod,96120ce4ca78b5f2cd56e9ff99c2a86e5f3690278e3dc9d23bff7207aef1359f
11761,2025-06-10 19:54:27.455,2025-06-10 19:54:31.430,pro_SdgrtznovpWk7SkEyXDLTd,ken_app_prod,4892764b72c75fee2ee43cee4a9cff8f0b1ef21fb874359d665cf57875baebb1
11762,2025-06-10 19:54:34.246,2025-06-10 19:54:38.006,pro_GEPn91Pv5BvmM7kz5n2U8M,ken_app_prod,170bcb223aab891268d30e158f4de1a6fa2e23f4740ec131271f6ca203782c69
11763,2025-06-10 19:54:40.680,2025-06-10 19:54:41.904,pro_V73tfiZmmtLUcELyyw7wfP,ken_app_prod,507091d2f5ba254ae0a1e4c2ca149f8b4bdd881645be7238afa0a848ae53c7cd
11764,2025-06-10 19:54:44.932,2025-06-10 19:54:48.533,pro_WJp5TNJTS2dULNdERRb3kr,ken_app_prod,7f1e86a71cd53a19845850c8968b958b1f7cab1c76db0622647556e9e2bcdc54
11789,2025-06-19 15:06:34.478,2025-06-19 15:06:35.797,pro_RKG8nGui3DdzZ2ophwGPKW,ken_app_prod,4322c188197ac1acfe926e382f6c714967e3a614fa9f0e8d9b34b55d6328f8ee
11790,2025-06-19 15:06:39.093,2025-06-19 15:06:41.699,pro_UConnEiFv2xvLMKAqTw1G,ken_app_prod,23f25c3b6fe3ad9f7bc1d7dcea31f7fbd4afa2a8596b0098ed394047243f1d9f
11791,2025-06-19 15:06:43.925,2025-06-19 15:06:45.768,pro_Mx38EV4nni1CeeU6RCByv6,ken_app_prod,af0071f723b1cf3874b17f2045f46b1f463089440119da15ff34701f59678d43
11792,2025-06-19 15:06:49.306,2025-06-19 15:06:51.889,pro_FCcZXLCVs7a3wWG6DT9C4T,ken_app_prod,c1863989feac4067fdbfc0e3eacabcab563d002fba139224aaea2106d96b7010
11793,2025-06-19 15:06:53.669,2025-06-19 15:06:55.035,pro_XbgCeDfXUnKYx3WFjyJi7g,ken_app_prod,1fa9c32fe2a17f3e79056ad05b0f95e5372e9ffc9add8444ca9d54c4f6705d80
11794,2025-06-19 15:06:58.255,2025-06-19 15:07:00.906,pro_6KKsCj7QVWAi76FYYu1dgF,ken_app_prod,5d7dad25f0591d211c4bca1c1aa12bf801ad4dda77a0f2b34df64bb446eae0bb
11795,2025-06-19 15:07:04.467,2025-06-19 15:07:06.466,pro_JxwQnT2jMBTTGMVevnPQeT,ken_app_prod,c20521c1e90357fb48f878bf8304e4099a3128d168684101e8f6926a6f290909
11796,2025-06-19 15:07:09.359,2025-06-19 15:07:11.411,pro_5Tf8U9boCBfi5QNkx998Mn,ken_app_prod,878cc8a8ee333c9d12b368d9e90f0d2c912b559e61af296663df6a7ccc6c7617
11797,2025-06-19 15:07:14.846,2025-06-19 15:07:16.752,pro_CS3NJbNZE18UXuTpf7jXR5,ken_app_prod,8df340597dd7da83fe7373e8f2418e48719bc54019d13945260cdb8d9dff56ae
11798,2025-06-19 15:07:19.813,2025-06-19 15:07:21.179,pro_BGN2wY8xCgrkoLXKqWQsCb,ken_app_prod,d98bd39ed8030427e6dbb70aae087a39e66bae2221e2eef0f764634134c095a5
11799,2025-06-19 15:07:24.050,2025-06-19 15:07:26.362,pro_AmY69i4336gAusnxUx7GCJ,ken_app_prod,ef71018487d0ee674025020bc3df5ce20fad1321303eff79456e549385a482f1
1180,2020-07-26 03:18:20.671,2024-03-18 18:39:49.903,pro_A7szN6WoAiL5AbgH6bMFQU,ken_app_prod,e9d3b0f8b6c9adc63f4b620fa269a1db180eef351b1e442f26e327b0aae20157
11800,2025-06-19 15:07:28.300,2025-06-19 15:07:30.301,pro_NueQz9zQx4KXhvGmi7WyMf,ken_app_prod,0bed9e6fb0385f81a0d80579208fbdbb6a7443f058dbef851e0c69fc5fbd8e2f
11801,2025-06-19 15:07:33.241,2025-06-19 15:07:34.576,pro_S3gDWvRpCvkJ7MFesyfD15,ken_app_prod,98aa45533dd07d3c19dd4d0c157e91970e275ad3534e1113827b99557eda2c39
11802,2025-06-19 15:07:37.998,2025-06-19 15:07:39.294,pro_Q2wEKWBPTpVPzBQjdEwYab,ken_app_prod,0712dd0376e614324ab6d21ad1262542587c035d7d883d91e6a4f89cdd458b6c
11803,2025-06-19 15:07:41.895,2025-06-19 15:07:43.792,pro_XwugqNZHWMDsscob8pWVaF,ken_app_prod,c8adc6b740aa63cd19d863947202cf7f3700697f32e484db4578f04a4d354dc2
11804,2025-06-19 15:07:46.627,2025-06-19 15:07:48.930,pro_X2Yh41q3UyomCnrrxhEUUC,ken_app_prod,5cdfddb1b04d53f8025ba3cd564aeb360294798152915260be938ff23305546a
11805,2025-06-19 15:07:52.225,2025-06-19 15:07:54.502,pro_AMpS57xoJMz1cFBYpCWAYu,ken_app_prod,fa42d27dc20ad4f5d1b893669a851702ba321cbc769298bec6843fba535c2b2d
11806,2025-06-19 15:07:56.835,2025-06-19 15:07:59.454,pro_SNVcmFAoo2UJdJdQ2zRXwN,ken_app_prod,57f0becffc757c613b4e1defecf7345f18287c920a819fc44ec713d4de9ffb13
11807,2025-06-19 15:08:00.947,2025-06-19 15:08:02.698,pro_QRibVQ9gWaJEzUCMKaumn2,ken_app_prod,44acfc5decfd37363d04962e759eab6c9cd62aff3858ec4ab807d7672bf2f057
11808,2025-06-19 16:43:03.064,2025-06-19 16:43:05.507,pro_WvjgCcBNZCuwSC2kWHgmE5,ken_app_prod,88d2ae9a7716cdc187e23f4da3ea1b547307424c5f25266a21136da40fa59524
11809,2025-06-19 16:43:08.568,2025-06-19 16:43:10.145,pro_Rg6aM7WDxVXP2EoToCRjCj,ken_app_prod,846c6087fbfe6d3c57b8e2f9f3fb62670abb718e0ca4f4255595406ad442f8ca
11810,2025-06-19 16:43:12.827,2025-06-19 16:43:14.813,pro_LAwnNHui7jPiE5hb2FuDVB,ken_app_prod,d389c7b7232cbc24cc74c6489a7878dce3a7100565f9b94c28638dea1aae56b6
11811,2025-06-19 16:43:19.418,2025-06-19 16:43:22.062,pro_RJmtkgcfq6rngcn1pCyfWy,ken_app_prod,ac290f3a884f3b552f86a6ce47aab27f01751be8ac32607286714bc975091d40
11812,2025-06-19 16:43:25.026,2025-06-19 16:43:27.348,pro_BvSSRbxVCPU7dTo3Jgykcc,ken_app_prod,3c89e574f5ada3ad700215a7a26198579435adc3a07477d2e6942b08ecb1dd82
11813,2025-06-19 16:43:30.782,2025-06-19 16:43:33.159,pro_TeZgxN6CxmtCWU7BW2aHED,ken_app_prod,991701d8e9e5e46e72e0b08f180bd2fd90a7692bcf5d7b120e55495a57109fbe
11814,2025-06-19 16:43:36.834,2025-06-19 16:43:38.909,pro_4Gpq7FPXnNYxpRMhoKhW2F,ken_app_prod,1d35f555b439f8ba323f0feca719a19fe24686a6ee3100da6b6b2f173a07c152
11815,2025-06-19 16:43:42.363,2025-06-19 16:43:43.798,pro_7RPrKdyXiHAsCiogvD5Rum,ken_app_prod,c667b59e12332e65690fa02b8fbb3d8e365e0bbfc83a3160122217f9d3d74405
11816,2025-06-19 16:43:46.859,2025-06-19 16:43:50.154,pro_UukrFqYHt3FvwTfqx1wzXu,ken_app_prod,403c451d5f7ff137d26d592fc0773160307f9947b6d7a9403afe69b7555edd72
11817,2025-06-19 16:43:53.047,2025-06-19 16:43:54.846,pro_AmyKN4y1LdNLigPPKtJdgA,ken_app_prod,5b8816ae804edf46f026d3abcec0215d080a18fda73d86c0c3c454695d35a9ac
11818,2025-06-19 16:43:57.994,2025-06-19 16:44:00.003,pro_JSkMy4fLS4acuEqEZvRJrn,ken_app_prod,0393485064ef6793cfa28da5ac5c01230491eb6af2afdc609292c9c1e8256cb9
11819,2025-06-19 16:44:04.347,2025-06-19 16:44:07.020,pro_FEKQYmBevFd7h3YQnRNVNE,ken_app_prod,7680802c85ff24ce20532be1746d8c1ad647663952a216088394d5c233ef0da7
11820,2025-06-19 16:44:10.237,2025-06-19 16:44:12.243,pro_KitkJksVHunRtzv3SdijbM,ken_app_prod,9a6e59aa4fc5cd8a85d39bc83eb67027c4dc6e810802db001fe8af5a9248a9aa
11821,2025-06-19 16:44:16.581,2025-06-19 16:44:18.654,pro_UqTRYPHAT67Q9eCDvNjwya,ken_app_prod,243f11f75ca673ca86140d2651a9dd4cf8c1d6c6c26773edbb77ad542f354009
11822,2025-06-19 16:44:21.919,2025-06-19 16:44:25.004,pro_C6SYiE8cKN8f9cEZd4u9K7,ken_app_prod,fe75e62476258d2caae0da69b3ff54578324e9bab4c4a629776dd1380eecfe92
11823,2025-06-19 16:44:27.491,2025-06-19 16:44:28.925,pro_PU2EPTTe67DMZDW2U1Riov,ken_app_prod,cd70b7b4e29ca05c7c4982d0fee4fe2d5f4015e68749f9d88a14cae89ad4861e
11824,2025-06-19 16:44:31.486,2025-06-19 16:44:33.617,pro_PaGoFBjDpTbjbDFqRPNGPK,ken_app_prod,7c04382d23fd44faac15a374e8712b78fe41199297c5d2d92abd6039231f3188
11825,2025-06-19 16:44:37.383,2025-06-19 16:44:39.679,pro_K6w4Ps8Kw5KCYr439ssWVZ,ken_app_prod,515f335b55bc112f3397e7ca52c0e6f89a1d523647fc4347f0db68f034b5179a
11826,2025-06-19 16:44:41.698,2025-06-19 16:44:43.862,pro_CpBbYqUXBydKUUDmJaDFuM,ken_app_prod,a669e2bddbe149ecb1fcd4ced58144fa86e4b8834f80f61925e2345421b1aaa0
11827,2025-06-19 18:06:20.527,2025-06-19 18:06:22.795,pro_RXdWc8nFbHTa2M6icySymB,ken_app_prod,396a0d2f78631c1e15a7cdca0113e5fdf60e357b0ddf333b090102bf14343179
11828,2025-06-19 18:06:25.867,2025-06-19 18:06:28.151,pro_wm7oH2HBPiV1XmmTgp7Gr,ken_app_prod,6d8e7a0f6adeb6bbf9b5d812894636ddd01b99726478325e28a92b8778b465fe
11829,2025-06-19 18:06:31.092,2025-06-19 18:06:33.240,pro_WF5bFC3vjUJqBqdxPyqVDj,ken_app_prod,5795cb966bd7d0ddbc7b34d766c8138915bd8a193ef03b63c052c9d209a69237
11830,2025-06-19 18:06:35.385,2025-06-19 18:06:37.877,pro_BiHXQCSj2p1pjoopkmHaXh,ken_app_prod,2728eafaa7059237618fd7043efa2c92548c475d4991ee3071945e98c6fee455
11831,2025-06-19 18:06:39.979,2025-06-19 18:06:41.963,pro_XXpUvWdNNoPs6DM5q4sG9f,ken_app_prod,8c65d93aa258bd784d1dbfc69ea951e7c7956696a9fc69b4b2861cbc8be55fdf
11832,2025-06-19 18:06:46.499,2025-06-19 18:06:47.809,pro_JGj6H3fuYVKRuEvK5bpifu,ken_app_prod,b2bfac41e71867f1a777d65158ee9acc78a8ea5f4108c44c7a7562a1ac825004
11833,2025-06-19 18:06:52.315,2025-06-19 18:06:54.233,pro_W3rtURkXcX46TFvtLzciej,ken_app_prod,79907c9e061dd06a10f5f20aeea0ffa2b3a43cbfdac879f34309fb8b5b1eaa41
11834,2025-06-19 18:06:56.873,2025-06-19 18:06:58.875,pro_3h9thzZMWUQvwSqcR372tQ,ken_app_prod,cf793745f84a1e75b3ccf299698d3ef120e080a87b12c55a2cb67c66d7011b5d
11835,2025-06-19 18:07:00.853,2025-06-19 18:07:02.750,pro_FrGNQHHFumkZv28RchHRcB,ken_app_prod,a24276b9e37afbab412357fafbfb0fac8e64598016a791534d6f999b966f7007
11836,2025-06-19 18:07:06.053,2025-06-19 18:07:07.644,pro_8ZT9Te7YoL5nRHaXSK2Pnj,ken_app_prod,a0865cc35920b83fca7d8f19abec11eb2dd6edd976d4ba16e8b3f067b078021d
11837,2025-06-19 18:07:10.563,2025-06-19 18:07:13.035,pro_UEmdBbve5fnrd8gPtUgEXT,ken_app_prod,94b0e7446b440a26105044f650fc4fee749477a7f1a2e64868d16cd5b510c389
11838,2025-06-19 18:07:14.839,2025-06-19 18:07:16.468,pro_2taxrAF5XVQQyZabWxy2XV,ken_app_prod,07f0b0143001b6a7db7ae1ba95285093336772126ae655952ff841abad582639
11839,2025-06-19 18:07:19.229,2025-06-19 18:07:21.309,pro_XhM3UWvhvsSFGtHJER1xye,ken_app_prod,5baa4868dc32b3b191b60c7062e891e55c90c63e59e8ab53f1a23dae38984939
11840,2025-06-19 18:07:24.623,2025-06-19 18:07:25.951,pro_Siz6XWkoTr4TwAv6RuEcJT,ken_app_prod,066d55794a5c7afbe16ca853b6e509b9445164c391e1a32a543f37489fe99d39
11841,2025-06-19 18:07:29.019,2025-06-19 18:07:31.114,pro_MMsZ7NqWZVxNsXR4M24oWF,ken_app_prod,0575527f1ea3dd376ea7985b59925af94c0648ea7ca457482e610de34e2cf2cf
11842,2025-06-19 18:07:34.344,2025-06-19 18:07:36.380,pro_49fnpg6K2wRBdagJRxyNeY,ken_app_prod,d39f5cb18d5037543c303286e3a9ea5d4d20ef98891e4da10affe425d77b53d6
11843,2025-06-19 18:07:38.361,2025-06-19 18:07:40.931,pro_N2c8hwaR3aSBi64KgrYK5k,ken_app_prod,7b05db37093d5e7d25ecc009463e6cb7083d1dfdd506d6ce5ad3cd0698e018c0
11844,2025-06-19 18:07:43.201,2025-06-19 18:07:45.523,pro_YLuzWrcFdJf7Bdx7dz4cgW,ken_app_prod,54b997862d54f8c770b897584b89f72182919a03be1008b25f86dd902dd01604
11845,2025-06-19 18:07:46.854,2025-06-19 18:07:49.470,pro_VR6fLWWhxU3qeetrLH7bw6,ken_app_prod,0a8696380012392a82b2e9eb44c2e78644ea5447f1cb3a7bbfa2c857c70682a5
11847,2025-06-19 19:59:06.263,2025-06-19 19:59:09.281,pro_JB26iMSfu8jsAboEsGrJJk,ken_app_prod,fa5920c84484f6797cd477f523c79fb02b0dffa50a410de48cdf69ab0adc601f
11848,2025-06-19 19:59:11.241,2025-06-19 19:59:12.618,pro_8ubmqqgL8e937WGWDK3RgT,ken_app_prod,5411de92a82fb1b1aadcfacc32e29446bd13533c4800a6e49f0648514d7603b3
11849,2025-06-19 19:59:15.573,2025-06-19 19:59:16.861,pro_Vw6Td9KEm6on5gSBE3766e,ken_app_prod,39572170bb04df22acc0b4b4126d772f63c438d5a7aae3defa05e2dea2c00df5
11850,2025-06-19 19:59:19.334,2025-06-19 19:59:20.682,pro_Jg8knuMPv9i6G6PBAxEbyz,ken_app_prod,e10bc00d8ae80bfba3777a0e53a3819f17cb42431b94bff3db1e1ac319f5dff6
11851,2025-06-19 19:59:24.333,2025-06-19 19:59:25.966,pro_4b7mwxsHDFoYW66yLSjhxn,ken_app_prod,1463ee8105d1a795d51a248856ec0c97e071b74199add0aee0684259a64d0270
11852,2025-06-19 19:59:28.089,2025-06-19 19:59:30.127,pro_LXCDBowzzBWvwtVvFje3K1,ken_app_prod,4aab606f3903240aedae35828615bbe8bb32e57caaa9d96fb554e436855c2396
11853,2025-06-19 19:59:33.323,2025-06-19 19:59:34.622,pro_HCWa3Cu4GKvwRpaA6h6dDf,ken_app_prod,5e9272daff0ba70613bea873cc2c15507324df518c8e4c1230b1636ca41588c5
11854,2025-06-19 19:59:38.580,2025-06-19 19:59:40.477,pro_23ttjG1RB9n58zGnBtAfRr,ken_app_prod,aaae34cb76b7509cc3a88d60d437e27317b90e26a0d739bb4589e0e9919afec5
11855,2025-06-19 19:59:42.534,2025-06-19 19:59:43.913,pro_6gVBJcz2R5EZf4mT2uaGm7,ken_app_prod,02a842adc6908f4019b821415a828a82d99943882c5fb23b486d9bf4765581cd
11856,2025-06-19 19:59:48.310,2025-06-19 19:59:49.732,pro_MF5UaYGC7kjkxqGCAvAgaF,ken_app_prod,43a46f94c70035138b6430f06cefd30b67b320ef6f08e0081f79396619a5e396
11857,2025-06-19 19:59:52.916,2025-06-19 19:59:54.297,pro_K36N8PeMcfLKkpg5SWMDky,ken_app_prod,63ba08e0a39b7825b1f6c0baa70c4cc3b3b8019c3160eac9457cf394e282069b
11858,2025-06-19 19:59:55.251,2025-06-19 19:59:57.031,pro_LmiJ7BVfQVV9PTDASfboog,ken_app_prod,0751b35f6f3db6810293b28ada7aec8d67ab7ead263ee807dc395841c37f97b2
11859,2025-06-19 19:59:59.488,2025-06-19 20:00:00.756,pro_M8MYSEwRe9J3rBpFi3csz5,ken_app_prod,48b88a70aa4718c1c940602f4e35c193b91988c27e082db01f5652f3915a32a0
1186,2020-07-26 03:18:22.233,2023-11-24 10:55:52.105,pro_LUBgGquCNutXFTGFUkb9Vd,ken_app_prod,30d253ad1ac1cf297972202e35f7f2735377422f95e725d18ebedee8c28caa41
11860,2025-06-19 20:00:03.517,2025-06-19 20:00:04.909,pro_Y1AJw4hXxdGFxZAKvQGwEP,ken_app_prod,504327ac67c9bdc8506aab6900f8bfd470cc84846658aab722527ba7db732da6
11861,2025-06-19 20:00:07.421,2025-06-19 20:00:09.506,pro_JN6zMGtHUSmU39APbio2YS,ken_app_prod,bbacf8c08ff2cad22faa3edc005fd6be2140bece5ce6b9965ee4d47a0f8f5f7c
11862,2025-06-19 20:00:11.014,2025-06-19 20:00:13.094,pro_G4act8qr3qmGb87VLDB456,ken_app_prod,612f38a71342845e592b4717b465d67b1eec5d8279fab2692e043e55003833fe
11863,2025-06-19 20:00:15.170,2025-06-19 20:00:17.965,pro_884fH29ycgNUDMsCwLA9k4,ken_app_prod,cea0982a9b146c41196b6bd19a924117d9be0d2b26c42dd346ec4a5b70bbe676
11864,2025-06-19 20:00:20.686,2025-06-19 20:00:22.371,pro_Nnm3KARZxMfSdrDjpcR4MG,ken_app_prod,bbe941d55ff9c699419259ffd6b00f3d9a77cec372b554293f278644b81dfce2
11865,2025-06-19 20:00:24.624,2025-06-19 20:00:26.068,pro_2WWTuqhXVN25RoNLt2RPAs,ken_app_prod,1af40d1fbf38488f9dac4d362131317b29034a73c1c57948caa1264ac4b87280
11866,2025-06-20 14:35:17.685,2025-06-20 14:35:20.067,pro_G8GuEbgPSnggcoK9Vhf94Q,ken_app_prod,78c1d0feed2ba7fb46725931137b9c56a73fc7494930f1160f38c53cac572a72
11867,2025-06-20 14:35:22.046,2025-06-20 14:35:26.042,pro_GGX2XightiiktiuDE9yFkA,ken_app_prod,74e5084f6c01e07855b4044f1717364b40abc06356544f475162c7af180075ec
11868,2025-06-20 14:35:28.012,2025-06-20 14:35:31.948,pro_LwHWxQMqVGRbR4ze7grxS9,ken_app_prod,9751a94b2d33c9b7ccab7f0e6a2d7fc85cc3de10e7c4ceb825976aba1e665419
11869,2025-06-20 14:35:34.813,2025-06-20 14:35:36.346,pro_Q6YrPXskPNk7TNUZfCdnux,ken_app_prod,3f4d271b0db781a31552e4f280783ee70568b331b45abaf62a8ba6ac05918bd7
11870,2025-06-20 14:35:37.641,2025-06-20 14:35:41.179,pro_PEeyqTQhFAa2QNR1fJ3irT,ken_app_prod,0d19164fdfd785269036e977664cd3d5a73cf6db889a400a6624dfd68197cd33
11871,2025-06-20 14:35:44.235,2025-06-20 14:35:46.480,pro_VuzM9Atr7RuPwfEPZPzikq,ken_app_prod,87a7a57369a4a10da3f779ef0b937daf6b7922a9647ac8ecf95d609b08ad960a
11872,2025-06-20 14:35:47.763,2025-06-20 14:35:49.414,pro_JQsfrPwwuBeYWM1yv6yAfK,ken_app_prod,c3e40e72281b54e2f48ab02b6976ff6953413037d269b297cb2b0bc82ef2f772
11873,2025-06-20 14:35:51.464,2025-06-20 14:35:54.079,pro_6xvN1ZG6nFSBf8cuWQRSAE,ken_app_prod,726c9845493c6318fc47290ff55180f4f0c346ad4c94d681de5f1533d6a7db16
11874,2025-06-20 14:35:56.880,2025-06-20 14:36:00.930,pro_TrCdua9o46LnQpNbtmmF6L,ken_app_prod,158ad9875b178d18a75b4d9fd2f648d3de9c74f0d5cefc244b59d75350b49193
11875,2025-06-20 14:36:01.899,2025-06-20 14:36:04.876,pro_EyXhWgPt1xWmafAn2Kno5Z,ken_app_prod,5ba7cc8217b9f9db40a04f85909a0351111e461ea93d016e57fd23c4eb061116
11876,2025-06-20 14:36:06.344,2025-06-20 14:36:09.669,pro_EY2z7UGtZp8SA2kq6GjJjd,ken_app_prod,0623b2a885214164e2a4fdea0bec9dd82f3c894b824d3f0713925dbe73e66802
11877,2025-06-20 14:36:12.901,2025-06-20 14:36:15.852,pro_Ex3yExpkLs7zq7itpeMXaf,ken_app_prod,e53892de61da9f54630578554096aae9f90ea07b2f34867716bbe24341639d58
11878,2025-06-20 14:36:17.766,2025-06-20 14:36:20.279,pro_SwpCNvLvVeLWiBy1iNf4iY,ken_app_prod,cec0f4e8356f68aa753eef9fc739d8d003afc675b601621cd0028b187b1cf2af
11879,2025-06-20 14:36:22.710,2025-06-20 14:36:24.256,pro_LsBXcFyCz4K92ZZNPk4AM9,ken_app_prod,8834e4d24b0e6b27f7da53f7a61abb183a864f354ece68128f015da44d5c780c
1188,2020-07-26 03:18:22.992,2024-03-01 18:27:57.004,pro_JqDQGZAF4SrRDnNcrfus7N,ken_app_prod,0d0a8b1b0d49c5051154b8e8144a15b0383ac1ba3b28b982b5393f9994dbe613
11880,2025-06-20 14:36:28.517,2025-06-20 14:36:31.597,pro_Dik1eZLEWEZPLr7TwKpVkZ,ken_app_prod,59f512371c4cf3bdcdb5f7800d2701ab29bd029e37c10b16e359531d5a6004cc
11881,2025-06-20 14:36:33.423,2025-06-20 14:36:34.902,pro_RtTZBJYLdi6A2z5161J7CV,ken_app_prod,f8bd6da65043e97012f842337f0be0b4a6a247187d34ba786d55ebbfeab7fd1e
11882,2025-06-20 14:36:38.504,2025-06-20 14:36:43.156,pro_hKKMSJJ3ovxFSqBv2qxnN,ken_app_prod,4d34668003b42df8d818a36b79961af0895b75229f5db31b6a7d6841e6e99021
11883,2025-06-20 14:36:44.453,2025-06-20 14:36:48.212,pro_JCsqguGWjpJ8HmDBe1ewv7,ken_app_prod,3f1b263ece6b4d0dfec369d97d478135b6ba992c0a573739c5e547630eb2e599
11884,2025-06-20 14:36:49.650,2025-06-20 14:36:51.194,pro_Hc7g2RXPPyUC8ockf4jx1D,ken_app_prod,fa1aa18c666a09d019d46bae3f80ae27fe387c83292dcf71538c8ff7f2e29c78
11892,2025-06-22 01:22:16.741,2025-06-22 01:26:54.146,pro_3wCBy1GyNGAoKbHZuBWEc1,ken_app_prod,cfbd5653add4b1d714de1ded1b72426c63b5f9fcb2c8bb3c3ef9aa4f640010c0
11893,2025-06-22 01:32:40.457,2025-06-22 01:34:53.765,pro_FYgQVnwuotefr1sMpav7t3,ken_app_prod,4638a9ff5857d261bb42e9b5567e3b27932bc204ad4ee0254df2c0a1a5e3441b
11894,2025-06-22 01:36:50.598,2025-06-22 01:37:54.978,pro_8C9mXTFfd1FFrzBvPYCXb9,ken_app_prod,9518f7b243137055911777ef52b50d6909e2b440c8c01bf12c911b91f7cfec57
119,2020-07-26 03:11:25.400,2024-03-14 14:24:09.759,pro_S3ku6pSWWcDdKdcnEG5Fre,ken_app_prod,4458e49b65a1e3a8994ca2fec485b9471d0cb2407af741b266383b5a9cea225c
1190,2020-07-26 03:18:23.563,2024-03-19 16:54:09.296,pro_7wdGms7h68JgnQCwsZYK2c,ken_app_prod,1b788656ed81b8634286ee520d69e2fec1298734ead87064530b2d8e7d2e1b46
11915,2025-06-23 16:02:29.677,2025-06-23 16:02:34.561,pro_Bj2RRBtebaJznCFEv1RPPz,ken_app_prod,3462ff02d8efef59e82a9f9843e2698c7fb4d8c56cb29bd06f6baf2682c75d7a
11916,2025-06-23 16:02:37.234,2025-06-23 16:02:42.946,pro_8W4tkGezgLPCwFcGkoCJfW,ken_app_prod,7a0476ffe13be0f6b95baddabe53213e548a11b612d828866578cea8303ba909
11917,2025-06-23 16:02:46.479,2025-06-23 16:02:51.174,pro_Y3LDFQ46q3RxwiggmDWvsx,ken_app_prod,b35a28d869c811f9ff8497ec0dd443dee0d01b8d7673ac368d0271b9f6722b82
11918,2025-06-23 16:02:54.406,2025-06-23 16:02:59.040,pro_6k5vCybwzJfFdop1pUzCfb,ken_app_prod,11fce2bac56d9afeeba870203740e10ea9cb43419a149d4eff3a72920bf172e4
11919,2025-06-23 16:03:02.777,2025-06-23 16:03:07.173,pro_S118SkAdkQ251P9YV67z7r,ken_app_prod,15efd868421c48dbd382724af59e2fbe9838b43fea1d3aa026a64b77b3e7a9bc
11920,2025-06-23 16:03:11.256,2025-06-23 16:03:18.693,pro_NLbZS4RUSuDq8VE6AmdNyt,ken_app_prod,8c7754fcc3137ba000c35784b98b9ccaa68db47406db767ee3a5fee2ba6345ac
11921,2025-06-23 16:03:21.482,2025-06-23 16:03:25.079,pro_VqTVdXkEpLChxmYmDecjrc,ken_app_prod,353a95f5a38faf9064365d14311e7d9d28113eb83644b91013789e56a2753ea8
11922,2025-06-23 16:03:28.620,2025-06-23 16:03:32.893,pro_U3k4YYjKftyAxV4Kj84kCz,ken_app_prod,6fc70cea7f0c8905f5acb527b5f0e59efac34e4bafb743d4a9741d902eb60529
11923,2025-06-23 16:03:36.883,2025-06-23 16:03:41.506,pro_9YDzTBGkEmrjPbf4XyuKCR,ken_app_prod,897f32b5d50c1d9dc2f458f98d396328e2ea714a268f4346582ec3886d50525c
11924,2025-06-23 16:03:44.433,2025-06-23 16:03:49.030,pro_3qaC4fzr9rDFVfezzgPnug,ken_app_prod,742f339ccf9cfafc057e6ed73f1f36ec095bd7df27deb71486aced48d25a5083
11925,2025-06-23 16:03:51.958,2025-06-23 16:03:55.895,pro_WMMUx2Ws1Tti1XL1uTkrA3,ken_app_prod,18cc46c3e289dd75144b1a3e8e25f7dda7e39e86b141a35b81a958e36ecca736
11927,2025-06-23 16:04:01.088,2025-06-23 16:04:04.994,pro_TBDj3HYjwU5eNtkDsv9Nep,ken_app_prod,9c4e2c9d36de346d52a83822fb3aba9befebc8ecac26b08490ed3bbabcd57ba0
11935,2025-06-23 16:04:24.306,2025-06-23 16:04:28.170,pro_7sbnhYeQbM7aYDRGF6XKV8,ken_app_prod,d346a57414efd0b83284fe99a4a34405501f65f22f8dfa9fc621db5478d3b103
11936,2025-06-23 16:04:32.815,2025-06-23 16:04:36.946,pro_CFbUVGUdFzNZgLMZApvv6u,ken_app_prod,1db725bcd27eafaf7c60000305b54bac4f0aa1f8e8d9ed08125cc09f85ec1f08
11937,2025-06-23 16:04:41.237,2025-06-23 16:04:44.682,pro_QSoHzctwmPgaK2p7PcgViz,ken_app_prod,5a37d3d9927fadb20af18e995ad0241e757576f53df09426f3a36dccf630050c
11939,2025-06-23 16:04:49.985,2025-06-23 16:04:54.432,pro_3Y4MEQrk9VdJgM2DAHoisq,ken_app_prod,850fc84a92d56009271d9fd943118ce69dff3fd54670bee0d26ce4fa4206d5c7
11941,2025-06-23 16:04:59.221,2025-06-23 16:05:03.725,pro_8P5yvsHo49sSeE39LozBt4,ken_app_prod,328585d0977805b45b4fe5604f69e53b0faed38d8f6d1b204cd9ae62ba33d864
11953,2025-06-23 16:05:30.351,2025-06-23 16:05:34.534,pro_UDejASYY2kE7YDxFvQ4Bk3,ken_app_prod,f8f6edbde9734379aa0901e86cca9f10194befcd180f49be5f56be9d86004ad4
11954,2025-06-23 16:05:37.866,2025-06-23 16:05:42.111,pro_YBwFqwsqw6h6gpSpbDAjxr,ken_app_prod,6180d78712ce06853d2fef39a163fea198215abe3b20b474f8e30d50f03e0fac
11955,2025-06-23 16:05:45.446,2025-06-23 16:05:49.148,pro_Fc9ZTmmFAnwACv3XdKW2Wg,ken_app_prod,84cb512d64a916cf8ae2586d93faf66a1f454ea483f3c559602757618ea507e3
11956,2025-06-23 16:05:53.267,2025-06-23 16:05:57.953,pro_XyiSuBYL4RNu2jPBi44Q7N,ken_app_prod,5c9590e69b6578586e5ab4fbff0df2116630be36cbcd4fbcc78b3b54b4b45d69
11957,2025-06-23 16:06:00.691,2025-06-23 16:06:05.417,pro_AfDSr2bGL7FR9ASMN3BF9j,ken_app_prod,2d8b9acb9377836e219bf0a3e3dd3e928e7cfd50a4593d681b30d9f7e6336321
11958,2025-06-23 16:06:10.035,2025-06-23 16:06:15.023,pro_RA9YngQWcmLFpqGJHyhAp6,ken_app_prod,fce2b4c1f9a2cb7352c9ed73d2643840549145978c0bcabfdb009a4c168061dd
11959,2025-06-23 16:06:18.295,2025-06-23 16:06:22.860,pro_zKBdCqAAZTBETMLiZgCn2,ken_app_prod,cb3996b07850c13266e0cbbe83900643462e74add6e21112eb2d9013840a44cc
11960,2025-06-23 16:06:25.542,2025-06-23 16:06:28.542,pro_D4rPqU2fsyj5fJFFThEBmH,ken_app_prod,e2e3ff16a8733d206b39d936dadc989cc285a085ed3f4306f178fd8eea7e6cbd
11961,2025-06-23 16:06:31.298,2025-06-23 16:06:37.087,pro_UYND22vEEJrf1N2EM747kT,ken_app_prod,f614aa2d2e4a2aa30298332af888708ea086d3078b87927395fe73c23e419816
11962,2025-06-23 16:06:40.308,2025-06-23 16:06:44.503,pro_RS1eySEFCvGWBuY5P7Ukae,ken_app_prod,afd7d8602567aee471cd7121058c20f9815a87a31ed0dfa14b709dc80b0ac03e
11963,2025-06-23 16:06:47.415,2025-06-23 16:06:51.346,pro_4mxeYR41BPfcAAVbv8oMSr,ken_app_prod,767ac1e15897c14c8a94e11ddaee05df28b79fe01d49aeb18c2a21ef16bcc1c2
11964,2025-06-23 16:06:53.750,2025-06-23 16:06:57.497,pro_XcoTMruap7pTHVzy3Qz5Px,ken_app_prod,dbeae0f1d126a744424dee5dcff5a466a4be1e6e1e49e74374c5d0dd76b80eaf
11965,2025-06-23 16:07:01.144,2025-06-23 16:07:04.967,pro_GL1UAJrR2ybLXhtEXjSY3G,ken_app_prod,90ccd82feda7f0543036ede4a9a2d3d5dc3bce20d9b3d381c92f303ce7b0b393
11966,2025-06-23 16:07:08.668,2025-06-23 16:07:12.920,pro_6juRFLT4hpEuHU51T8Xj5N,ken_app_prod,35657c26953342c79feb21824cc3eb32bdbc22b1464aa1bc00a869092fa54fa7
11967,2025-06-23 16:07:15.607,2025-06-23 16:07:20.272,pro_AYSMXVkJ2htxDiGiNG6X1s,ken_app_prod,7c60a7513c8be90dcf9af450244134965dd35b448c4f27912c6c20d7ed8ee018
11968,2025-06-23 16:07:24.300,2025-06-23 16:07:27.934,pro_TPv8U3GEw3rmxKm7FLNJfv,ken_app_prod,53c4a1332ab20b95430f3ecaeec0baa8eee8c0005c646a59e4cab7d254e3349d
11969,2025-06-23 16:07:30.742,2025-06-23 16:07:35.154,pro_3Tj6NHAPKFG5wDLXLejfp6,ken_app_prod,61b23aaf256741cf07c9b7321a367f444ac0a0f681e5e9aeb9297920545e89fb
11970,2025-06-23 16:07:38.506,2025-06-23 16:07:42.109,pro_TaikreZqCQSnVeNxG2GtoV,ken_app_prod,180cd067ec32a123ae372c604fd09f4e2de77ff3aaeaa6e9cbbaf50b3b43f4c1
11971,2025-06-23 16:07:45.469,2025-06-23 16:07:49.916,pro_TpYt6pa44y1sp4XL6pTHi6,ken_app_prod,de2a134eaf616e87fc844bcb650f413dd183678547f4a9ef8e81a7dde5fa6f64
11972,2025-06-23 16:07:52.164,2025-06-23 16:07:57.283,pro_VddJDFVGy3VoeFXtThH53i,ken_app_prod,41e9285c5e3c5941170a40dd60469f8d3e8ac0ccc29d96cbb0a085ff3f6913f9
11973,2025-06-23 16:08:00.220,2025-06-23 16:08:05.164,pro_L6owu7vSPzNU5K1Am84WEr,ken_app_prod,96d27d53734ff4a471afb46f8351f838e4d52ef50363e6c4fbba52730d9e89bb
11974,2025-06-23 16:08:08.208,2025-06-23 16:08:12.519,pro_TV6yBQwFXkNnj4c4ik9xBY,ken_app_prod,d6ed93bdad4e57f1a793f5f81c79e077d43eb2e64791d7cd4572ec1ff6a190eb
11975,2025-06-23 16:08:16.222,2025-06-23 16:08:20.501,pro_Aci2TMhBA2hecb7UxCnCD1,ken_app_prod,779fcaa70b850d5d04427600b8fc8091383dba3bc70e30fe61c3972ffa27cd06
11976,2025-06-23 16:08:22.931,2025-06-23 16:08:26.908,pro_LPSQFWxp2puPYVSWbZL6Ge,ken_app_prod,8b9473dd0d3d1d27d54a58fc7ebca1380999eb06b7f80a0f5c4621bc17aa7a1c
11977,2025-06-23 16:08:30.734,2025-06-23 16:08:33.278,pro_CyftTdyYgfdhe9GtTU3A,ken_app_prod,3ddd69b7cda8546f2e5a74273f77f34ec4a5aeebf597e44ea21b0efd48a39b64
11978,2025-06-23 16:08:35.663,2025-06-23 16:08:40.094,pro_DHuVQ1Gddc6oxX287LLYhu,ken_app_prod,1d65d5da4888207a23f30d3af7ba68dde1be4f909757e1436cebc2b0a9f82ed9
11979,2025-06-23 16:08:43.426,2025-06-23 16:08:46.833,pro_4faNXLZ68HSKqwzhLdZxs7,ken_app_prod,aa0b86dba72930ed7c70ac1829ff65b9ad2bcfaad9b10a722a14985fe8217461
11980,2025-06-23 16:08:51.763,2025-06-23 16:08:55.969,pro_Rf9ocm4X6ayNK4SWjxZMPq,ken_app_prod,ae8aa2cfcdf69107fac809587421bd591c4f848ee443d8e059f8d5641f044e3d
11981,2025-06-23 16:08:58.699,2025-06-23 16:09:01.035,pro_HXY9WRTBw76QJpsRw9scUC,ken_app_prod,6b6c1918e1b60b92bc8ae2bb9b43b5bb9898189719de01956b9588551b15d727
11982,2025-06-23 16:09:04.450,2025-06-23 16:09:09.029,pro_BTrKx8Qck3f125ZUwv4TDm,ken_app_prod,e2130ab282e377e1190e65a0712ddee2c6339b350f647fb067d24cb3486bd17e
11983,2025-06-23 16:09:11.443,2025-06-23 16:09:16.595,pro_8Pm7FqhvBtsmKsngq4TpdC,ken_app_prod,fd335bc413cf9046072a4131051c6dda4b233bdc137f25236ac899353525195f
11984,2025-06-23 16:09:18.354,2025-06-23 16:09:21.981,pro_6PE3J81rNC3xZbzWEvm5u6,ken_app_prod,3edab1e97c96854a084e6dda5f15277c5737825031bd2742fdd188fc8297e820
11985,2025-06-23 16:09:25.412,2025-06-23 16:09:28.001,pro_YHgivJGXejsVroJKjzKTe6,ken_app_prod,c9c6650c607459dc495d5bea7a26f6b04ddc260b9fe8492efccf9e2b81ff8e0e
11986,2025-06-23 16:09:30.825,2025-06-23 16:09:35.023,pro_GUjnV6H9CdL31eah1L2ytv,ken_app_prod,572fa36ed38ac59efae0473ff51bfa38c67e08c5c490efb764b23c0aa7128a4a
11987,2025-06-23 16:09:37.266,2025-06-23 16:09:41.463,pro_DAww7RwYuMzWaRaLRd73oq,ken_app_prod,7be2c3dbf635a908928ed1a5f4f59b6b82878cd38112ef3b23e6e6133fd25dc7
11988,2025-06-23 16:09:44.805,2025-06-23 16:09:49.415,pro_DjvxiQGpBabbLW58pxDKjm,ken_app_prod,23e164a5975f5975f8c1ab517e185aebea69614a3a3e28c5f07ecb7d4ffe3363
11989,2025-06-23 16:09:52.294,2025-06-23 16:09:55.828,pro_YRYkj9CuoyTc7Tnx8296Kn,ken_app_prod,d1be17052f6eccde05b4bf160020853c09adb23d4b84f3c3bc92cfa711c2a25f
11990,2025-06-23 16:09:59.895,2025-06-23 16:10:04.555,pro_VzbHgUGWKYuxEQntYrLmrM,ken_app_prod,e5709701876be3a18782fffc8d0e162726a5c07dfbe2de3062ba2b9e48a54016
11991,2025-06-23 16:10:08.343,2025-06-23 16:10:10.713,pro_YL9QiAELyodZFUxexeYyy6,ken_app_prod,d98d1d3f710863f787ca827ffceed37d8bf3ad837b724b76f93d9bff6d5aa6b6
11992,2025-06-23 16:10:11.956,2025-06-23 16:10:14.748,pro_51zvxFYau1KkSZ2wM9mGtW,ken_app_prod,69c33b17e0f0cb5fbcc37f66c8c8fe654b42fda4dac394f9fecbaf44dc4df3d1
11993,2025-06-23 16:10:18.640,2025-06-23 16:10:20.951,pro_A9Lpmze74T6EhZ3Bx5D9Wv,ken_app_prod,5fb55a782167658038f0e0b67b4b16a95f8157b330a07a1774aedd6b7b6cc1bc
11994,2025-06-23 16:10:23.750,2025-06-23 16:10:28.376,pro_4mSGVf8DfYmespSSYzAYQ4,ken_app_prod,2069c64ca9bcf7b529149af5994ef6bdaf95aced882de8d9539cecf6ed2d884f
11995,2025-06-23 16:10:30.092,2025-06-23 16:10:33.770,pro_TXGE3vsBDx5ZSyKeB6Tt1R,ken_app_prod,41113137bf010904362873d75cd2ba9f15abe992037fa356d9aecd7837643714
11996,2025-06-23 16:10:36.511,2025-06-23 16:10:39.930,pro_3FXMDWzn1E6CmseC6sNfTa,ken_app_prod,b61e8bf9a131a2aebb381beccd2932aff2cc471c1513e9658235f41e4f38cda0
11997,2025-06-23 16:10:43.412,2025-06-23 16:10:46.997,pro_EiqLBSHe6Xu6Wx7n8ohuzt,ken_app_prod,c661f8bf8d61b67a28f6e1ab3fabecf1a597600be160411aeb1db3d3dab8c857
11999,2025-06-23 16:10:52.022,2025-06-23 16:10:55.172,pro_TFMba6uTSAcnT3gUEGLTBn,ken_app_prod,469a47108b9544ad35d06e75867a5179791073c1b145af03055c5ade0f60a535
120,2020-07-26 03:11:25.814,2023-11-30 17:05:14.619,pro_H9h8zZoouH6WfhadrshxjY,ken_app_prod,bdb77aa50b607010e5183687c52373ae1c0d669cf313ac77b7116a58a1785698
12001,2025-06-23 16:11:00.918,2025-06-23 16:11:06.113,pro_WFW2nhiz4amSpV93Sfw4xV,ken_app_prod,ee7d399f1968ec6740a29f7699fab6de5c5837b519682dc1d924f5a19828f72e
12003,2025-06-23 16:11:10.577,2025-06-23 16:11:13.662,pro_MpSrjt4XgFTuJU1ZH2f5GR,ken_app_prod,ce84c01155173d2e9165dc6940c65c31eadabe0c290abe89943e265a35f97e66
12006,2025-06-23 16:11:22.628,2025-06-23 16:11:25.408,pro_JKzKyb1UW4B5XXqFdaUDRy,ken_app_prod,84d4b3f53acb45d5d78d6d203b6766f270c4dc1bfe68bffef223fd8c605d31af
12007,2025-06-23 16:11:31.019,2025-06-23 16:11:34.731,pro_LoWgwsapjpJqr3XKH8V5oG,ken_app_prod,e615e6eac391c3c85d0609ace130229611ebadb5714a8eab4251b1360a67db66
12008,2025-06-23 16:11:36.967,2025-06-23 16:11:41.117,pro_AsmV3fci2DPYkJ1rCEZEgb,ken_app_prod,0e7ed8c99165c6aa4e61da1d68012e7ebabba62ee0c68174797470b087a2d124
12009,2025-06-23 16:11:44.338,2025-06-23 16:11:48.698,pro_CHodioNGsfWLP2YkAEbaRx,ken_app_prod,bf22c3ce2635ac94d2ca1a6bf00fe58ad109187a9401c6c3e52dc1919d7cba24
1201,2020-07-26 03:18:26.625,2024-04-29 15:52:17.644,pro_N599XmZWufMwiz9Wg6z2AB,ken_app_prod,d5b223242ba0ac9241a32bf4bba3ac0659ce2f0b0e492e951b21fb63dbbb1add
12010,2025-06-23 16:11:50.964,2025-06-23 16:11:55.401,pro_9oy6hhHU5Uxc5BpYrhuwjy,ken_app_prod,d301f0b34c7de62f6c98f9606f2d6166e914e21b3ffc8ae12668a32dc2141b1c
12011,2025-06-23 16:11:58.134,2025-06-23 16:12:01.799,pro_R3tvJnHCBWJW4fUeNviqMV,ken_app_prod,4933a3be43dfd554df5edd0adc07a23c30e2d80594d9279507605e898ec77db1
12012,2025-06-23 16:12:04.025,2025-06-23 16:12:08.347,pro_2N8gzD8QXastvQxCMfECww,ken_app_prod,848c26e28c594f4d4889b9396419cdeb0c8314667f0909313b6b1ad9bcc0b967
12013,2025-06-23 16:12:12.321,2025-06-23 16:12:15.497,pro_3EhvVa88sRvTiGSyFBxpdk,ken_app_prod,ff9f50c2f3e5dbdb86a3d3b2af03ca449d6f2d327a5a7a031fd552f71aee6e5c
12014,2025-06-23 16:12:19.504,2025-06-23 16:12:24.165,pro_7VQt8TL595UWBbTRVkzxmS,ken_app_prod,8380ee76b056a54f64211b427962f09ba4c62e119ce27ac8c000ac826c860371
12015,2025-06-23 16:12:27.449,2025-06-23 16:12:30.617,pro_KzbddruCVUSmaP7pLJ3fXe,ken_app_prod,2e6d37c2f05017b377f96abbc8daece23a6c25b883142c53cf48d34266baa5f1
12016,2025-06-23 16:12:33.416,2025-06-23 16:12:36.864,pro_UZMKAooQ3SCCHUfbqpWfGA,ken_app_prod,cc6532b4a31ee5295e48a47167c13f72a5556c5d1ee1dfd7f11b4c280a533fc8
12017,2025-06-23 16:12:38.993,2025-06-23 16:12:41.995,pro_NgE8mRHcfgnexi2Gp9h1fh,ken_app_prod,16e9bc36381206322af3936299a27bb290d253e9cbfd4123832034e4b4c8991d
12018,2025-06-23 16:12:44.840,2025-06-23 16:12:48.272,pro_T55Kq6XBQMygxUczQRaF1f,ken_app_prod,888f0e7f97053507993f6156a3aa309926d044f8b16039e6b72b4550f23ca508
12019,2025-06-23 16:12:49.911,2025-06-23 16:12:54.446,pro_2dpzbmFS1dSUqxFBBuRpAg,ken_app_prod,e13d754a8deb5155936bf010465a60afd1fa2e123c502c5482b50cd20bd493b8
1202,2020-07-26 03:18:27.004,2023-11-24 10:55:52.105,pro_Qx4GARifMVvXVmtw8X4W9b,ken_app_prod,4fc94b1f3a2ad2891d528ff0316353e2fa98351861188046f1ec7e8210eb29cf
12020,2025-06-23 16:12:56.686,2025-06-23 16:12:58.872,pro_59vG1MiVyoKWsyQko8cj2M,ken_app_prod,c956f9bb3a08ec1dc6b2c7dd4bf7d953f05c72872e47566dea6d45d0de7c0632
12021,2025-06-23 16:13:02.424,2025-06-23 16:13:04.717,pro_XzhhxEQ9oiPgA9siv3Ekyy,ken_app_prod,18f9ba3a88de0fa12eeeb5cf28859be9a633f229f93ca4d6d3ca71a8f61546d7
12022,2025-06-23 16:13:10.164,2025-06-23 16:13:14.221,pro_Wb1CxZDNzAKrAuJU9a9gqW,ken_app_prod,86ee127453403f0920130416b0b710e85e251b5698ae8e0cd7908b21d99a1da3
12026,2025-06-23 16:13:25.154,2025-06-23 16:13:29.442,pro_CuF2cbmfWByh7nL3coBUFH,ken_app_prod,79da0880a059db0decd498f87ab7c6def699714f6e99f89353ad41b9ceec21fe
12027,2025-06-23 16:13:32.081,2025-06-23 16:13:35.524,pro_WLKiGKybYxjnmNRTpShayJ,ken_app_prod,ae6e8208d279c9347de14b44cd44a5a57339ce82c5e3c32140adec72b299e7bf
12028,2025-06-23 16:13:38.971,2025-06-23 16:13:43.528,pro_Mq9ocX8U769TTo6yHdcfk7,ken_app_prod,8c2620f94374d9b6d5cce6501360378e21825f54e0d0fb96a139318e84ddf721
12029,2025-06-23 16:13:45.876,2025-06-23 16:13:49.677,pro_4SNXBsG7uSSpBWfh8L7MWL,ken_app_prod,4b42897ac432bc26a20e0890992aad83b401cf765f5b6f2c9097e30557757d0a
1203,2020-07-26 03:18:27.421,2024-01-11 16:25:31.929,pro_GhUBrPMEaphgw8tTV3PkbG,ken_app_prod,94277082c3d44e9c240510a932b85bf17f559572d27d221fc80c5add8dbdc9f2
12030,2025-06-23 16:13:51.361,2025-06-23 16:13:55.742,pro_6hvyBBpVddnnnk2izqjJz6,ken_app_prod,a959aa5386923397472cdfe937752ce5e54675655d86678ae5192cebc9f0c54c
12031,2025-06-23 16:13:57.435,2025-06-23 16:14:01.737,pro_3CMKWGGxgPmLzfVhy6uzqU,ken_app_prod,aff180825089e06a540d7b10d1ef27ddff723b27168280226b04f5d979de2393
12032,2025-06-23 16:14:03.479,2025-06-23 16:14:08.071,pro_KJyuheDjiFMm1raqVPUnR8,ken_app_prod,0363fca0cc76b0a77b9c10df15b02d5af723247b80036a2a6fe988e1abbc8886
12033,2025-06-23 16:14:10.367,2025-06-23 16:14:13.929,pro_KXRxnvKT1agFii3UKMeHiH,ken_app_prod,d0fc9e481299134148361ff81f0e459a4fff42bcececd66e1837d1e596a6e65f
12034,2025-06-23 16:14:17.475,2025-06-23 16:14:21.576,pro_J4WCw37eJwYfoABuK5XE5C,ken_app_prod,888ba4e01eed17a8757ad235cb803252284b8392ee74e65515bbddf486099137
12035,2025-06-23 16:14:25.899,2025-06-23 16:14:27.944,pro_JLWw7DSmWVyxK3eLMme7My,ken_app_prod,e0a438c313464fed2013dee0a31ba13eb77e49a2da915ef3298173f58b768396
12036,2025-06-23 16:14:32.859,2025-06-23 16:14:35.615,pro_PXG9CTcEZNhDuMmV9jjUwj,ken_app_prod,984d312cc7399ef3aae6f9a69dd98d7d226c471a4b2917939f44ae29fd5aa84b
12037,2025-06-23 16:14:39.497,2025-06-23 16:14:42.687,pro_4jsxNgApvhicwt4MN1UU7n,ken_app_prod,ec21d4037a957f45f25c6e3c41c4977894add068456dab7c630dd38b88b0dd9d
12039,2025-06-23 16:14:48.835,2025-06-23 16:14:52.740,pro_289LtfsNS4Dq8AM8SrTo8S,ken_app_prod,1f6ab4ca180e7517caa5e2122761429b34a668cea453967d618727977dc9b3ab
12040,2025-06-23 16:14:54.687,2025-06-23 16:14:58.469,pro_K2u8pG7VGM6UaFNv2PRzvh,ken_app_prod,92e1413a05e99f812dae1eff42a55751a0b576dcb8f587822fa6f64bb4718d39
12042,2025-06-23 16:15:03.966,2025-06-23 16:15:06.048,pro_NGBNoB5mNHxF4yBVtbmwSg,ken_app_prod,82de9c7a0675a258b5be31f1ee18a5744aa31ea6145d50ffff364382fa385035
12043,2025-06-23 16:15:09.054,2025-06-23 16:15:13.005,pro_6bsaEP6HY1P7wKdo7RbHLN,ken_app_prod,e33df41c5da61b5b6861d812b264b214a612cc7c782792b3dd9f3630eb350fde
12044,2025-06-23 16:15:14.496,2025-06-23 16:15:16.684,pro_P2bSU2G2RoTxnJgouVv5Bj,ken_app_prod,b089897864479b978589d45aefff15dcd11bad3046e1db61f7e13f2056854c5b
12045,2025-06-23 16:15:17.728,2025-06-23 16:15:21.363,pro_73J1bsYYqz7vQCMyE9r1C3,ken_app_prod,85c9dd5e336ee7b1feb4fa2267be3ae55f3ab519d6d2a49f773659b1fb335db0
12046,2025-06-23 16:15:23.908,2025-06-23 16:15:26.819,pro_UYr4kJci8Ggci4cdVvA3WK,ken_app_prod,d6d4f8842de71939e0716cadd3c4908db684f4f504b554565e7d5ed50ec67c31
12047,2025-06-23 16:15:27.805,2025-06-23 16:15:30.094,pro_8u8grdqJJfvGmZtdxmkThD,ken_app_prod,0089f375516b4670072c83f3382e9963edfdc5aed40e9c90c5a39adbbb932fa1
12048,2025-06-23 16:15:33.338,2025-06-23 16:15:37.485,pro_9G4UcT6fBSmKwDWHasmGEZ,ken_app_prod,8427ce2229de26433b6d4d870e39de419a9e469c88fe1cbdb141566fb626be2d
12049,2025-06-23 16:15:40.107,2025-06-23 16:15:44.456,pro_2qqVpTDciHXminUwpx4YZk,ken_app_prod,8a3098bd2f9f395e6ee5900ef77bf3db0d5ba84064250006636130a567e28212
12050,2025-06-23 16:15:45.976,2025-06-23 16:15:49.910,pro_WnUUzKmdc41ZacsNtqgof,ken_app_prod,f3f28342eeb6d9a9be1e9fda8d4814bdbd5c5bc64b8e917c1a521f5044ab4d9f
12051,2025-06-23 16:15:51.412,2025-06-23 16:15:54.956,pro_2j4Fdepz8bE3g2L9eDj16g,ken_app_prod,759ee25c238b101d933bb0efaae27b25ff03744f92bb08a06f968329aadd3dde
12052,2025-06-23 16:15:56.457,2025-06-23 16:15:58.605,pro_YRXHU5odkMH9er5fi3yCpe,ken_app_prod,567f1a78309774b6898d1a843078006b4cb97a8985360d03e5551e0b3fda3d07
12053,2025-06-23 16:16:00.782,2025-06-23 16:16:03.751,pro_6n1GRPy4pmAqa433tELafV,ken_app_prod,7509ae065328205e5560c03e937a368899e72ddd77dff513ac54f0c41f4f1b09
12054,2025-06-23 16:16:07.027,2025-06-23 16:16:11.003,pro_9SMhwQUpXbQmjKpM7dgnxb,ken_app_prod,1c9ecca0e70c59b312189cd4fc48c93f19d11b19d0c137ba6a2092d9069abc79
12055,2025-06-23 16:16:13.602,2025-06-23 16:16:16.843,pro_DXJLHWwsJTUton63Ly9B7Y,ken_app_prod,1ccb4fd1ef8c03bdc1eb8d2713b49131cd73c98f3036ee0aa2de855e0d450135
12056,2025-06-23 16:16:19.455,2025-06-23 16:16:22.807,pro_2cGhE9D2A5Rhx9uMLYv5Zc,ken_app_prod,92ea36a067d7dbfd324ef955fa9d96d66b8acacdb458ba4d6e1ea4ec21ee19ec
12057,2025-06-23 16:16:25.922,2025-06-23 16:16:29.841,pro_GBJGFUobMixfHH4XUwtQtK,ken_app_prod,06694e1e335ddcf5f595609a55679b49bbec0a1b5f4b461a2f238ed128395c2a
12058,2025-06-23 16:16:30.869,2025-06-23 16:16:33.112,pro_DymyjNdHkK2bDakGsJmRXp,ken_app_prod,704fbe1aa642406db9754976a65649a6acbbe620acd053e4b3ec6fe8aa4768ef
12059,2025-06-23 16:16:35.659,2025-06-23 16:16:40.214,pro_JUytKacXQVV3TmQrBNKxLN,ken_app_prod,56a1a3c86493aa00d08cf53f5b97cc91132fade5e9aff10524a83c51181c35ec
12060,2025-06-23 16:16:41.770,2025-06-23 16:16:43.966,pro_KTktjKmhDCzRVwCL7imxZS,ken_app_prod,3bda151b0e6aed46f2021b5cc5887b95f47fac77d67c09bc5995815584772879
12061,2025-06-23 16:16:46.051,2025-06-23 16:16:49.469,pro_S9N3e52rbcx6YLssDmYbap,ken_app_prod,0f5da9e315fae2126f4031b44ac6088cb1b05c2058d990718cba201efe946610
12062,2025-06-23 16:16:52.222,2025-06-23 16:16:55.722,pro_QPhLtjQVXzaowWCXBtytMx,ken_app_prod,05d0df1fe433635dc3a530fdb1686d392be6cf4b7fe24030b57b1c50dedea944
12063,2025-06-23 16:16:57.709,2025-06-23 16:17:02.231,pro_Bf1ppgLth9WmfJWDdZNe9L,ken_app_prod,53d3e033145aea165117bcc30ebc7d11e29c2d1b2af5a277c4256612c44ca224
12066,2025-06-23 16:17:07.621,2025-06-23 16:17:09.749,pro_2T2Y9bVDBeSYhmD68chLAn,ken_app_prod,706acc10b748d6f212f09bad6377b66b6b8af2ac58013b48c80fbf92488c4b5f
12067,2025-06-23 16:17:13.957,2025-06-23 16:17:17.618,pro_ytAwZyvXTQaLmWwQWtTxE,ken_app_prod,52674050407712ea70fed94aa2f233835001b70fbc0b7a24b36734b9c6f43ff5
12068,2025-06-23 16:17:19.101,2025-06-23 16:17:21.622,pro_2EMoJ7xt2FHtBDwVcwbXAi,ken_app_prod,72a2ba6883a99fc7789f9811967fe445cc57df32a311feba1e58c9637c974bf2
12069,2025-06-23 16:17:24.404,2025-06-23 16:17:27.846,pro_DuDg3Roj4sRELhJLhdUEYN,ken_app_prod,5a0e9c4bf0eb7b4391d55491a2203b3481a82d42183af034d37af3fa0257a54c
12070,2025-06-23 16:17:29.323,2025-06-23 16:17:32.715,pro_KzafjPNPZ4x1i7vDua4Je3,ken_app_prod,a25508a38b46ee81cb88490352b3d8c4eddb27a7f499be1b2fcf299f10f2b2f5
12071,2025-06-23 16:17:35.984,2025-06-23 16:17:39.710,pro_RxQF5PVFDudR5J6fmxgJvR,ken_app_prod,9fe2aa15cb6cdfb90100b6e298b5020f8778648f39636727dc72545d765f9f94
12072,2025-06-23 16:17:43.117,2025-06-23 16:17:46.515,pro_CWhBjmPoizwBE1v4MN7iZz,ken_app_prod,385fa6e1079569b87f6dee797a3d6a7bf39219521c77b91baa4c677a61ad3228
12073,2025-06-23 16:17:49.481,2025-06-23 16:17:53.444,pro_GeztW7oQEp66p7DCenDTP7,ken_app_prod,140b9a135bcb8d07ba598161144e676daf4afe2030f85f510213018f78573b62
12074,2025-06-23 16:17:56.080,2025-06-23 16:17:59.534,pro_SYFT4mBga5KgDfUEmQ6iJa,ken_app_prod,be987c0a73dc60830178198f62dca3f44aa27306e300a317caf24d7e50b798f1
12075,2025-06-23 16:18:00.577,2025-06-23 16:18:02.715,pro_8Z8GDkRmuiFqEqAYBWZ9eJ,ken_app_prod,ac3dedb3a24ab20877f762c2895022ee3d1051a17c7a5ff51538ae8770dbf4c9
12076,2025-06-23 16:18:03.685,2025-06-23 16:18:06.930,pro_CN8gBhnsTEsVaEESmUFcyc,ken_app_prod,4f5d70f62f25e4b1c91e512f429176ad5e2b2284376e03a92ed417f4796105a4
12077,2025-06-23 16:18:09.438,2025-06-23 16:18:12.657,pro_FvpysZngxEBFtbWeCgWD8Y,ken_app_prod,d1616ca87602dd2323e41f96e278e20d3012dd95988a8c68df9464d019879400
12078,2025-06-23 16:18:15.222,2025-06-23 16:18:19.016,pro_XGdkH7yUUmTttF5daA3kz5,ken_app_prod,453a576f220a3f6dce2ff816a6305983fd34960dcea4a6b27bf9e38c8d735fd4
12079,2025-06-23 16:18:20.706,2025-06-23 16:18:22.896,pro_YW6KqQWDaASCobrjPjqRCK,ken_app_prod,e6f7c59655c44577e370103711b52f177ef7cdbfa4140fc2c0a2b286b1c7d3f2
1208,2020-07-26 03:18:28.782,2024-01-03 17:12:46.258,pro_HdsDfDu9d77g1i8Ta3ucrF,ken_app_prod,fa9c530fc891820ab61a37f8871d5717d79deb53470a2cfb0d1d654fdef4f296
12080,2025-06-23 16:18:25.394,2025-06-23 16:18:27.724,pro_XfpSnXCvedGrNRErAiJ3in,ken_app_prod,7e8bbb8b8a8954117988aff5d52b5ee8dc1a02a5503bdf67bf5f6057c0f9a610
12081,2025-06-23 16:18:30.558,2025-06-23 16:18:33.808,pro_AUxjveLcjKq3TF8MbVo7F3,ken_app_prod,9e52115b36452eb79a30befdf783e4407b483c616d8af8770e39a2aeed9ab48b
12082,2025-06-23 16:18:34.830,2025-06-23 16:18:39.064,pro_HdHLtuxP3qsST6AwQqLu3D,ken_app_prod,87710aba1f743f249d802e436c01e9d0c261ff9a55854d4e9da6843c186d7967
12083,2025-06-23 16:18:42.131,2025-06-23 16:18:45.962,pro_6ByVzxsXeAs1YH99wBULY,ken_app_prod,c24c5ec0f1111775ebbd2f23d293186732e519043dc468c121492f48a1e72a36
12084,2025-06-23 16:18:47.056,2025-06-23 16:18:50.318,pro_GKthtsYepuA2AWApFybUpp,ken_app_prod,d866c75fe8b827874958814cba17a03cc7c12de6fea069993f776fcc2d21cb44
12085,2025-06-23 16:18:52.406,2025-06-23 16:18:56.283,pro_Lnp8CgX8VvFjxXtXkMQ4vL,ken_app_prod,854bb06faf59d54af859e8652a680ab432ae6278af038fc950c25dde6eb9b9e9
12086,2025-06-23 16:18:57.938,2025-06-23 16:19:00.247,pro_Ssisex5Tc6c8D6pjsaSN9E,ken_app_prod,f885d798cc8781eaadba19195a95eddac2d53a099d4010a52e9c72d4caf1ce1b
12087,2025-06-23 16:19:03.304,2025-06-23 16:19:05.575,pro_4Jueak68k7WyoKbRdJrWX7,ken_app_prod,cb25c7b50e34560b758ca5491f03829ad28030514e2765a5a9677b80f7af021f
12088,2025-06-23 16:19:08.925,2025-06-23 16:19:11.195,pro_MTCwMtA3zQ2tkibLdW2UbD,ken_app_prod,058c4ce420f7321eeb0c194609cf1885cd97e855e95a3b90127d380bd47ccae3
12089,2025-06-23 16:19:13.411,2025-06-23 16:19:15.734,pro_KmquXBE2U7Mgepsc9kXtjz,ken_app_prod,0fd474c9edecef47b729c98170684d830ac256d8d03e196d9a1293164a4daac6
12090,2025-06-23 16:19:19.682,2025-06-23 16:19:23.986,pro_Pbn1UTEwGQmLkTVVgNosr1,ken_app_prod,2a88a26f4cf5165d5274e5443e88273518fdc64589d9dc45d113ff81c152a03e
12091,2025-06-23 16:19:26.853,2025-06-23 16:19:30.721,pro_Jp1LPK7hxCTsmj1wzbTRvm,ken_app_prod,f0d259c7393e046237789659481d22de256e17c861e8639cd94491b50ac638aa
12092,2025-06-23 16:19:32.907,2025-06-23 16:19:36.201,pro_VDNq8eqHB5vbxLciFqvpSY,ken_app_prod,3d8e81fad76b4992fffe14c42309ea5f695d8202853dab11afe973bb61eb0d53
12093,2025-06-23 16:19:40.603,2025-06-23 16:19:44.528,pro_VYrGjwLQepUDDBn4bJhAsf,ken_app_prod,317e63f5faf981d41e72fed39ce26029bacabf2d5fb6e987d56fb51bfde26f6e
12094,2025-06-23 16:19:47.165,2025-06-23 16:19:50.526,pro_2mVyqbfnjznzCc3WNLwzrE,ken_app_prod,b20dd26c7670f837ef20160221a21ad22f01b63ce3a3acbeed8eeeca2214ff68
12095,2025-06-23 16:19:56.490,2025-06-23 16:20:00.961,pro_AjZWeB6oFuF5s647mvVc7h,ken_app_prod,f280edd2149cc0789335e4755da1d9fcf13efec4dd93f9337985c5012fa2452b
12096,2025-06-23 16:20:04.716,2025-06-23 16:20:09.100,pro_BZf7mQ6rcixdkQxgqomkws,ken_app_prod,a95eb50eb161a7158f6c3bb41a300d59795a0606b956e09aee19698878986257
12097,2025-06-23 16:20:11.466,2025-06-23 16:20:16.014,pro_SWKStF3sX3nx4HuKbne1Qz,ken_app_prod,eda06dcc5f70262a9ffcfecae46d45fe6a64ce7a69945cc906db2192171de083
12098,2025-06-23 16:20:18.144,2025-06-23 16:20:22.895,pro_QFJ8ei2ovHfNt3JnouLVwY,ken_app_prod,a63041ff0910e0150af58df9d7f3ba9bbb7ad1a10b85a2f1b5e323a47806a9a5
12099,2025-06-23 16:20:25.834,2025-06-23 16:20:28.817,pro_WHGNv8JB27YSKx4P2Z8FuJ,ken_app_prod,06d8ef665b5870c8db4191d334eba5c3522d1ea8910e32d5bead170ed8ccd1ab
121,2020-07-26 03:11:26.066,2024-01-16 19:18:08.859,pro_J7KvmBc9MKWoiHceZihF2y,ken_app_prod,364779f279da4ae2874e27dc545a53c1bdcca5a2201132e5c90801b4a8e18a7d
12100,2025-06-23 16:20:32.073,2025-06-23 16:20:36.019,pro_U4inLtG8vD3LS4S53Xq1eq,ken_app_prod,934658d949349c703fa0925f3595ade2162402ad1e0885d4d44266c117a8c94e
12101,2025-06-23 16:20:39.966,2025-06-23 16:20:43.958,pro_H7pDREmRsw8A4qibLA8aQt,ken_app_prod,865499f4a47e4e71c4ec2c762d9c692b31df40f683698bdb97b0d18621574f66
12102,2025-06-23 16:20:48.813,2025-06-23 16:20:52.147,pro_SAbFGBRSUX4JrYDZRpkZcF,ken_app_prod,90edd954bbbe8ffe7b36d1b23c434e113dee04360b12b8e2af44021d0bfddddf
12103,2025-06-23 16:20:54.737,2025-06-23 16:20:59.010,pro_XAbYti8Apf6Dc4sxnaKFDs,ken_app_prod,4724a975f114cd4d4291859f1594c2248eddb87ffcd5a5abaaaa79175900c066
12104,2025-06-23 16:21:01.448,2025-06-23 16:21:05.023,pro_EmauncFWwRAdCiZaX67FCP,ken_app_prod,e2fd5afeff01435dbfe3fbcd289877d078fa015dcad75fa6cd672b4f64dccb39
12105,2025-06-23 16:21:08.649,2025-06-23 16:21:12.729,pro_TALXdAiR8CnRDLXKR9Zu4P,ken_app_prod,c6f8b5137be7c94e838b90bece02e2b6d76eac4a0ea596cd0c2330aba04922e1
12106,2025-06-23 16:21:14.895,2025-06-23 16:21:18.329,pro_6g8nnNDr3xjNuBAS4oUEf4,ken_app_prod,613b4df6f28f2287318bb9e8bc86ea7b5e2aac0bfcb6fdbe94885c5296b345df
12107,2025-06-23 16:21:22.036,2025-06-23 16:21:26.847,pro_KkTsYDnYTVs8cXtDgnNvZz,ken_app_prod,1631da776bcc40c77459fa88ff3c3c1fb52919aee84deb08a340c17b067ffac1
12108,2025-06-23 16:21:30.421,2025-06-23 16:21:33.821,pro_77Si2K8J5jzN5iBWCbRnGy,ken_app_prod,efbfce76ef91d8e0d07d404ca3e5ac4f84da665da803454dd27e899066cd1470
12109,2025-06-23 16:21:35.990,2025-06-23 16:21:39.872,pro_9BFsHY1seGG9JgGNqf9dfF,ken_app_prod,dff2314399464dedebdbf18cd36f2e1d2fc9ac72b76ddf5e18f407f6ced66bed
12110,2025-06-23 16:21:42.547,2025-06-23 16:21:45.911,pro_UzvWqjYRdNBt7SWfnk65fD,ken_app_prod,4c51d71ddc91863401869b6a8b51f84aaa4f6a1d5e45b059d35554c8a4b7e809
12111,2025-06-23 16:21:48.751,2025-06-23 16:21:52.917,pro_NqNHRUpC3VtEnrhw8Zv4hZ,ken_app_prod,a7aabc3f85d72592d62acf5384c519d8fccc6827d4211339daa55a4157a514d8
12112,2025-06-23 16:21:55.637,2025-06-23 16:21:59.665,pro_Lm6xuVYFMxaVgAWJLVq2Uf,ken_app_prod,a1dfccd5c86918eed4187b8f902217e2467b3e609b72eb887bc00eba81e8d9c9
12114,2025-06-23 16:22:05.223,2025-06-23 16:22:10.016,pro_5UiKGqcEe614fGxCmkakCb,ken_app_prod,a3d069bd723644cc06c336f016baeae15bd3817377529cb9fd4e0b780035f8f8
12115,2025-06-23 16:22:13.176,2025-06-23 16:22:17.860,pro_K4idcRu59BfWHJYRFmpD5S,ken_app_prod,1168b1d40f0e7b66e123a8d8abd8afdac09795757951ec53350e0802b4156a30
12116,2025-06-23 16:22:21.100,2025-06-23 16:22:24.751,pro_LfePBpGqemf32envqWkgCr,ken_app_prod,9231f08b406c583d5fb8a7bde46288661a42231728f0de205950dbcd3fb12643
12117,2025-06-23 16:22:27.387,2025-06-23 16:22:31.240,pro_EyRzMxgvqL1z6Nb1yEqWsS,ken_app_prod,5202a7ecf48fd2bc2d0c59d9b661812a9e61c2683ddc96b0d360f436799ccbc3
12118,2025-06-23 16:22:34.761,2025-06-23 16:22:38.401,pro_8WnZmSRHqaTEXmmGCUtRh9,ken_app_prod,f5665d2d148a519ff77e8f14dd6dab2b071468011867e023cfe60205e6b24bb6
12119,2025-06-23 16:22:40.595,2025-06-23 16:22:43.886,pro_Jx5Bsv3dUui7gSu1SzARDf,ken_app_prod,8dbb2a0bab648673527f5aa35ab522d914cc191691eafa8571f9e74096d69638
1212,2020-07-26 03:18:29.826,2023-11-14 16:01:22.658,pro_K2XGr4AqRPENL4UYj2tGXB,ken_app_prod,15ffb7b3ca3d1f07f5a7abe13bc2a194b015a14dc2b25db78dffa95499c57d52
12120,2025-06-23 16:22:46.935,2025-06-23 16:22:50.370,pro_VP4PrSuhGrHkFEmtu9fSgT,ken_app_prod,810d63d7f133e6d6afe006abcfba8bc2d199780459e18609bd98f75f26874abd
12121,2025-06-23 16:22:53.175,2025-06-23 16:22:58.105,pro_5uZePqURyf4PtR2R2346By,ken_app_prod,1c5c9d7bf10280036a8a15b92e4ade98db8a00f2d1dae34a437ece1633465a63
12122,2025-06-23 16:23:01.296,2025-06-23 16:23:05.586,pro_QrBzb6QZVJT8EjffgS6ZdW,ken_app_prod,93cb2b0b7b17c0e68a588d4700fdb804e848790b0f1a632db0aafd60047f8efb
12124,2025-06-23 16:23:10.994,2025-06-23 16:23:14.928,pro_JQ3MUcGx1LFb1NCBxZVN5M,ken_app_prod,20dea06a950243a84189a5ed562755de5245d00771ae12d16449554569590955
12126,2025-06-23 16:23:19.752,2025-06-23 16:23:24.092,pro_Av9ZsgezqxjNzTNHW9zqKM,ken_app_prod,fae707fcbca4bd15d6bd6d0f11a268f722144c6b5959f231f6c69622f3f87b69
12127,2025-06-23 16:23:26.287,2025-06-23 16:23:30.307,pro_Rspb5fZiC6gCHG4x3C8tSf,ken_app_prod,f14c86d61519e585b202585015ba5904a0f17fca3dc00f0e967eb4b281f1f55d
1213,2020-07-26 03:18:30.195,2023-11-24 10:55:52.105,pro_8dRBVwt2hRNE4NUTbHtW3Y,ken_app_prod,bb916f8af9d7f56b3180c1b902a5b7c327426b3c988571e187b611f7e68bb5ec
12135,2025-06-24 15:14:22.830,2025-06-24 15:14:28.734,pro_P9e3yw9wDMD2FWydFbujU1,ken_app_prod,3fe2ed6916fc6c54e2a6c4f44334ff1d61a7d32f053a9450ec51ad7b91b6e217
12136,2025-06-24 15:25:35.886,2025-06-24 15:25:39.914,pro_3zUNdtVtrphzWRt1iVuAaQ,ken_app_prod,84c1a7fd44086539280dc61d795683645ed6a1ae2cb3f50af5bc3e4d2f1c2c34
12137,2025-06-24 15:25:40.146,2025-06-24 15:25:46.504,pro_FxTWXTwnqTDa5EW8p2Snjb,ken_app_prod,23a5e0fe433c7cf514268662b3eb641485743a8e35e03165c3798600b4450680
12138,2025-06-24 15:25:47.621,2025-06-24 15:25:53.692,pro_JHqMtrA4DYuGbdBVZANNgC,ken_app_prod,3254f86b2fb4fef84230bc66614a51b2b5a921c81e68306fd15784ca7d865c25
12139,2025-06-24 15:25:54.393,2025-06-24 15:25:59.664,pro_Dr5vmZAxobYSmzztCC5r3K,ken_app_prod,ed2652fd18021f33d8210bb1e6f8b6db82b9e4bf0c8324712f95671cd8fba882
12140,2025-06-24 15:26:00.829,2025-06-24 15:26:05.338,pro_Nju8b6BKSRQ28jKFwM9dVH,ken_app_prod,5cf2c523d05e7ba4bb7c2e2382a6d96947744627b7a55ff31a6b17c5e4a65cd9
12141,2025-06-24 15:26:06.037,2025-06-24 15:26:11.663,pro_TkkAgaHvvypBvex2HzSX84,ken_app_prod,5418f5a9c3dcea0eb72ac8aca49d43cf352acb30881a40038c6e36e9c1eef58d
12142,2025-06-24 15:26:13.351,2025-06-24 15:26:19.670,pro_8L5aP6tfRZ32XMfTQ836dj,ken_app_prod,b3455c4046e4e7acb08d96920cf2a87fc3ea8a1a74c00fce2d48248cb6e80ac3
12143,2025-06-24 15:26:20.300,2025-06-24 15:26:26.854,pro_XhTcuw6Eb5kyjq3NNgRck4,ken_app_prod,51db899dafb213e68eb8841e37967e5b63d67fc887b5bc0d8124df7f54df88b5
12144,2025-06-24 15:26:27.164,2025-06-24 15:26:31.760,pro_g4f6bXf77UrS3BBcXuu5u,ken_app_prod,aecdb99f5a1f86992b4c754acdefcbee128cc94392c34942e98c71ca527801a5
12145,2025-06-24 15:26:33.942,2025-06-24 15:26:39.598,pro_CuyAdfbZmfMzkj6LbQjBTa,ken_app_prod,ee7e0c136bc1e1dd1d96e141d58c64fa8bee9bd566a74992315191ca917104a8
12146,2025-06-24 15:26:40.227,2025-06-24 15:26:45.336,pro_WPG12CWz2HkMpdyvXZuAi6,ken_app_prod,864f04c6f86e50e4f2e12e1556f61f9ff7d6688ad173ed577ccf40014f29acf4
12147,2025-06-24 15:26:46.427,2025-06-24 15:26:52.142,pro_AKmNxHeF7dMn1w8yD8WzR4,ken_app_prod,7957e17f20852be81d33c6777b46dc492181424bc6e2dad6d42fe64280c138d5
12148,2025-06-24 15:26:53.690,2025-06-24 15:26:58.728,pro_RZHskbUckbBmUZBPtu8dXP,ken_app_prod,1a4ee237ae9a2443873bb892ff36866a2fc0512e427118467d8e079fa259c4c0
12149,2025-06-24 15:27:00.277,2025-06-24 15:27:05.913,pro_MHMBMnpGX6sSJWSmDwizpu,ken_app_prod,e8ac07160d539cda97ed1f487cb934ba7ab4aae27ff8f0656140917a4fe9a8cb
1215,2020-07-26 03:18:30.888,2024-02-21 15:17:16.521,pro_2H5c8ygssdQtaa5jCWySEp,ken_app_prod,ff7bb1912ba318bc229d2f0fa1d5255a7b35109f8ab64d4f02e178b835083442
12150,2025-06-24 15:27:06.999,2025-06-24 15:27:12.203,pro_Kn2ZJPQG3cSSkDho6zrqEs,ken_app_prod,ecd2a08c7561bd221c7caf9e5d9620d14cfabe8139219dcd21b89910ab471128
12151,2025-06-24 15:27:13.895,2025-06-24 15:27:18.511,pro_TH64ofDFXrMzyWC9QKo6zC,ken_app_prod,ccdddf96d612ff78557442315760fe84431088561da2742aadf2a3da9a8cfce2
12152,2025-06-24 15:27:19.198,2025-06-24 15:27:24.565,pro_TWeDCf5EgTUCV24cMfi4q4,ken_app_prod,b045eb4820a6183bd5988d4effb72f789e5947506f2019b60005d30a744a558c
12153,2025-06-24 15:27:26.193,2025-06-24 15:27:34.081,pro_BWinM8aignYJocFWf8nvkQ,ken_app_prod,fae88a2e0e72d2f81d06cc9faf8597dd03b405c46d800132af0fe7adbebf5d2f
12154,2025-06-24 15:27:35.240,2025-06-24 15:27:42.959,pro_9bsfYLrJiTi34QkdVnFdax,ken_app_prod,96b1751d750fb38823aec3b77d822e554f93a01bea6d36ba02ddc6b2c64d6073
12155,2025-06-24 15:27:43.261,2025-06-24 15:27:48.059,pro_S7P3fSfHHN7cGDzC7DBmBU,ken_app_prod,1796358fad46e8db7e7fff91693f74b020e4d5bd596a52c8f5b8384855329104
12156,2025-06-24 15:27:49.392,2025-06-24 15:27:55.169,pro_8CaRLogUSkyyEoej86KbZZ,ken_app_prod,5f12e3b7f8749a1b01c7621986fcd1aee9932ee6746216a26ed3d70c5bf4fe0f
12157,2025-06-24 15:27:56.375,2025-06-24 15:28:02.120,pro_YD1TrGeUpnAjM2tb6qYTpi,ken_app_prod,209e7293a48a15a431e08e0ed6d2dde094b34bc21de5c105c44ad759f95e2f6f
12158,2025-06-24 15:28:04.673,2025-06-24 15:28:08.938,pro_RvihurSgdHrjB7uKth5Tjc,ken_app_prod,91b12873ca86732520b664c5611d0c123d4322f9670a7b0419438ad0b160864a
12159,2025-06-24 15:28:10.522,2025-06-24 15:28:16.434,pro_56gM9hRyaqTViZurCE8Wse,ken_app_prod,7be407be2af852ebf4cea6a8b7e3f80c74799d8ab9f493ed22c660c79a8ee2e7
12160,2025-06-24 15:28:17.057,2025-06-24 15:28:23.922,pro_GGxE6D9YHKB7NAwJQwRK8M,ken_app_prod,7284717992c986fbaa2904bf69130ec076b81c5acbdb87470d58adc3db615a31
12161,2025-06-24 15:28:25.034,2025-06-24 15:28:30.511,pro_6rfchbJP8jTUAJLs9WDfzC,ken_app_prod,6b87e60fe908fc42a1c9a9148eb800cdea200fb725a1951bf47e0955d84c3efd
12162,2025-06-24 15:28:32.222,2025-06-24 15:28:38.239,pro_RHJRP4oup14Q4gSbGgBss2,ken_app_prod,48aa7467b36bff6fe7840c7ead6f020951d3bfff16f534d9e75dab36c130d2b8
12163,2025-06-24 15:28:39.363,2025-06-24 15:28:44.959,pro_MDsYHZCgKSY1MEYpq9e1Fx,ken_app_prod,f748f6cbb8ebd9be814fc82f457202e7bc9d19a664c871a4dded0524092a02ef
12164,2025-06-24 15:28:46.652,2025-06-24 15:28:53.174,pro_G61H5DF4Y5tCsSxmBeNvXB,ken_app_prod,5183a21229c11d7e2b14326c9f0d5f528dc81f1df96e386ea60f5427c22bb5e4
12165,2025-06-24 15:28:53.394,2025-06-24 15:29:00.880,pro_YZZcj1x3tuQoqffHyS6uSq,ken_app_prod,ad2758111d61e411d42241b5285652492dd94ece8f6d0842bcbf88fe2c849227
12166,2025-06-24 15:29:01.487,2025-06-24 15:29:06.881,pro_588WzWQsx2k5mj5mDakKZ7,ken_app_prod,c32c4432fa9e1720966bfc5aeba2816cba3db8ff7bff62f5197ca11d8b217976
12167,2025-06-24 15:29:08.878,2025-06-24 15:29:13.123,pro_CMtZC2UwyBfctFdiXpw7W3,ken_app_prod,c8fee8880ee3b00959464305afdf4c92b54ea1dbaf30967bf922d0cce1fa7137
12168,2025-06-24 15:29:14.310,2025-06-24 15:29:20.875,pro_XRfVkHPGLysxiGndYPDy1g,ken_app_prod,f1e65fec83a91a6ea1619be08c87359c1e486f58b0f99c1a18cf3c49c7cb8d8e
12169,2025-06-24 15:29:21.129,2025-06-24 15:29:25.176,pro_7F12Gw5ZaGNZaWRDnAj2Rk,ken_app_prod,52382c97cc59cc131d8d893c4f09d7a26bc68463bd5261d5fc1b0fec6a31371b
12170,2025-06-24 15:29:26.918,2025-06-24 15:29:32.009,pro_UFwSZ6XDaH8dWoN7YpaSws,ken_app_prod,b4c67c6a5f55495ccece397383ba4d5baa0d5f677b7e605c4903108b8deadc77
12171,2025-06-24 15:29:33.158,2025-06-24 15:29:39.976,pro_Pkwf5z3qCX8CBgQxJtn7oh,ken_app_prod,8da515ac663154a7420e3783a0b5b871fa2d9ecb2296e0b86bc35e933bb5d40a
12172,2025-06-24 15:29:41.655,2025-06-24 15:29:45.754,pro_W5P5rfRparsqytAzYi5Eci,ken_app_prod,ee7bc8da4d0d1fbcc8dada918cf925cc6f99ee89d5054befc5146e5f339c1ea4
12173,2025-06-24 15:29:46.455,2025-06-24 15:29:51.584,pro_LMv5yJTCMEXaQbUwWd3deU,ken_app_prod,7ed3d26ae97fad0bbdd42a3044fd2a38c8e72c28911bdb7530d37d19dda438cd
12174,2025-06-24 15:29:53.821,2025-06-24 15:30:00.579,pro_DfSUwX4hmV7Mefo5Rdejec,ken_app_prod,a9d312ff7d46165bea6cf0644a8b8d167451c80259fb3cbc5bdb33dcff99c821
12175,2025-06-24 15:30:01.295,2025-06-24 15:30:05.980,pro_LY9wHKkTeugXs8MGhJ7hcR,ken_app_prod,ae9ffe36876d8b4a4a9e763b1b50bdf301bd3fc286a69e18efd90bca91df20ed
12176,2025-06-24 15:30:07.053,2025-06-24 15:30:12.594,pro_RvW7qVRB692ie7dfwbfNMc,ken_app_prod,18dd597555a78f1f8b887d364571f1fa996adad3b75ca780ca39bb3132ebeaff
12177,2025-06-24 15:30:13.850,2025-06-24 15:30:18.105,pro_EHupe9exMpoE2HdY3hFop6,ken_app_prod,535abc32a40e17be1ffe6cfe54703cbff2781fb0c57fff94e5929e731666fa5d
12178,2025-06-24 15:30:18.737,2025-06-24 15:30:24.787,pro_5xhpfjKNXH9EdC15XMcwPg,ken_app_prod,91b9ce823796c5c352407c00e2f62df0844adb3ec340c31e9dffb01bd64341ca
12179,2025-06-24 15:30:25.901,2025-06-24 15:30:29.071,pro_93rDRZkXbXguBumX21Xm1t,ken_app_prod,de7cf7c393b4b5559e52ab15050c28c16cd8b0e21034e85bb81346de51db8ddc
1218,2020-07-26 03:18:31.827,2024-02-12 15:13:34.456,pro_JHfKCf6ZVgoSJgrnNJgKKM,ken_app_prod,d735714fdf8ab785e4e917ac5dd034d51ce08652b1ac902ba69a8786e45ca351
12180,2025-06-24 15:30:31.472,2025-06-24 15:30:37.243,pro_2uL2apMTnbWaeC12Q3cq8V,ken_app_prod,2ea0b28a969566a0988b5d03b48767347a4cbc36af1d29e7bf901dea7669617a
12181,2025-06-24 15:30:39.001,2025-06-24 15:30:44.650,pro_YNVMADitNSZZ9E2mduY2RZ,ken_app_prod,1e13fe6909cd07296410f90763c7640ca6030a4e6f6289616eeef917960a5522
12182,2025-06-24 15:30:45.705,2025-06-24 15:30:51.400,pro_PE4H5vSRLCDkCJWXcQHajj,ken_app_prod,610a291ba1f9862dff26b4d1447128f0976b49106e3abd056e93fc16d73b957c
12183,2025-06-24 15:30:52.069,2025-06-24 15:30:55.641,pro_PUKoncr9L12vkXmpukwiy8,ken_app_prod,b5d75a3f64637ef39c39f922dc2f59a22476599cc519584a04fe2ac021f36310
12184,2025-06-24 15:30:58.322,2025-06-24 15:31:03.273,pro_BKBk8b9ZCpXNcwEZnKe5Z,ken_app_prod,1dcec272e92876b749c0139ae19ff30937d87510cc3531d9759a41f5e7fc07f6
12185,2025-06-24 15:31:04.403,2025-06-24 15:31:10.575,pro_GaCrdvXo2khvKe3467967t,ken_app_prod,aaea6e25948575c6eeb33e15afa9172f25d91b38bf537a62ff8b28974aad5866
12186,2025-06-24 15:31:11.187,2025-06-24 15:31:18.022,pro_G7kvpE6ickUcPnNuaTb9e5,ken_app_prod,2b8ca15efbcebe0af464623bfebf83cadb50cbfde69fa990098a47ba48cfa753
12187,2025-06-24 15:31:18.750,2025-06-24 15:31:24.913,pro_Lcvxi27XyY1uLATEcLbD8u,ken_app_prod,fc2d60481e5cf5ede76053c475760bdf9aa34572f644478b8df86abc553e98e7
12188,2025-06-24 15:31:25.198,2025-06-24 15:31:30.723,pro_VfKYUdpzfst5eSFt6AysZ3,ken_app_prod,c7bb48a2cd5882c012527b05787f3fbbb233075a801cac83e393d8473b82194d
12189,2025-06-24 15:31:31.389,2025-06-24 15:31:37.154,pro_VzG87YXe2tAvvBzawZPdot,ken_app_prod,a729dbd76aaa7999e3c7e916b1649db416d2369e9abcbc106597ff45b58074f5
1219,2020-07-26 03:18:33.595,2024-08-16 15:06:09.209,pro_SsKaLFRk6XvJkASMgpqmpS,ken_app_prod,bd6d9fc4c811cd95d0f0d7d4e3c1913f6671ff92a17459c2d74242b42bbf4f35
12190,2025-06-24 15:31:38.913,2025-06-24 15:31:43.406,pro_Ea3yiYiH4sm29yk414PusA,ken_app_prod,37ce8894fb1950cf048a797a51b7557f71de577fdd81f08ce94bc84655b2d914
12191,2025-06-24 15:31:45.045,2025-06-24 15:31:51.558,pro_6NdELSFFYYpY7wkF9HrYQK,ken_app_prod,7984653cd3631f6fd150a2ee4e888217faa568b6c3b882cc2cb27c31398c416a
12192,2025-06-24 15:31:53.287,2025-06-24 15:32:00.004,pro_5EapfFbFH5X28RV5ZgyypM,ken_app_prod,e63d065caeea9d9de359457d633b424af82b1aef6c32c2d87278e9f76891f3cf
12193,2025-06-24 15:32:01.084,2025-06-24 15:32:02.676,pro_B14nkB5f1Q5wqfufacLCoA,ken_app_prod,51a879a78d8f284b0676212d07f23c500ec6dec473f2f9a01c355aefb1dc989a
12194,2025-06-24 15:32:05.589,2025-06-24 15:32:07.905,pro_4vKwUGBfKPD3V57C6FRviA,ken_app_prod,c01d5710123109fdc6e480c9454c5924bc5df203843932a3d3ff6404755e13d8
12195,2025-06-24 15:32:11.986,2025-06-24 15:32:15.510,pro_AXkPM3GzFYN3RMV7xcmaGG,ken_app_prod,7553b4f4f21d291c7e163f50eeae86f0786b3fdd06cdafb8b93b24e5f8719903
12196,2025-06-24 15:32:18.718,2025-06-24 15:32:25.928,pro_SaxBrVeoahC4iB66CAyqYG,ken_app_prod,686f95b30d19d07885859c54daaeb44f3d9b8ef73f75f0586591cce743b13289
12197,2025-06-24 15:32:27.085,2025-06-24 15:32:30.824,pro_AjLbqLqSmeqSQfx8XtwMTE,ken_app_prod,b856a83850d5c59eae277b48b6dc6cdb2b158d7b2966375221c06c939b86c592
12198,2025-06-24 15:32:32.435,2025-06-24 15:32:37.521,pro_N8QJnHPBScK7iuehwf4m1P,ken_app_prod,498ea00e6892dfada78b10ebab2df68942ce9f82e32db0540179ae7a90a26a16
12199,2025-06-24 15:32:38.118,2025-06-24 15:32:43.169,pro_RuTCsieZkAYUBpEvVcTVB8,ken_app_prod,aec4094793e94a5d9ba6492cebb7947c2e7b966fa56b37a2be6a1235a3811c80
122,2020-07-26 03:11:26.365,2024-01-22 19:30:36.745,pro_B3ufVKsQR7TGHUuprbqyPY,ken_app_prod,02d005a62dc04cd6b97060c971efdbfb19ede471d07fab8bbdfb41a6354e23a7
1220,2020-07-26 03:18:34.005,2023-12-04 13:47:13.490,pro_MhaNmeJHtheNLeMgYPy3Js,ken_app_prod,ae56fc5e8e62e7f16cfc4d1312c168cda3d2600d4c0d6cd052950da04e490ee9
12200,2025-06-24 15:32:44.764,2025-06-24 15:32:50.381,pro_NH35eEZgGCwQ4uUKXkb6bK,ken_app_prod,2859f911d80c2839490c450674fb361f0b38270c53d78cb43e5b58187a811006
12201,2025-06-24 15:32:50.609,2025-06-24 15:32:54.655,pro_DN5x6Y2sVtdEcnG4UnSmqk,ken_app_prod,912d5fd15c9d3afb2e36a04bd2ea419000ba8d7357246a2f72d6f18a3b4ba0f9
12202,2025-06-24 15:32:57.938,2025-06-24 15:33:03.560,pro_G5y5BvWJDpYvyUUrX9pMhh,ken_app_prod,0a9bafc882e828ed2f7b038edf58a10ad1977807b8e2109ea37bbd64609bf2ca
12203,2025-06-24 15:33:04.257,2025-06-24 15:33:09.658,pro_SFdYRRKREG1UXYTzMB6xia,ken_app_prod,3de5e5d36e1862593951a3cc0110fee10b407c67d845e397f143fa945132e033
12204,2025-06-24 15:33:11.247,2025-06-24 15:33:16.104,pro_WSAhQvRcZvy2J4kExhUVdH,ken_app_prod,165a8bc099f853feae423455c370ade572be67a448f625f83b3f70b02bc1c816
12205,2025-06-24 15:33:16.460,2025-06-24 15:33:21.986,pro_3bsXMWDMHtNaLsEEX74tJV,ken_app_prod,d8f3d2a9316135566cbcc326df18199a9ef9c3e197ca92730c3e1599084c7af0
12206,2025-06-24 15:33:22.697,2025-06-24 15:33:25.971,pro_A5BwybB4nfDLU2jcZLpf8a,ken_app_prod,0c460eba291c5a1319ba2f412005e6b8714587f06711a12811c904e919457aad
12207,2025-06-24 15:33:28.089,2025-06-24 15:33:30.708,pro_HAidqKFBdvgg4A1KcjUGnF,ken_app_prod,98725ab8e2cc81d8d41956124cf12f5100f752bdc3b36c7c5d7e104e3fbf6d2b
12208,2025-06-24 15:33:34.770,2025-06-24 15:33:41.989,pro_4onL72sBedGt6YdK4CLvfg,ken_app_prod,e3d6c24fbef3fb92de180ecedc8130a7262dac4f38c473a3750508eb06eae21e
12209,2025-06-24 15:33:42.445,2025-06-24 15:33:47.748,pro_R7jWR8thTDfqFiPenkYWoa,ken_app_prod,a1cf8bd7937536220a1ca5e9f5861d4187730c448d73a9e64019bc5e312413c8
12210,2025-06-24 15:33:48.567,2025-06-24 15:33:55.660,pro_R2b7ndc4kAe1uy4EUNvUYP,ken_app_prod,3ba865319ea4f980ea4c647abd5a39a3f13020bd22ca85e9320e5668e5f7f1f1
12211,2025-06-24 15:33:55.994,2025-06-24 15:33:57.576,pro_U3LDGS3MbjbrmdLiPg15eT,ken_app_prod,657e9ea97cbdff82b8bab27d7e04c002659b6219fed92b8af2dbada5a0f78467
12212,2025-06-24 15:34:00.737,2025-06-24 15:34:09.446,pro_6i2eFQFVV92RkNutvCg35J,ken_app_prod,ca4b01d7bd3cd4675f4189d0c4277b954668259c5cb38f81d0d8d2d2334d09f5
12213,2025-06-24 15:34:10.134,2025-06-24 15:34:16.063,pro_DodpbZgJSUzGUdYv4hjARH,ken_app_prod,132faa3c6dfd0450860e9805b3b965d23dc8dc89731d8b90df016bc5fbe867ef
12214,2025-06-24 15:34:16.706,2025-06-24 15:34:21.831,pro_2xovnC1UYHrgMWamEGvcYd,ken_app_prod,e217a714c6ceed5c7742722815be8c362d96d114f5ff7a35f14cd62882654435
12215,2025-06-24 15:34:22.977,2025-06-24 15:34:28.386,pro_QZZ3rXR63tzUdrTvnj6RTD,ken_app_prod,ef6ce667abf75371464a7c58734fcdd0515d1df901615cc369a1709c477dbaca
12216,2025-06-24 15:34:29.030,2025-06-24 15:34:34.519,pro_6xzbq33mF6BM6Kjm1bJJk9,ken_app_prod,7f27fc7438628a3f0254bcf92ff89c246c4028d636c6a4017cc78bfb3d705f43
12217,2025-06-24 15:34:35.809,2025-06-24 15:34:40.915,pro_FCdbtPRSBj3htG5a9iA73g,ken_app_prod,4214458aa9786e24f7f80ac10864137e928d4d7d4f16716c043b93a9f3134189
12218,2025-06-24 15:34:41.708,2025-06-24 15:34:47.112,pro_VGPxX4Uy6jCWCpkBJoELHi,ken_app_prod,73c7a6846c697532d7b29242bc9571ac889d944218eb192cfe667529118d5f7e
12219,2025-06-24 15:34:47.901,2025-06-24 15:34:49.578,pro_9wfCWpGYp2MNGgr2C8JfN2,ken_app_prod,8d38fb3801d48a9f9f9f1e7cf839b83ae2336046addcdb5a9d677270f5486ac7
12220,2025-06-24 15:34:55.355,2025-06-24 15:34:57.711,pro_FPYEQR4bqf6bt3gmy1v6sG,ken_app_prod,aaad2efe16d0f4214cb8cfee84498b1b757dcc57b0999c54681196d53e402f58
12221,2025-06-24 15:35:00.526,2025-06-24 15:35:02.904,pro_V3b6TtN1j3jsCwp27oyGdx,ken_app_prod,ccb9e7deddf13f69c1529aa03418e743e62a5d15625b200f8a5a51b06612e757
12222,2025-06-24 15:35:06.098,2025-06-24 15:35:08.931,pro_MwzG2KBaJwKTJbXNboeXBt,ken_app_prod,49f53018013b70b057bd1eba1cd555e185e1b03d3d6575b584956482719691cf
12223,2025-06-24 15:35:12.326,2025-06-24 15:35:16.003,pro_QYAaohb15ZZRaQ7uN2a3Eb,ken_app_prod,0ba4076d3fea880bf4f1d6edee2071fb7b569433e58dc55f84dcc07ddfa3d43c
12224,2025-06-24 15:35:18.111,2025-06-24 15:35:20.812,pro_WKnd51TEY3FoKEcNTXAoNb,ken_app_prod,5f9d97d2e6afb12ba690093628fe1e6dbe5c942558e9339b6fc91c7ac23fdfa3
12225,2025-06-24 15:35:24.762,2025-06-24 15:35:32.015,pro_PeY8KNQjqu64gH1P2ydfwF,ken_app_prod,f9339be661f9da658ff7f2a15f5e50bc5e999c0a161c6dd997e07698abdce7cf
12226,2025-06-24 15:35:32.338,2025-06-24 15:35:34.940,pro_QdCfXKaKurzRHdBcUidHDm,ken_app_prod,fb658245c5a34839719eeca6b97de9f472672678429bb44765a2401d5a0df459
12227,2025-06-24 15:35:37.390,2025-06-24 15:35:40.364,pro_QfPhPqTHhQH1s5r7L1WwUa,ken_app_prod,ed82e4d87b7946eea065531fd9accd7a8806ddc1ca77e79a1f55489fd8874059
12228,2025-06-24 15:35:43.086,2025-06-24 15:35:48.263,pro_WVs4me8ZkgjXvWg1fKQ7Jk,ken_app_prod,f2c8e49ee40d4cc1fac68a55d12fc208d8047a27f87d755cc056a5218b86ce76
12229,2025-06-24 15:35:48.637,2025-06-24 15:35:54.647,pro_HpqWLaPPaXUXZcz9qTNndC,ken_app_prod,af2a81f63f9c8d9751e614dc340384fc5997753337c1d910f2764ee5f2e8be40
1223,2020-07-26 03:18:34.772,2024-02-10 18:02:56.963,pro_HZ5n3cTmmN2d6U887arSzh,ken_app_prod,85bbac0d8790649862d5dc4cf257e50881baadaba98f5cca3917ef9643f366ce
12230,2025-06-24 15:35:54.904,2025-06-24 15:36:01.320,pro_2tC1RmUqv3ZKkDoxArbDxq,ken_app_prod,de273f4f6ed3c59db237b833441a8a9f8234b76dda8a8ec4e0a02cbfe2af51a2
12231,2025-06-24 15:36:01.628,2025-06-24 15:36:08.394,pro_37vprQFgpoiq8BW7nNsDcA,ken_app_prod,86ae1c0c422707bd5fc0c0dec116dfd2a2b315afdea0c39ae1f3031bc287ee8c
12232,2025-06-24 15:36:08.650,2025-06-24 15:36:15.185,pro_Nhtdpwpip9xMkzUdKWUQ7p,ken_app_prod,63c9892e7dcdc8ada902ffe587cae241f1de4ff9dc6be91edba06787702cc10b
12233,2025-06-24 15:36:15.425,2025-06-24 15:36:20.879,pro_71GjsVPWuyE2WNQD51pNxk,ken_app_prod,86702f2bf91591962f674757fb8713be1091fde281eebd12f1cb22a4229ed826
12234,2025-06-24 15:36:21.601,2025-06-24 15:36:28.076,pro_23avgMH3XCCswJvLh9Y8p7,ken_app_prod,25b3822ab1e94df4e7be1e7e773d02d7c6e7c659a5a56c45e1595d0d6f9357a8
12235,2025-06-24 15:36:28.802,2025-06-24 15:36:34.794,pro_HecYd1x592CWXuMBosu93G,ken_app_prod,bf0d15f009d009fad0e98964bb87ec4a5b556a62501bfac4f47b50df908c82d8
12236,2025-06-24 15:36:35.035,2025-06-24 15:36:38.141,pro_3q4fV2YS8BfHwrQe9jY16T,ken_app_prod,518065998f706deb731d481e5ed8786c10d6c22d46fa5158ee8d2557cf863476
12237,2025-06-24 15:36:41.402,2025-06-24 15:36:47.954,pro_Js3XNGJZEVbk5BgrmcyPhq,ken_app_prod,e9103508008f8bacb11c744855b4f6749a04ad36f3125792e5c33be1e297e627
12238,2025-06-24 15:36:48.214,2025-06-24 15:36:54.091,pro_FzpjHzzB3iuYTppXTYjuV1,ken_app_prod,c37b49c3de57b4c91c2226286d6a24b3d45c220a185d418bfcd774a60978d034
12239,2025-06-24 15:36:54.813,2025-06-24 15:37:02.387,pro_Gzgbtx4C8nDbawcrkHehkw,ken_app_prod,9d6c7d67d4fd9f4eccf3e65ffe5fa772e023727bb25d366500a2b05bf998cc66
1224,2020-07-26 03:18:35.218,2024-06-29 21:02:46.225,pro_4cCQ47Ym44QzDrfJJchTj9,ken_app_prod,a7ba3cb557a35d78c815bec5ba5d710c21e416190b54e39212ed7f83342bb791
12240,2025-06-24 15:37:03.105,2025-06-24 15:37:09.617,pro_Y9rbesXgrKVS7y8zny9sJb,ken_app_prod,317f28e272f34b51559be0a065ee1165bdb8e24e71c3c62cd804da2dcc971d02
12241,2025-06-24 15:37:11.027,2025-06-24 15:37:17.046,pro_AbqFfCjrmyAQ9LFwoatisu,ken_app_prod,d8b2e7129755d05b67dc2f440aa98a31bb7e47396a380960dbe8785a20324f8d
12242,2025-06-24 15:37:18.713,2025-06-24 15:37:24.204,pro_WNES9Yjb4VhmjiLGeMajjp,ken_app_prod,bde961b2c4e86d7defc5071305accde22a410ae362551a4c2f1d0fd5f0f5b50e
12243,2025-06-24 15:37:25.534,2025-06-24 15:37:32.437,pro_ULHBydLQhpFQ8SvkSjNeoa,ken_app_prod,12495e041bad56c10802638066436915ee1e1906255712d1706af649a3b68b35
12244,2025-06-24 15:37:33.068,2025-06-24 15:37:40.415,pro_Ai41hSCWxHrKdxtZ7V7RcA,ken_app_prod,fc75e2f7a4473155480654c3b822dd6d45a8a8cb896a74f669e519da4fc5d574
12245,2025-06-24 15:37:41.814,2025-06-24 15:37:48.578,pro_HobBNaJ5Jp77oYGjBQFvu1,ken_app_prod,b1673658bd53d35b2c47afd384a46273de39ba0cee37b83ee28fe21eeb312dc7
12246,2025-06-24 15:37:49.295,2025-06-24 15:37:56.457,pro_Pj9HV5ATwAGQ5LMiHBgWwZ,ken_app_prod,bc3560634dfc4e601828d2dc30a509ca86d7f7b3baf2712c41a2d1d59b191985
12247,2025-06-24 15:37:57.278,2025-06-24 15:38:04.610,pro_TTgo4YLJLp42aqnDdRXeWX,ken_app_prod,9f92ed812f79e4cc2b922247e3976d693a23185e03562cd33dc5a8d2b320f15f
12248,2025-06-24 15:38:06.436,2025-06-24 15:38:13.498,pro_NdsgosphJadU2pBh24VKUU,ken_app_prod,1eb831bce8d1059480327b3c60997e85668455590e37de3ec6dfddad39196f6a
12249,2025-06-24 15:38:14.788,2025-06-24 15:38:20.732,pro_A5gZNUon3hapQwfx7aVRT6,ken_app_prod,996f695c9987f7efc19d699494ea730f087fc42ca553966c6a39933f3ef79210
12250,2025-06-24 15:38:22.171,2025-06-24 15:38:27.741,pro_JPSgDT74PPAKxXoqA6yS2i,ken_app_prod,2fbc84d0bea737b8ff67217f218ddfe7515d14b6e41d7979181b4b6844c84180
12251,2025-06-24 15:38:29.599,2025-06-24 15:38:35.886,pro_U8UuDAeLKprsFHSYi1MoTH,ken_app_prod,ba0cf062e03d08e6d0289433082a3bdc93b25686b054eba3caa2763c18db34a3
12252,2025-06-24 15:38:36.667,2025-06-24 15:38:43.155,pro_CWJpHCyWvgGmMyw22ikCf8,ken_app_prod,53cc6203d65d9fab0659291fcbe2d337317103e7c03631977820ea94eedfaf2e
12253,2025-06-24 15:38:45.485,2025-06-24 15:38:51.446,pro_BjKGhqfuRof1GqauZ8LcHW,ken_app_prod,752e6ad1deed0ef9af0b0c09492fce16bd1d1c9e624309028a851eba029bd709
12254,2025-06-24 15:38:52.264,2025-06-24 15:38:58.615,pro_Moink6TJwq9KBg4B6PrcQR,ken_app_prod,6753abb5a3551cb9cf2ad3a323975786ac013e539b6fc70366ef01782f63668f
12255,2025-06-24 15:38:59.846,2025-06-24 15:39:05.749,pro_PiLBQdpMrvsEEFXNr9knem,ken_app_prod,be45f62db35c397144bcb4192b85206d0a6fdff6ca211e568707ae73711066d0
12256,2025-06-24 15:39:07.394,2025-06-24 15:39:11.984,pro_DtAHuMN8mV6o95UJKY15zQ,ken_app_prod,3dc0317ba934a348478008fa04ab55baba458addd77536cb3164f50bba5fd214
12257,2025-06-24 15:39:14.185,2025-06-24 15:39:19.809,pro_KMDS972uDWfuvqh9z1rkob,ken_app_prod,0692a51c1f35abac59f117367f547dff416baa6a4130f7f6ce217dd3288020d2
12258,2025-06-24 15:39:22.104,2025-06-24 15:39:27.656,pro_hTZDr34BUgGp8jVQXH1hv,ken_app_prod,fb9057de55860e5de7aa86ffbe4f3cedb89f1310b06022db29e430e36f7819d3
12259,2025-06-24 15:39:29.025,2025-06-24 15:39:35.848,pro_Kvx5bZ2sKX8TZmVxpSdzvQ,ken_app_prod,46857b691ee8bc401c81abc7de93bbb86c8f55e5d4d47df2e2eead60999c64c8
12260,2025-06-24 15:39:36.099,2025-06-24 15:39:39.111,pro_Ns2N9hLm3yt558mqrsqj2i,ken_app_prod,eeda63ddf7031bed4d9dfcee4b751906870a83fb62383ad2371775f6f0bb5f1e
12261,2025-06-24 15:39:41.834,2025-06-24 15:39:44.876,pro_EbVUensC71YdsX9PcFuEdK,ken_app_prod,2a3d30ec0b9c08424f009cb4467c0948909b6117f1312ab953623ca7675012c9
12262,2025-06-24 15:39:48.178,2025-06-24 15:39:53.339,pro_WByfSDDsTEm9tFMzvfSWhu,ken_app_prod,bc1b2aeea8352b008e38ae4c7127c33de05430c8472bc201787a2167eecc636d
12263,2025-06-24 15:39:55.436,2025-06-24 15:40:01.999,pro_Sdsw9PLuR2e8RJobZhpbmh,ken_app_prod,3acbe415e44c59a284b8ec582bf273e5f0e949331e755ec5539d90365993666a
12264,2025-06-24 15:40:03.240,2025-06-24 15:40:10.559,pro_A7tQkzz6MBHDpheCcoZRSE,ken_app_prod,01a0d783c14cfb4ad54b8ac5e3d600bcc3faaaad544ed376640d908db683ee7b
12265,2025-06-24 15:40:11.313,2025-06-24 15:40:17.132,pro_8DhXf5BXKcpap3neypzrrW,ken_app_prod,924407872f33add87d175cfc9a3e988105605961d789b4e1af7fe8ef5d6d1c1c
12266,2025-06-24 15:40:17.794,2025-06-24 15:40:24.473,pro_NszZV45MNjnazrhhCAhMLU,ken_app_prod,8fd23e98005dfa80ff7c28ba66a3b81b0b408201b58a9a620bb452aa02b470a9
12267,2025-06-24 15:40:25.866,2025-06-24 15:40:31.707,pro_GvYHALPhJeAQ8xBWZusUhj,ken_app_prod,92e558a64a209299a92561875a2a7926eee27dd6dfaff09416085b2ff8185017
12268,2025-06-24 15:40:33.399,2025-06-24 15:40:38.760,pro_K6BvxjGNBKJNWEwxuQN3y6,ken_app_prod,49b1de73d4d134d75f0946a646b268b5ee9216482c0c7d8ef5f0cb864bf64d76
12269,2025-06-24 15:40:39.497,2025-06-24 15:40:41.345,pro_DbiFZrFg1Fo3YNvpSXik5,ken_app_prod,3ab0080ed631a0fe2e4aa345a35195e674e49b2dd227fa0fddc865d53fbac9d9
1227,2020-07-26 03:18:36.779,2024-04-29 15:52:17.644,pro_EsKDMQZmSrAnfNB9NTP43m,ken_app_prod,3d4664983978d5dd11ce8726cda1dc48d7938bad12ec438f8324d5edda347a41
12270,2025-06-24 15:40:45.225,2025-06-24 15:40:51.899,pro_GNyfiUYmELWgVSWD7xeCao,ken_app_prod,83cc85cc51a7f7413463f63f738dc6e7abcf94150345419398a1e31e6dd53891
12271,2025-06-24 15:40:52.153,2025-06-24 15:40:55.360,pro_DkR8L1WL6kMbJ7cqZtNB3z,ken_app_prod,20eebc5e665d877b667ef076c00ae3e4e3c0994f5f8b1d33cc923b6269b5de79
12272,2025-06-24 15:40:57.397,2025-06-24 15:41:04.674,pro_PXSXKQ9CN5rxQp2878YstW,ken_app_prod,06d834b37d3942be9199a0de8b079c6e33323f9da19f90c74b7b80910255c83a
12273,2025-06-24 15:41:05.089,2025-06-24 15:41:10.282,pro_T5RGRjZyKz9gGbftg38Pix,ken_app_prod,61f92b8f25f924752e0c5a6ffd83a7f6544bbdf67336feb0e298ebd7be82113b
12274,2025-06-24 15:41:11.721,2025-06-24 15:41:14.304,pro_Wd9yAyrXKFge5w5DejtGRp,ken_app_prod,3dc0407f32c87b4bbcf7764a4e069d0eee25587df994d507d61177b34c5c634a
12275,2025-06-24 15:41:18.706,2025-06-24 15:41:23.800,pro_KUMnmcseRDLRaSEeMcZEka,ken_app_prod,6d4cc7c65e280b1e302e3e9b918bd34827d7da5691aa59b64d106c43e796fa23
12276,2025-06-24 15:41:24.537,2025-06-24 15:41:27.406,pro_2CDt2K8AqHYhfNa7F3oUtF,ken_app_prod,ebc304322e9227736ea49167df46158784e6837cde7212154d802d011270ec7a
12277,2025-06-24 15:41:30.757,2025-06-24 15:41:34.370,pro_Ausi1EYSFFhJr5RDE4TGTV,ken_app_prod,dfbf62cc6617bba4445e22dd74d3296148d1fea67e9875a42a4f1039e97cd41a
12278,2025-06-24 15:41:38.153,2025-06-24 15:41:44.661,pro_XihXTg2rzu9aQZKHm9fsDH,ken_app_prod,538ff01fed5a91b4131abddcdb7a0dec7ba8276f67925dcb2d1776af8a8677d8
12279,2025-06-24 15:41:46.895,2025-06-24 15:41:54.384,pro_Dbt8pwZTj11dTSdJ2ytzLQ,ken_app_prod,d78185a1402ef3d53f954f5d26ded6f3d7ddc010794a6d23606f6861798ec8fc
12280,2025-06-24 15:41:56.169,2025-06-24 15:42:01.407,pro_5smwQoF2bW9ZApP456dPdi,ken_app_prod,308a78c686d49777fba8c83748ba07c437896710de7bf8b0cf77607bf4a2b43e
12281,2025-06-24 15:42:03.672,2025-06-24 15:42:09.338,pro_FzSv8aGXA26dEQbstiPhAs,ken_app_prod,36599831e5736c5a8541382ae03718ca5deb322ea7b9a5529dbfbe27d37969ba
12282,2025-06-24 15:42:11.538,2025-06-24 15:42:17.341,pro_3CJ43FbmZQvXnpu7gyEsyj,ken_app_prod,2f9c10fd1219d9ef09b17e33a4099951edd0e2e758051fccffcea5c93a4953ad
12283,2025-06-24 15:42:17.589,2025-06-24 15:42:21.253,pro_CjGXSFHSDUS1v3fhoZ8weW,ken_app_prod,265d7a9205fe08953d0d10104564b646b36d40efa6c068c2f459d16b7307ca80
12284,2025-06-24 15:42:24.331,2025-06-24 15:42:27.405,pro_N1bUX5ApZffwdTSqx8BSwc,ken_app_prod,9b7e9104a1a6faea3397e2d2aeb2df68d7183350c475603c53d1fd8839e71da9
12285,2025-06-24 15:42:29.568,2025-06-24 15:42:35.050,pro_KbZmkaGhdS4C7ZxvZeGqZQ,ken_app_prod,f94b17f83ba0ea73a56568ed40a9c3ab0e65a59b84c6bb5c457e46843921262a
12286,2025-06-24 15:42:35.935,2025-06-24 15:42:41.961,pro_5sVwe7mYe17Y9NQ11szJNa,ken_app_prod,ccdaab08177eb8c6c11b80b9841acd31d68c0d288252b4942dad2c1b404b3fe5
12287,2025-06-24 15:42:42.783,2025-06-24 15:42:49.017,pro_TtkY6FU3iGV9m233MYE4wM,ken_app_prod,6ac989b1100253de75117f7422702b7b51c344af927730b51ec293e870714938
12288,2025-06-24 15:42:49.278,2025-06-24 15:42:52.189,pro_7jfvaJczi45Kzn9yedzmc4,ken_app_prod,b15a9b75dbfe2cae36f52170f81493c9eda42a0ac101d2f3af74259d9ece6b94
12289,2025-06-24 15:42:56.840,2025-06-24 15:43:02.275,pro_CRAuhSmHDK3G54Zdovm685,ken_app_prod,78761338689218d745abbb7c999aad794de8d74f73e44b97e91f6dd41f8ece31
12290,2025-06-24 15:43:04.484,2025-06-24 15:43:10.149,pro_YRbQmJotJHA4nGMpwVzH4J,ken_app_prod,8216a2982e46546fb567018ee439fd06c03f027d4b11cce004960bcacd2654bb
12291,2025-06-24 15:43:12.037,2025-06-24 15:43:17.625,pro_5RTDjtYpCKAQRouEiya9cu,ken_app_prod,8458612ddf7c2793c9bf0df20f36132fa46f1918d734c543b2aaad3b50888a09
12292,2025-06-24 15:43:19.535,2025-06-24 15:43:25.404,pro_GqgVNGJCoTT7WDfqe7YbVq,ken_app_prod,a0a23f36316d1293d0c054dbac029f3fe45084eb6d776ccee519a7d0d4793508
12293,2025-06-24 15:43:26.707,2025-06-24 15:43:33.467,pro_F3JxL5mXePWaLRXsPTCheV,ken_app_prod,ca0e0f2e5a55eadd43e5d45ca25765e9dc902d89c8ffa7d1c9003eda0521dc5f
12294,2025-06-24 15:43:34.646,2025-06-24 15:43:42.160,pro_NyZZAGYaBUaHi21WZmVX8m,ken_app_prod,7e7b6d1d35668e7b83907981c7a90c014335b164e3d7f56f37c46bfaa47785a7
12295,2025-06-24 15:43:42.895,2025-06-24 15:43:48.277,pro_XWQj2AG5p2WdrMajHLYCMr,ken_app_prod,bb248954e52b41ab092cfddb63fc98c20cf9ad347d9b255bc04e41ffda4de988
12296,2025-06-24 15:43:50.052,2025-06-24 15:43:57.073,pro_Lrz9cF3ZqR1xVUkizgxWFu,ken_app_prod,887f94c6f94fb9b28d624bc711627c44aecb8be01fb98cb8244be0f11540e149
12297,2025-06-24 15:43:58.325,2025-06-24 15:44:03.593,pro_PXoFZPDJHjztW5DSs5hFEA,ken_app_prod,b46ec6e6394c3c7e8779a753ff60ad2e4d9a871886e0a4122b9a7cd81f15ac61
12298,2025-06-24 15:44:04.267,2025-06-24 15:44:10.045,pro_HgRPmtohBXF7j42nujSVta,ken_app_prod,4811774082349e0808442fd9132e428e971e806cc8b92dba83b20cda456cec4a
12299,2025-06-24 15:44:11.700,2025-06-24 15:44:18.177,pro_CFuaTEWtu8QGXcDUCQC2fZ,ken_app_prod,1c7b6140bb5dcd0efe88d14e245efc0091f2d979193ab903bbdc39ca99b618ec
123,2020-07-26 03:11:26.654,2024-01-10 18:29:47.801,pro_JwNCgKnHZiLXi8pkmSkN4M,ken_app_prod,0f3ba65089a8d52b299d955b47b02743c0b91f786a05f8eddbc0abd057d85032
12300,2025-06-24 15:44:19.299,2025-06-24 15:44:24.151,pro_MoakfoHuRYFiNdFrLjr4bV,ken_app_prod,aecaf7819301c584aaac9d2f0a688f397387505844dd0b855922acfd32b05ff2
12301,2025-06-24 15:44:26.274,2025-06-24 15:44:32.447,pro_D3Xfcpvnn7wvirNL4JhS4H,ken_app_prod,782eaadb0d0650cc11bd2ead71875a1dcf54c4c6af7fd582518496edcc0127f0
12302,2025-06-24 15:44:32.805,2025-06-24 15:44:37.151,pro_X4mRT3MmPBvHhNiBcKw7UP,ken_app_prod,f9a8dcc13e901cfea77ecda4795f8771374fc4c792575ab5b4edacf353584212
12303,2025-06-24 15:44:37.412,2025-06-24 15:44:42.779,pro_NdrFeJ7YZShEBwGuf7MPze,ken_app_prod,b7195ae05ab47a9bfa175d32459421334c3b4730fb52127c8d7a6194bac96a64
12304,2025-06-24 15:44:44.383,2025-06-24 15:44:49.298,pro_Qy8ybEzmJ4gHRvnvJ3bLkv,ken_app_prod,c6e4dd5c76c7ae8b3b443493b78c0e3eea84fe826fe90bbb718eafa203838cc4
12305,2025-06-24 15:44:49.935,2025-06-24 15:44:55.467,pro_VKUM1iMM9PBsnypftpVz18,ken_app_prod,c98bc9feb3a650b32676fb67402e1350e3249464b566fed4602837d06b2ea7b9
12306,2025-06-24 15:44:56.609,2025-06-24 15:45:00.512,pro_XbXvnoKsWnyGZmuzqmYqyd,ken_app_prod,c5ef42d82351e88442f12d1d97f490c00554785d22ee11b531c2c83655a2052e
12307,2025-06-24 15:45:02.598,2025-06-24 15:45:05.409,pro_SokEp4NeispMoojwH2RPo1,ken_app_prod,880c6a2336ded7ed9306058c99d379cc5ee1590f18e932e9484134f2d135dc53
12308,2025-06-24 15:45:08.367,2025-06-24 15:45:11.949,pro_YZ2UmSDh7jZDTWxVc3QDZv,ken_app_prod,dd043e7e5747516431b49f257bce5cea367adf6d9a18160661a11c00d9b4a7a1
12309,2025-06-24 15:45:14.293,2025-06-24 15:45:16.624,pro_VCUnxSMzcTrrvu8FEk8D17,ken_app_prod,97ff68ef7a5cddcc69b33f1f6bbaf947b224808ffb30e60c254ce00a637cb320
12310,2025-06-24 15:45:18.822,2025-06-24 15:45:23.218,pro_GvWnGm4E8FfAEDaqiS3yn7,ken_app_prod,16349826e65a7f744aae9665be9b55a0985a0f5d46aecde4de49c9491bda502e
12311,2025-06-24 15:45:23.510,2025-06-24 15:45:26.150,pro_7cL5fnjEHtRT8u6wBjujA7,ken_app_prod,c259520bc55d13e6edc5925abc92875d523827c0646adbc8889cf71a07efb493
12312,2025-06-24 15:45:30.544,2025-06-24 15:45:32.300,pro_7FgPtHoYBhqXPQYwad1tgK,ken_app_prod,af69240144ea7c091965315727ff5cd8286933867c3e492ec31c21c33479a829
12313,2025-06-24 15:45:35.143,2025-06-24 15:45:37.560,pro_AoUtxKbHwdwGG4DXHaNeU,ken_app_prod,92c9acb43651db4d5bb3edcdd78f311f6770605af3e7dfd23f85641b5565372a
12314,2025-06-24 15:45:40.227,2025-06-24 15:45:43.856,pro_B7UCCrjK6jnN66yEksnKco,ken_app_prod,b7bc154ea18d28522d74ab54754d7dcb67188660dc9206d6f30800505503429a
12315,2025-06-24 15:45:47.045,2025-06-24 15:45:49.996,pro_XpCM6jKNtdxa5a1vbpWhKe,ken_app_prod,7f7e77194e5db581451a962ed879f648992920902a8383dbf76abd0ec06c4a11
12316,2025-06-24 15:45:52.035,2025-06-24 15:45:55.252,pro_Nq88m1nn48FnHAwFSx86vu,ken_app_prod,9585b9517814a55f950eb4156663dda79c608f5d0673b2fbebcbe8b293ad0b96
12317,2025-06-24 15:45:58.788,2025-06-24 15:46:05.595,pro_ArBGufGy6umtUAdGHtYQhy,ken_app_prod,6c15946a5098f2e7d17f4607d713b31b4c8a2111a93399548eeb683d8a30d289
12318,2025-06-24 15:46:05.897,2025-06-24 15:46:11.265,pro_FZCwHbQwjX9YtkHU5gjQuN,ken_app_prod,d95313259935e6c6280d49ee40363c62e806e3fc7199dbe38d7336388fe9b1b5
12319,2025-06-24 15:46:11.516,2025-06-24 15:46:17.332,pro_YFoULaVdjEbZFnRKzJoirk,ken_app_prod,381f5e2a2e31ebd0c7b24f2f8ca03c181011a87bedd770e422fa23fc09fce491
12320,2025-06-24 15:46:18.022,2025-06-24 15:46:24.367,pro_JkATbdwoXVPDhgJb7cuU3k,ken_app_prod,ec3e8c14399aa5ff41b5901f325090e627b32d7568750c43d51c7193f74d7954
12321,2025-06-24 15:46:25.050,2025-06-24 15:46:31.714,pro_UMsp29m55v6MbBTadM5ozw,ken_app_prod,84507b41d4b295695de3259665e91dc0b921f1b4d00ec59d48bbe72ebdf80f06
12322,2025-06-24 15:46:34.044,2025-06-24 15:46:39.590,pro_2rzWWchqngXybxkb2BvWnL,ken_app_prod,c0d0a91c705e04398674b9c6563bf452d17eb5faad97d6389ac004a252d90c48
12323,2025-06-24 15:46:40.715,2025-06-24 15:46:45.481,pro_USroKRFumBBYd4orygAbXv,ken_app_prod,3f44f1281dc971476cc446f9939f0485a4f7b653fd11d1b4d9a8cc9bf83c52ab
12324,2025-06-24 15:46:45.732,2025-06-24 15:46:50.685,pro_6ygpnR5dqbLxBz2j9cySUU,ken_app_prod,96b0d9076ead56fc3d6353d3ab860134109a5afe286a4edae7ca20558c1786d2
12325,2025-06-24 15:46:51.418,2025-06-24 15:46:56.730,pro_KxTgKgcbNFoY8uEw8g73o2,ken_app_prod,9416718bcc584e38867ea5fb63ee43fd63a69c429a03f008b6b8a21eaa96504f
12326,2025-06-24 15:46:57.097,2025-06-24 15:47:02.863,pro_JCso3vMyDKz7aF38FVB2G8,ken_app_prod,8fb1760aa684a4c038b6759c6b32d1d87e2b4d9d29e5aba132a06006d7d4f76d
12327,2025-06-24 15:47:03.614,2025-06-24 15:47:07.783,pro_ViA73UYac9E2m4WV4YEGqr,ken_app_prod,3db8ab87f27a70ad856830322fbf3a6e3ca177a79e74ca7108e1eb08cb10508e
12328,2025-06-24 15:47:08.506,2025-06-24 15:47:14.055,pro_74Jhup2dm3Lqw5HKuwVHDm,ken_app_prod,1482d2ea30d3eb9d42295b6612ec370194c4f5cc8c90f6fc87b790c87b67ee5f
12329,2025-06-24 15:47:15.826,2025-06-24 15:47:21.460,pro_ETQ8M7xEQFUAN5tP4z6LmF,ken_app_prod,188723b24977c0f391414884fb4596f6b54b191723947b65167610e1a4a6d40a
12330,2025-06-24 15:47:22.863,2025-06-24 15:47:30.283,pro_8cEUAvDGAjQH3rzvu3ZmtE,ken_app_prod,a492fb9499c81385b1fcced8da13dcc430693e9c0c47d256539d5143c3ed3703
12331,2025-06-24 15:47:30.942,2025-06-24 15:47:37.491,pro_FckJWw7sbPxUJtpriarN8G,ken_app_prod,abb036448f1d54cf473b3cc285c37a809d5a28b47658c492537cbaf68985ae38
12332,2025-06-24 15:47:39.835,2025-06-24 15:47:45.217,pro_WyS5U38YWwingxXUNR4fiG,ken_app_prod,7f1a6d4cb073ac063c989bb99e1d5170a6e94de714f0285b7aacfa93ef436302
12333,2025-06-24 15:47:45.468,2025-06-24 15:47:51.505,pro_XuALMb1AvByztJhzipA3N,ken_app_prod,ba5c323e33bddf0130c585f37dcf25f0e2ee9a8c35e4333b1c276c2c8122832d
12334,2025-06-24 15:47:53.302,2025-06-24 15:47:59.084,pro_TgLNC28EEjyPFSmWptjcQv,ken_app_prod,de7b7dab5714a2a42f77c985c9c9ffdc154c5a6e7defa199e5f8d28b4d9d2f0d
12335,2025-06-24 15:48:00.373,2025-06-24 15:48:05.918,pro_Q8zfxX9qxmRy4dxybLeBGp,ken_app_prod,e8a05a64b221adc888754a664748e31674c2cba844c9a6da9ddf66a3576a3a51
12336,2025-06-24 15:48:08.176,2025-06-24 15:48:10.822,pro_SREKR9tWk9oVRT7KfuJYhU,ken_app_prod,ed005b3b6d6549c01f56c21a6a9392a87231713a2ce3ac8f5b58e39e4e515222
12337,2025-06-24 15:48:13.609,2025-06-24 15:48:17.053,pro_MxdmbXdjzFwfUhcbGQbxQ6,ken_app_prod,d1faf0310e0afde1954fc26d848f8663fca23f5901b2fc490ab4338f668cfeee
12338,2025-06-24 15:48:18.948,2025-06-24 15:48:25.075,pro_5ZUTa6KYY2AYJgdKTuB9W4,ken_app_prod,f01562481b911772907c4fb2f72c1f8535f11dbadc0ae9f0b1cfe9035b2fb0c7
12339,2025-06-24 15:48:25.722,2025-06-24 15:48:30.665,pro_R6eqzUprUvsStsnDcCDmuY,ken_app_prod,c5a1063b44906cf46949f56b0f4a3a14a19f37f53c2e7a91425c53f9a94c5f24
12340,2025-06-24 15:48:31.448,2025-06-24 15:48:33.025,pro_34AzdPBVgt7j4zTePrAqRu,ken_app_prod,c34e06ddaec59646a9a6024d899d1eb5d73b51dacec79e3652683cf76db1448a
12341,2025-06-24 15:48:37.901,2025-06-24 15:48:43.726,pro_6JTgEDBUf3zqPU6kSu4psz,ken_app_prod,5286e1dabee886d341ff57e57517f8195d1f084f17c69babd734d52352c83806
12342,2025-06-24 15:48:45.387,2025-06-24 15:48:51.216,pro_JmFXUNxpsFVXRR6Rc9BYxb,ken_app_prod,e371a168de665be672338d317adb6ff1f03afac2f0ed0b0d58b7cf16f82280ad
12343,2025-06-24 15:48:53.042,2025-06-24 15:48:58.072,pro_AAqL54diSi2ohiYcGFdVeM,ken_app_prod,9df57958f0e7a9a7b516bc1e45811853a88287d49a13915f916b11372c64bfb5
12344,2025-06-24 15:48:58.717,2025-06-24 15:49:01.568,pro_7fCFn6KBYs1ubK6HnKUyj4,ken_app_prod,b75a37e6beb76fc78069a5df1092e1a37d1bd97ada9852bc359b2097dc8de3d8
12345,2025-06-24 15:49:05.697,2025-06-24 15:49:11.069,pro_4nRR37hAsPM5izbUE7kSPw,ken_app_prod,13829c3a22c5fede85b5a95972882b4aee231f0afb058ccb24d5c30b3762ffdb
12346,2025-06-24 15:49:11.893,2025-06-24 15:49:14.889,pro_MDUYTcQ6TSDPBS6m2x9VhD,ken_app_prod,1578b910037a119cdbbe59462839c05e3e000e1499124e5cf933494028314c2f
12347,2025-06-24 15:49:17.479,2025-06-24 15:49:22.934,pro_WMHtYDD24f4egu5rhhmPDp,ken_app_prod,805a205435ba3e7a04c6fd4fc3d8f68fd3fda4cea96e9d73fc2dd7e989672c89
12348,2025-06-24 15:49:25.042,2025-06-24 15:49:31.440,pro_HYtgzjNYRXCQkrtfZdpAWK,ken_app_prod,657159862f5f77b8b4620b04de0fb3bfe93ef9631d7ee986a031d8b4b35d447c
12349,2025-06-24 15:49:32.047,2025-06-24 15:49:37.940,pro_XmkN4XJraSN8Thxriby8Tr,ken_app_prod,cdd64d723e57e3477545c154b588af477691b28a7254983b85b595f76efcf515
12350,2025-06-24 15:49:39.560,2025-06-24 15:49:45.175,pro_si3omEEpszf8tYVzJ2TeR,ken_app_prod,9e3d79fb29acf39a8f35fb72763023929dbbaae24484919d4aacd2d420b120e7
12351,2025-06-24 15:49:46.208,2025-06-24 15:49:48.445,pro_EGVcbvtquNEczNu9Pasfiv,ken_app_prod,49ec511219ac2f50d9d363f6eed2f4cd89d5952e7858b1fa49a807908fc35bbf
12352,2025-06-24 15:49:51.778,2025-06-24 15:49:55.355,pro_Eczs5ymuw9738JrGSrdfYf,ken_app_prod,80f24f80dda6dea407fee1a8f253355d7b77d0065b273ab54cb834d87b6dd1f5
12353,2025-06-24 15:49:57.357,2025-06-24 15:49:58.944,pro_KSiaUKG99XB5SXvjab3L7t,ken_app_prod,218756df954b8d396936b714ed5a7887f4ca8a551b7cd3439442b32dce2d019a
12354,2025-06-24 15:50:01.345,2025-06-24 15:50:04.161,pro_Ua4CLQiVRYKbHMapNpiRMy,ken_app_prod,7a48e880e22cfe7d0b90f78c14bc0ae6d10940f1ed54fb4b4bc149536ce47898
12355,2025-06-24 15:50:05.222,2025-06-24 15:50:06.790,pro_45MKyYNVJ5K7JRtR2X9Ydk,ken_app_prod,851913647963ec38ef24f7cc067c551a6d49353fa57878543adcc8510ca50b2d
12356,2025-06-24 15:50:10.705,2025-06-24 15:50:14.321,pro_Y17q13Xr1jwrSngfihYLAq,ken_app_prod,76a64f050a4d2d8b5f2b01f8f8bbcd7c6050ac07e30cf2e1bbbd1a15c18f7dcb
12357,2025-06-24 15:50:17.241,2025-06-24 15:50:20.803,pro_E9p2VKLG41ZGXmeQfFfmPe,ken_app_prod,b9766636655f4bd72e91ee80ae4abcaff328b17cdaf9bfda6a3dd68ba1d52baa
12358,2025-06-24 15:50:22.549,2025-06-24 15:50:28.147,pro_5XWBTagQXegrx6NR7d1B27,ken_app_prod,79210ce02419e9f0e58b8008eeeaf80c987ae98694210d51bdb1b14965f8e8d0
12359,2025-06-24 15:50:30.568,2025-06-24 15:50:37.316,pro_2ZzdpYtUEkFbc9GWJiELvo,ken_app_prod,b341751c22b2084a50c699227eb3f591fb859e17f2381874d00164f7c9300108
12360,2025-06-24 15:50:37.548,2025-06-24 15:50:41.237,pro_U4L9AYA1bxMUhLXMnA3774,ken_app_prod,dcc2dc1a64913feb0f0e6b31227d421eddca7e955f41326c6f359d8a0ab6b0c4
12361,2025-06-24 15:50:43.004,2025-06-24 15:50:45.646,pro_UAaEsQqzXNw6G9etB7KaiE,ken_app_prod,2a8fc56f81e6c9bbae9572dd73a300d6604e367a3f3562c710579f408ee2cda0
12362,2025-06-24 15:50:48.515,2025-06-24 15:50:50.658,pro_Xeu92Fr1cNsqpEb4jC4xUd,ken_app_prod,e730f3b726aab61d1fb02e2f68c3eae7337466554218eff46a2c25220cefc17e
12363,2025-06-24 15:50:53.861,2025-06-24 15:50:55.384,pro_9wggCymSTTNi6FUV8GN4vr,ken_app_prod,b1c716a784e0d039996031be5d7cea4125a9622f04beef9574978f18c75ebdb1
12364,2025-06-24 15:51:00.398,2025-06-24 15:51:03.656,pro_FKL7xQUztiWhZmmTPcTAMm,ken_app_prod,af1bf696c2803ed1c0451f04ce95891d9f05eec50bc3e607b2350bcd809180b7
12365,2025-06-24 15:51:06.169,2025-06-24 15:51:09.245,pro_XoimkuxALHd9cwsmBQyQdX,ken_app_prod,c0763795a43a24b47165932515304512cb678fcabe65dcaf44cae88777a78763
12366,2025-06-24 15:51:12.015,2025-06-24 15:51:17.500,pro_VBG4QXwghUfxmEDWEyA8LT,ken_app_prod,8976172336dd86eff3756f476f4853453d59e7764be866f312c6745825395c55
12367,2025-06-24 15:51:17.722,2025-06-24 15:51:23.418,pro_HGuRuZkqgfN6yEoNUfUj8m,ken_app_prod,f9fdcafc5dd0ae7e9fa7dfb411e93d735561a2a9fea1671bf305fe48e387a1dd
12368,2025-06-24 15:51:24.104,2025-06-24 15:51:28.724,pro_J1eUbrDqAmHRm4hdS6e5wf,ken_app_prod,64dd149d8b35e0c0591eceb6c1f89c3c1813276e42f15a0184ba5d2db4828926
12369,2025-06-24 15:51:29.460,2025-06-24 15:51:34.853,pro_UfZHnkAP8jTym8fmYgd6pg,ken_app_prod,580fb2535ee6f737e5628753d4b2ce191fefa19df897ea61adfda4386b2efd46
1237,2020-07-26 03:18:39.869,2024-03-14 14:24:46.908,pro_25qg9EBCnyQK2ipBkd4w35,ken_app_prod,1b195269ba0e1308a17841205418bf5f76c0db803709311a9dc77d5540f5d071
12370,2025-06-24 15:51:35.123,2025-06-24 15:51:40.845,pro_YAmDWZkrcs5ZdJhBoeUoCC,ken_app_prod,f6fa791914d5dd70ff21751d3af142e857a2d0148fca635bf00f56f4af399881
12371,2025-06-24 15:51:41.563,2025-06-24 15:51:47.460,pro_XP5VSjpvtUMCusDhybBb8C,ken_app_prod,aa56ef4564e3a7a94e0d9ce4f928fcea5d4ffa67ec2c7b1f82aa2c6703eda7f8
12372,2025-06-24 15:51:47.707,2025-06-24 15:51:54.476,pro_GpYjDZfyGNkMgcNVucVdNJ,ken_app_prod,e266b71ca7af380ddda699c7b14c48240f9b63ec70bc0fc26eb92cccf6024b8e
12373,2025-06-24 15:51:55.037,2025-06-24 15:51:59.624,pro_XV9bdkb27NTgQ3JHCKd3Ce,ken_app_prod,92d4e8dc4848cc81e76769c59ddc845ebfd24d4036752f6c10a9a053072cd170
12374,2025-06-24 15:51:59.858,2025-06-24 15:52:01.401,pro_6CpZU9agNTvdFEqLwiyJza,ken_app_prod,8427de4b444ae74c4d49c104662c48255c0c127b509e6da81e4864c189b38b64
12375,2025-06-24 15:52:05.141,2025-06-24 15:52:11.096,pro_9axspMAFY36Mi1TQo4bh7d,ken_app_prod,61fd8a7d21568ef91cd23dce1fd67ea5ffcc861ba134978694fad6cb4ae05ad3
12376,2025-06-24 15:52:13.353,2025-06-24 15:52:18.711,pro_VAq1RK8oiMYPsYsRRuK5oG,ken_app_prod,47c199fed14158c14b6d5a2871bfcd0743c785e2059f0aae5f79f09768872027
12377,2025-06-24 15:52:19.789,2025-06-24 15:52:25.894,pro_7bFfUboEwJxnkTVENKD4YN,ken_app_prod,81b4519e51ac67a8e65e43bd86815d97de1191ab495e3c93c9d05edf8b0be030
12378,2025-06-24 15:52:26.959,2025-06-24 15:52:31.997,pro_5L149UaawbXmh5H6vc3saQ,ken_app_prod,859b61295cf4a6e958c1c448919abf0b8329086a6c2fb3aab615d1ccbe2dd2d4
12379,2025-06-24 15:52:32.645,2025-06-24 15:52:37.739,pro_HtxVYVaAg52L996LAyZtA7,ken_app_prod,b39b1e0ab8a7f4a535e7343f25f005c56d8dad40f64c3f9d584d8185f58d7771
12380,2025-06-24 15:52:39.876,2025-06-24 15:52:43.875,pro_VrmBoL68KHAbYivsLVbRMq,ken_app_prod,5aa137af3500268f198d6535886b0037f554d595cd3a71e4aa9dfff1bb8dc547
12381,2025-06-24 15:52:44.968,2025-06-24 15:52:52.813,pro_DfzVPa6muSjfgfPx67r1vi,ken_app_prod,300bc1f2fe6d1eea78e766ab828db30d8b8deba7425ef8025ccd44c0a4fef357
12382,2025-06-24 15:52:54.391,2025-06-24 15:52:59.911,pro_AxX7iVMWRjxfggjZ8f2hF6,ken_app_prod,296fefbd8d0d18ce2cf3cc51db856cd5f21fadb2442efe085929c3326b1903ff
12383,2025-06-24 15:53:01.001,2025-06-24 15:53:07.395,pro_BT41Fz8G6R2zZJ6PTNm35Z,ken_app_prod,6e1a1cd4b6b3fb3d4679d7fa566ec85b96aacb296a186e0a5551ab85f95ac305
12384,2025-06-24 15:53:08.429,2025-06-24 15:53:15.635,pro_BtB6wNLt5c57i1HTJnqyrq,ken_app_prod,60ab83e6fa057538d562479b131c6831499c8872503e7751989e3a83660edb6c
12385,2025-06-24 15:53:16.315,2025-06-24 15:53:21.380,pro_TH2NbndX8yJdADUWR59xnb,ken_app_prod,620c71509ed547c2bf7e458a0373e484b9a3517cf71c8c01804e5cd529c9039c
12386,2025-06-24 15:53:23.077,2025-06-24 15:53:27.107,pro_DejfZQB8y8u1bKdiPbThMr,ken_app_prod,a2248814225343b9da0625855877c870ce0ddada77925cff64133478ba6538b0
12387,2025-06-24 15:53:27.333,2025-06-24 15:53:32.702,pro_X7YQN73XkkcpSCqoo5uztM,ken_app_prod,e4cee42215453224c83f0334e48f55e4c2468bafc71bc0e53bb7c1a3029a35ce
12388,2025-06-24 15:53:34.228,2025-06-24 15:53:39.664,pro_2EHTfdqgUmSfEHWdwqjZ8N,ken_app_prod,8a975a61246215d98461ea6044cd4e6bb549cd87bf0d59441ef6297cad82789c
12389,2025-06-24 15:53:41.404,2025-06-24 15:53:44.451,pro_SPGwcKLZ9to6g1E4aK5taQ,ken_app_prod,6a03602aa0c3470a074ee6744e43443f5da2663835ae2e699e1c977d822c1173
12390,2025-06-24 15:53:47.430,2025-06-24 15:53:48.896,pro_CjcUUXBZ3UjykafwZ8uLTS,ken_app_prod,f0d0f308e32ce837a4414abc68861317ec618c382e940b2e84eff32ff46b5763
12391,2025-06-24 15:53:52.120,2025-06-24 15:53:57.470,pro_RrCjDibrpQ9PiK8VDTQeQH,ken_app_prod,27b144460036f978a604b7a6d9e74082cf7fc320f22f92b82926e95493f31610
12392,2025-06-24 15:53:58.571,2025-06-24 15:54:03.946,pro_94XGVMtgaxwt8d83zRAAZX,ken_app_prod,3b2dfd7405f2bf6c61c0a4971f040e3ff10b2d1202c31f8d6e712eeebbc63193
12393,2025-06-24 15:54:04.506,2025-06-24 15:54:10.254,pro_CULMriTGQC1x15mhMgvEXR,ken_app_prod,efb1e5a5aeaec08f6fccacaaa02393887ff9f16d76c27e65eb72851785a778dd
12394,2025-06-24 15:54:10.970,2025-06-24 15:54:13.686,pro_RSQJprsvwdcWED7KjpRMM3,ken_app_prod,a449eb7976d5a351917bf40ec692692425fd37f3fd59555deaa69d4787dbd7e4
12395,2025-06-24 15:54:17.731,2025-06-24 15:54:23.239,pro_LNm3qKJva2LB78MGJpZdDt,ken_app_prod,79380b78c89b249812527375d8c56ef93727a6c2c2c8daea0e84ebd2f29e77cd
12396,2025-06-24 15:54:23.835,2025-06-24 15:54:29.419,pro_8i1rS1wQNLyVZedTFMWo7S,ken_app_prod,a599f5e87fd45acf6baf5a6a9b30b7b8330b9cf50a3e9a10cffee32be73d538d
12397,2025-06-24 15:54:30.598,2025-06-24 15:54:36.378,pro_6vRgQsdbbSY7LpQxXcEiEt,ken_app_prod,f850f3f44e4422f78e949de3104528ad27b708e2416db49aa3ce6f11b357ba8a
12398,2025-06-24 15:54:37.561,2025-06-24 15:54:42.625,pro_6DEPoXhSWsPNvpKGJWF2sC,ken_app_prod,7a4a6b9f201eef35df1b0206e20c9b3543832b50a4867a71c754a12a5bc9cc09
12399,2025-06-24 15:54:43.764,2025-06-24 15:54:46.817,pro_GWCvSQjPVqDKVp4eyu2xZ7,ken_app_prod,2c3fea1cbff55cca79df4fcc64ce2fada6b38ece265b7990f6b4cd50a46267d9
124,2020-07-26 03:11:27.065,2024-01-30 20:13:55.909,pro_CYzJspUFNxes1uuHfkBhHu,ken_app_prod,1f39bda3fd71005311df081d792e233647f5505cd15134595cca00400d46dddb
12400,2025-06-24 15:54:50.582,2025-06-24 15:54:53.870,pro_ABTVkp6Xw5aoA148GxcTZk,ken_app_prod,aff286c069defe38f3bd648876828a84cf93ea153d5a1b8b1046de89f02c2768
12401,2025-06-24 15:54:56.616,2025-06-24 15:55:02.977,pro_GxUtb6v5Tws3FXs37m1wMr,ken_app_prod,cf8acdb52849c280ac857b4d7c4b49cccf8d27d1472e9807c167f8b5980752b8
12402,2025-06-24 15:55:03.598,2025-06-24 15:55:08.702,pro_N7oYds7JdUTjGqJGnxqk8y,ken_app_prod,98a0fa78857c15d6914825f45eb410c1f874a41ffb7e8e1eea4084662fb694f7
12403,2025-06-24 15:55:09.784,2025-06-24 15:55:15.911,pro_B8ZQtRCBe3ii5FkaieFeRD,ken_app_prod,12db5b211fcfe5047cbc0c1b6f9d3d37b89c37ef2acf91e32386c17f1aa73ce4
12404,2025-06-24 15:55:16.497,2025-06-24 15:55:21.736,pro_A3Je6QnvEerXBLr8N1b1ue,ken_app_prod,1a9f4ba4f19b2cf7dbe1883cb2c3a00197d8359ccb335efb06647bd04cbdcd6f
12405,2025-06-24 15:55:23.389,2025-06-24 15:55:28.825,pro_BKWnfTkfze1u18we8kBknV,ken_app_prod,bed7474ac6dcf77b15d67e259d000de561b60775e5ba120fc82d2debf9ef29bc
12406,2025-06-24 15:55:29.962,2025-06-24 15:55:35.398,pro_SdZMcv4TL2MxpaXUyFfHAa,ken_app_prod,ea191e99112e880b0688fced60d5b912fcd953bcb874892bb08912265dca3b91
12407,2025-06-24 15:55:36.075,2025-06-24 15:55:40.504,pro_RTULTuTpe4Nspgm6859yZP,ken_app_prod,0cc9ea12a6bc49c74aa5a1dabac208924bb8647c02a6658d661bead87c66cd71
12408,2025-06-24 15:55:42.116,2025-06-24 15:55:47.054,pro_MSfDcajV88aWR5GunMQhzh,ken_app_prod,a52a4b52a6d3dfe894660fcaf010de9ae377f9f68e5930d547fe9b5b20cbc560
12409,2025-06-24 15:55:49.305,2025-06-24 15:55:54.490,pro_8qi14ZMAbgYEQ5t7aZPZ1i,ken_app_prod,d787cc0ffe4d8b013efda620c7d63f7076a0f3c899d03418763b0e0ebd940714
1241,2020-07-26 03:18:40.785,2024-03-14 18:37:06.536,pro_XZCL3BSNGgJLZ7xNa2WHEf,ken_app_prod,f9582c0c2441bae41a9bdcf1a2b67b6989b46afc76ee4f389ed46c52268643ce
12410,2025-06-24 15:55:56.755,2025-06-24 15:56:01.925,pro_Q5KkhZXyq3VbRQvfppH7ye,ken_app_prod,10a7bcfff2ae26b9b96bc301d04b3d6683425971f4618d17ca10cba112f8b661
12411,2025-06-24 15:56:03.130,2025-06-24 15:56:08.242,pro_HGb2Cf6jxG8ZAgx1TK6BoS,ken_app_prod,de0b9f09fd037b4ec572ccd17e55e2ab4e8baaebcd591aeca6a8751b635dd9c6
12412,2025-06-24 15:56:10.104,2025-06-24 15:56:16.143,pro_3F4SLdoxpKKfD3zMRiCjX6,ken_app_prod,be28a183e40c85961dfa78d5d13b3e3e5dd5822d0682945d5ee2c17d5bf22f61
12413,2025-06-24 15:56:16.755,2025-06-24 15:56:21.696,pro_MYQt2QRey1dr1GQBAyWipn,ken_app_prod,59ced35c39c80cd9eb1bde83ef54e58a9b8d4903c412076a037a75ddd56a3cf7
12414,2025-06-24 15:56:21.957,2025-06-24 15:56:23.439,pro_VHLUdZrvLq2ALHPPS5FqHU,ken_app_prod,8a90e3fb8906c303e249536967c9a1fac0b968a5b0856f16b77205db6b88e211
12415,2025-06-24 15:56:28.629,2025-06-24 15:56:33.230,pro_77KMM7gv7ri8uEepnSUQvn,ken_app_prod,0aa1d27c065849903aad6fc4ec78dcd2030d4892f449c45f941069a9ddad3bae
12416,2025-06-24 15:56:34.265,2025-06-24 15:56:39.684,pro_MLpGwVrCBtucP4BeP68Gcu,ken_app_prod,0e90a4b95b6fadc06f6dfaaa70dd4e0dd6dd5e2c64211836531cabc1e1834577
12417,2025-06-24 15:56:40.404,2025-06-24 15:56:43.042,pro_AMHpTw6RskXosH5ENm4m2C,ken_app_prod,9afb86168d954c97877e9a7c0e24ee92d6db45a8048a2e65290a704bd3c68430
12418,2025-06-24 15:56:46.000,2025-06-24 15:56:49.121,pro_nwGKWZibAqtTKMoRT5cFR,ken_app_prod,ed21f1eed07d443439767637a07f39f49ed8039316a3c942d7f039d32748a608
12419,2025-06-24 15:56:51.285,2025-06-24 15:56:54.387,pro_9srTJdYK8yfjb1djYfdV92,ken_app_prod,3c72a7d40cbc5fa550689f4b8899572d9d53702e3b8da204cc520e0135a48d3c
12420,2025-06-24 15:56:56.163,2025-06-24 15:56:57.728,pro_CogmSx924DiJdnt1T5hbCA,ken_app_prod,b55f59d104e098e3766cd07f60685277b4cbf54e0105284a14c423be164a5724
12421,2025-06-24 15:56:59.965,2025-06-24 15:57:06.346,pro_PxmQ7qboWipbc5PL1iHTGD,ken_app_prod,667dfd5fd9fb9909ec342c0b734e80d72eab4e0a5f8f876c0ff2f90eeb839def
12422,2025-06-24 15:57:07.087,2025-06-24 15:57:10.654,pro_u5ifKheaR1xXCbjnzuVAK,ken_app_prod,3e4d3d1ff34810e278e5b69743f8f742c84d02c9b8cf68236c0198f1e7b13485
12423,2025-06-24 15:57:12.938,2025-06-24 15:57:16.193,pro_5f3nDNAyy6S5AgTSHRsP7f,ken_app_prod,9536e77514e1fa52f0791c04588f1f7b2b5fc4f34082e5c2a35f5b2ae4cb70d8
12424,2025-06-24 15:57:18.939,2025-06-24 15:57:24.180,pro_54sJceqQg6EGkqKZxJPcN9,ken_app_prod,7e3ccd95272e7657ddefad5d58ad69525a2d0e696c9312a507f36acfb7d3e360
12425,2025-06-24 15:57:25.858,2025-06-24 15:57:31.697,pro_2Tq5dNBc3decLTouVMMUeC,ken_app_prod,6c9a752e8e358dbd549a8e6bde8693ee74736c1e6027d2cbbaf2dc88239894a8
12426,2025-06-24 15:57:32.707,2025-06-24 15:57:37.526,pro_WnqHSdV2fr1JQ7MpLcst18,ken_app_prod,88dfdef5cc6e3b4e8c494c7ce57eacc90a8fec5b285a0d7e1efd19825947f809
12427,2025-06-24 15:57:39.135,2025-06-24 15:57:44.263,pro_9NE9bMz2bRU73gamiX1oyc,ken_app_prod,6f1bd0bcc8d2a1bdcc201df3daf7ac4a221b6f564e884f8d0982fdd54e63fb1a
12428,2025-06-24 15:57:46.700,2025-06-24 15:57:53.330,pro_GUw9gtYeqJqnj6ygUgQJWi,ken_app_prod,aa415460b2109fdb797452ab78042d38bcb34ecbedd602d35941b4ec8110ff7e
12429,2025-06-24 15:57:54.032,2025-06-24 15:57:57.058,pro_DKMFcG9rRGDhPjNi3pahLL,ken_app_prod,65f38ad3a238103fd82cb53ba32e92b8fabaa20f9b28adbc60390400cec3941b
12430,2025-06-24 15:58:00.243,2025-06-24 15:58:04.479,pro_LocCg5U4D8fTkAczxnXMWV,ken_app_prod,028b9db7ae4da2aba25cdf3b90809c715934fcec28e7b66ed05aaf2e70e8179f
12431,2025-06-24 15:58:07.909,2025-06-24 15:58:11.496,pro_46JU8HffA1uVYPxSBUmK4t,ken_app_prod,201043fd650e4b026ddf11b9a24537d0392c7def8d0cf3ae97ffad2915b4efcd
12432,2025-06-24 15:58:13.619,2025-06-24 15:58:19.424,pro_T16ZF5AE6cfbB1ufuoUi9k,ken_app_prod,543c9639f980ea34354550faacbb04199cd3ccdb7f5334fa1a0fe6b82cadc10e
12433,2025-06-24 15:58:20.164,2025-06-24 15:58:22.396,pro_XE9PvT1zwp5JxTrX5GNLyB,ken_app_prod,473cb299a5299050c15b2cfc39941e102938603a28427e5497beef5bcdc7093c
12434,2025-06-24 15:58:25.378,2025-06-24 15:58:28.070,pro_JaP3poAZWKWu6jCiaofQZz,ken_app_prod,08b65959c7ddb96567ff28f7dec89f58e1ab4c021c2368e13507d7ba2d55d856
12435,2025-06-24 15:58:31.500,2025-06-24 15:58:37.759,pro_4x9oeVkS2gGknsqmXB8dzz,ken_app_prod,7e0506b42af4400b5b02b0fe3ce52fe9ede009516ab0da67bd910cacd4d61e15
12436,2025-06-24 15:58:39.388,2025-06-24 15:58:46.140,pro_22jtKPCKYpXrREZKki1tRN,ken_app_prod,cddef23c85330f8590a509f9207a83f2a01c6eadf51fc2a56a2a7e3fa299c193
12437,2025-06-24 15:58:46.738,2025-06-24 15:58:52.184,pro_DdJ5wCaVQ7zxD8sAxMf5dr,ken_app_prod,5fd76b4c4a11d05260c94f133633007391c6335c850ed43dafe68581df3b1f4c
12438,2025-06-24 15:58:52.748,2025-06-24 15:58:58.417,pro_2C1qUx9Y2yYNUJpDhUs4Hv,ken_app_prod,c5c946519a934c7dad482f5c0ffe23df79805a9d028abd6f2142abe816e6cf3b
12439,2025-06-24 15:58:59.764,2025-06-24 15:59:06.057,pro_UpQasRpZRUYP5ftxtopQv6,ken_app_prod,52ab40548381f2152867c28e63c5c988cb82e0b86407d2d2ba29cd61b5fe06f1
12440,2025-06-24 15:59:07.316,2025-06-24 15:59:10.622,pro_NRhqmHa2xxgqSHXoYNA42C,ken_app_prod,b708c5f34b226a55db9bd48937b91f0086c4f7d232b6638dcc47f16e1902653b
12441,2025-06-24 15:59:11.723,2025-06-24 15:59:14.557,pro_HNjBvVV21X1nXXYxart7di,ken_app_prod,27032baad5d152a5d383f38e8939e3062133d84a06afe0aa1ef78e7c8264e2e6
12442,2025-06-24 15:59:17.059,2025-06-24 15:59:22.345,pro_7nzkjYdueB1nRnXhFrHM5F,ken_app_prod,df1b2eff2cd66a034aa45606905b4bf6f0a83e0306acac00abebe07aecf38734
12443,2025-06-24 15:59:23.354,2025-06-24 15:59:28.860,pro_2UCK2RBJquHyqyRbnfo1f8,ken_app_prod,45d71f9f98bea5a741ec69b82182025917cfca6ab03f80669ec23577ee1daf30
12444,2025-06-24 15:59:29.080,2025-06-24 15:59:34.784,pro_TKmP7iFy2mZyRHfNBFd8Nd,ken_app_prod,0f057bae3c584c2abad1b778051bf043d5aeba1585eb8f57746af7ca396ea223
12445,2025-06-24 15:59:36.293,2025-06-24 15:59:42.050,pro_PkpxFYn9gB9aFn51TxoS41,ken_app_prod,256f56b4b0ace16dca3a0b48bfc5dab726c8866055017da28db2ab10ef115964
12446,2025-06-24 15:59:42.362,2025-06-24 15:59:45.582,pro_4yAfTg1HhSD2EZgF5JTjiH,ken_app_prod,c55b8de0c44709e592827f4cafa7959c3a09e9c62b6d1d0f1383b03ee8635bcb
12447,2025-06-24 15:59:49.797,2025-06-24 15:59:54.284,pro_NXDoJbLCrY81vyjwd9WNSf,ken_app_prod,12ac74641a9627aed96a1a16632de7aebbc741eee2fa66b61becf95e6e01d142
12448,2025-06-24 15:59:56.787,2025-06-24 15:59:58.429,pro_opikSGSnRMZekXNoKuy2o,ken_app_prod,a78bbe7a23d480c6dfa5e121fcaebb8fd8752dcabcea1bbb25fbadfd98f5c852
12449,2025-06-24 15:59:59.741,2025-06-24 16:00:04.375,pro_25ri3rmHH1Sm6YdNHhJPEJ,ken_app_prod,12171c4e259fc9554ba439422568829d929eda8478c2fa4f36b32bcc2e0c3877
12450,2025-06-24 16:00:06.706,2025-06-24 16:00:12.510,pro_Cgo1CHP5fEfYCcpEPBFZnw,ken_app_prod,75d7a11da7b86fad1615276305f6030ba49324d7ee004cae450729cd9294d350
12451,2025-06-24 16:00:13.201,2025-06-24 16:00:18.697,pro_Q9VoqJ1PxXBRnVZEvfnVpF,ken_app_prod,b3898fac753e3e1b866efbb3b60d71254d2fec2b87d107054aa166490ff8fa84
12453,2025-06-24 16:00:23.850,2025-06-24 16:00:28.123,pro_TGRxfQbpb7wzHtb6VCZohs,ken_app_prod,8010cce352aea97b9e4f6aeb28a786a5f088c456d660c71023d1e17f750e865a
12454,2025-06-24 16:00:28.872,2025-06-24 16:00:30.431,pro_6QA4dqZazSHWkGNJWsk4rP,ken_app_prod,31e6a8119605cc78701067b4d54cc0dad5cc87ededec55240ff013b04beb274e
12455,2025-06-24 16:00:35.226,2025-06-24 16:00:40.198,pro_AA3YS2T8KHmCE2ztvdRYHu,ken_app_prod,5f64f109ea738be075dabffeab0fc3bafc7db1c54064baa3c20cf0710cf06d28
12456,2025-06-24 16:00:40.982,2025-06-24 16:00:44.619,pro_TLr6X7VFtCcWqcWKNuF6o,ken_app_prod,3e5fcd004c9f05057def2d91862d685df958f7f0dce3046009ac9fa00d42234a
12457,2025-06-24 16:00:48.622,2025-06-24 16:00:52.076,pro_YWwqckS6ztYMLEd7eDfkeN,ken_app_prod,73807c3f44e1c47b51cce5b061d73d3599956571fb63bb8b00d11561a8b8ffd2
12458,2025-06-24 16:00:55.434,2025-06-24 16:00:58.596,pro_7xP2MQ4oXkouog2h5D6FW,ken_app_prod,5ee1af04ddea44bc75db9105e6f5f52d516e52e2444ec03c77f350066c43a3f4
12459,2025-06-24 16:01:01.864,2025-06-24 16:01:05.517,pro_9xJeJQzujh8vBdiMGu4Vir,ken_app_prod,eb9aa4199e942747fa5710ca92451fdb25ae8cb123ca662d12a8417a60e6a9c2
12460,2025-06-24 16:01:08.624,2025-06-24 16:01:14.454,pro_GotsDUwyBWCQvpE7ZtZxqm,ken_app_prod,b65840044c33a881a627ebc0db0e7c8077770aaa0c3300cc656dbc886cc8acef
12461,2025-06-24 16:01:15.549,2025-06-24 16:01:22.322,pro_74MushSGBLgmXqgv9HYLh6,ken_app_prod,d30397132f179dd4598b09c3c9ae1ee347e88d26553aa74d3a03bbc08224230d
12462,2025-06-24 16:01:22.612,2025-06-24 16:01:25.583,pro_Mw1XuPL4rWr977exMrXFra,ken_app_prod,948c4cfbcfb7e29c91d00ee54ae10add5115c8c885947a7fc00eedf9a457175e
12463,2025-06-24 16:01:30.319,2025-06-24 16:01:36.954,pro_BLFwBPgHZmPAutCjHQ3Gwd,ken_app_prod,54b5b029f3917a36eaea46de34e40c4e6f80d9de07480f5375d132f32a7a87e3
12464,2025-06-24 16:01:38.780,2025-06-24 16:01:45.069,pro_6xed5dcaUQAYRU53Ybuxz6,ken_app_prod,a2dd478732b002ff97676861fc47bb0e52813e90526667713811d950a7d3f5f9
12465,2025-06-24 16:01:46.234,2025-06-24 16:01:54.367,pro_8YoMqcPxmN3Uku8TLiZh74,ken_app_prod,d99cc8040c5d449fa7561dce3082a14583dc01c020d7a65dd4213fcfc0dbf63d
12466,2025-06-24 16:01:54.953,2025-06-24 16:02:01.071,pro_5ubWDRKdS1LGWabmTSMuVv,ken_app_prod,fd3bf3172670432a54f23f49879b66a381a8fb230c06905a4886983613c57d79
12467,2025-06-24 16:02:03.160,2025-06-24 16:02:06.926,pro_4BsemAHyCrXJkHMfxPg6tA,ken_app_prod,11a80b6ec15bd2ad28882798b04a09a072cf9f2762cd558aa270516f675361b6
12468,2025-06-24 16:02:09.303,2025-06-24 16:02:13.872,pro_63D5XYDj9UuDY9dtoLJLYS,ken_app_prod,74511ef9947f4371ead566f2411f25464e4076bbbd1f7e5bbb8ce7752fa81b0a
12469,2025-06-24 16:02:14.162,2025-06-24 16:02:22.390,pro_eV73yFTAUAFXihUtwY8fD,ken_app_prod,8d023d901cdc991006be974c0718b96fa5664084bf21332084711f1b66f31ed4
12470,2025-06-24 16:02:23.543,2025-06-24 16:02:31.221,pro_LcR4xeUgfp1PQTf4gr8RaB,ken_app_prod,9e1a10c1fa6a6e2c6bc8f5ac235764bc956b4a4ff2ed895696d7d74e4797e8bd
12471,2025-06-24 16:02:31.607,2025-06-24 16:02:34.402,pro_G2kqeH8k4KFSVF2ZLYCkdi,ken_app_prod,da0aba7a3c7da159bf25ff71fbd1e9a490c56397d2c9d37539b75389bb59d1a6
12472,2025-06-24 16:02:39.182,2025-06-24 16:02:44.961,pro_VbeiqhP3G34LE53XN2N9FX,ken_app_prod,837766c8cec2071a9a7c6f36b8bccb7df239aead82178fbd3615394b787880e7
12473,2025-06-24 16:02:45.517,2025-06-24 16:02:50.794,pro_MfdgdXmGAjc7YDSbexNMgG,ken_app_prod,05ac9afcbb29d662fe560ec015c6d775357dd5437af07fab3c4e5b9025e6ade2
12474,2025-06-24 16:02:51.634,2025-06-24 16:02:58.134,pro_8evfz7vXqjuiFK353KQjMJ,ken_app_prod,1b1508336bb8478f70eec8aab327030a74e77274dda4edb1a9487b2dfedfec82
12475,2025-06-24 16:02:59.791,2025-06-24 16:03:05.938,pro_QVckpbxvpmYMTdZ6MvaMrZ,ken_app_prod,28c6c6d253e42c457ad183db20336b46dee061696794ece6609412656efcf6a5
12476,2025-06-24 16:03:07.033,2025-06-24 16:03:12.462,pro_Gjau4ecipCzPmzC2ppqfSN,ken_app_prod,bb19845fced421adffbc3e39c77cbf2b8d705b71a49bb45c61465153580cb63e
12477,2025-06-24 16:03:14.087,2025-06-24 16:03:19.303,pro_MhEzZguQ9WZk7Qc9zXX48n,ken_app_prod,bc04e33ff2633797cc4fe732732da4584964e157c1bf5157d12401ece2932863
12478,2025-06-24 16:03:20.976,2025-06-24 16:03:25.804,pro_XHFzLbF4AQeYwY9mQNyF5x,ken_app_prod,f10e1ee3901dfbf30f96081748c0724c5edaf4c4ff2f922b11a7bf73c50bdfe7
12479,2025-06-24 16:03:26.502,2025-06-24 16:03:28.045,pro_4VdaaXqKX27tVjwuWQN9ue,ken_app_prod,b4b102ba6079df6ecaeb4ab10f39a173ea0e3769fac8494f15a5540124ef66e1
12480,2025-06-24 16:03:31.993,2025-06-24 16:03:37.892,pro_WdXfnBUEuitSPiCAKfQCHV,ken_app_prod,4cbbe2940bc67504f5699115e5e0374d7e748ab8eb29596a415bff29aa5ac0f1
12481,2025-06-24 16:03:38.491,2025-06-24 16:03:44.122,pro_WjWN449G8HQd8XNVKtytVB,ken_app_prod,e7666618a860d121a4cb30a16c3264a488fd2019b298017cb1dbfbb552adb41d
12482,2025-06-24 16:03:45.248,2025-06-24 16:03:51.796,pro_2sAh7VQQVkoYwWqf5Rj83U,ken_app_prod,ac27439cce279e8a1e304515c2f283705e07bb587afe3e8ece9eb3c58f4e5e20
12483,2025-06-24 16:03:53.667,2025-06-24 16:03:58.423,pro_2kyXYse5YRCPkGRN2hFuZc,ken_app_prod,c1ddcc82577dcbc2a4873324a4f420aef3131017344364af2cff804709d5b64b
12484,2025-06-24 16:03:59.138,2025-06-24 16:04:01.644,pro_9ghUa8jYLZRiqLLJ46RRLG,ken_app_prod,e14e4c8d42f021daf7b46918a25288957b6264a680678c37a0b7f7ea002ff498
12485,2025-06-24 16:04:04.829,2025-06-24 16:04:11.280,pro_RfvCvg1r9bXTvm3D5XLUug,ken_app_prod,ad446633f7a123ed0a9c5d2578456d7af6ae95aa43e34611d1d77c6a59e70aeb
12486,2025-06-24 16:04:11.571,2025-06-24 16:04:17.309,pro_8G5CmAq5x8fsiKTicnBTeh,ken_app_prod,205acf4ecf95883d23c45caafc341120f1d539eef49372f6cfca2393babbb4e4
12487,2025-06-24 16:04:18.037,2025-06-24 16:04:19.521,pro_G7nHzH4E6L8eqbnyhZjcvu,ken_app_prod,b80dc6508dfd44524f291b4b6ce7e0cceae9af747ef0b7e0968180fd0f828269
12488,2025-06-24 16:04:23.371,2025-06-24 16:04:26.630,pro_LdB3QhyKtWuWBPzdfNk13c,ken_app_prod,69821f21510fff3fc211d8e0a8253ce2b581815a5d684ca13948cf4b043fc6b7
12489,2025-06-24 16:04:28.772,2025-06-24 16:04:32.812,pro_3sAKoEgRFQnjGCiFi8cx6e,ken_app_prod,30e62466138970ca51214d02f1007adb77ed9ea65e08be2ba0bd00b1d778e3cc
1249,2020-07-26 03:18:43.189,2024-03-18 18:26:39.633,pro_KySZwKtSEuKGWTnMrKwD1T,ken_app_prod,e6d6b4d7715762a6a1b9521103afb5c4f0338902338be3e93d9b8f056c96be7b
12490,2025-06-24 16:04:36.783,2025-06-24 16:04:41.706,pro_4YtDwARb8GXzUtAcEb46Dt,ken_app_prod,86ef4be4f8e79c3e1015c21402053917346610e8bb81a99a1b77c823f802208b
12491,2025-06-24 16:04:43.657,2025-06-24 16:04:51.296,pro_LMhHUWcMbCMhxkXDz9BncA,ken_app_prod,73e246482cf8fc722249a707787ae67f22b73722806800a250f595bcba69cf65
12492,2025-06-24 16:04:52.437,2025-06-24 16:04:57.870,pro_6doStjtbdLyhVqn5NT7guC,ken_app_prod,841ccf9a300ccd94b587ce5a809d87e8f79f5cd23326fc7484896198e01a90f3
12493,2025-06-24 16:04:59.058,2025-06-24 16:05:04.960,pro_Pd66ZiqvwqaoJFhYfuGWzC,ken_app_prod,3e89d57405532fd4f88fedd1475eab22c5d09eefe37b1f6224497a538cc3aed6
12494,2025-06-24 16:05:06.388,2025-06-24 16:05:12.685,pro_QaiAtHmTy2GNkPAdJFgMGC,ken_app_prod,8eeabcb9b08e7bd07f9073a946da725a82313f356e28e66de64c409cc9716178
12495,2025-06-24 16:05:13.854,2025-06-24 16:05:18.533,pro_Qd9L5cFv1NQFrPm7UZnAqX,ken_app_prod,1a2eb626345af4686ca251f99f5ed9fbb5a22692896cb4153ed72d71ede14c06
12496,2025-06-24 16:05:18.795,2025-06-24 16:05:21.615,pro_71JbNSi6WqhB3HsDw2DVkf,ken_app_prod,8a64235277801e8273106767ad1eb94d531a11c9b8bc6906e36d44e7eeb023e7
12497,2025-06-24 16:05:26.946,2025-06-24 16:05:34.219,pro_5jzc83jgJ2Hp45SRe5Bft2,ken_app_prod,82ac134328234c344390960df93ae74d2a2709a34542119dc58212a0b3da7186
12498,2025-06-24 16:05:35.453,2025-06-24 16:05:39.357,pro_L8EpxbeBTWq4m6nff4qXof,ken_app_prod,ddc63353c63c10a0adfe7ae5cb9603af03713b1638e352eb9669e610c61c8ef0
12499,2025-06-24 16:05:42.786,2025-06-24 16:05:48.162,pro_DkJ8zHJLMMpU8Tc4UAqbYG,ken_app_prod,7c74da92a65f849b5ee77a65cff5a3de4b716c0e27b3e76211a00dee47462908
125,2020-07-26 03:11:28.378,2024-03-20 17:08:14.738,pro_VfadZNXAU32L6qATpnDiQe,ken_app_prod,bf95a3b1f875642992704b8d9bd17fbc4435bc11c323e3ea2229314b19302948
1250,2020-07-26 03:18:43.471,2024-06-29 21:02:46.225,pro_MsEQpeRz6SCWGuofW8cVyq,ken_app_prod,06f45b9827813a334d8df9dc72922d42ee72f32c289d1ec0032a3caf52b09523
12500,2025-06-24 16:05:48.978,2025-06-24 16:05:52.769,pro_VAkMoEYU9TC4Hvyu4AvXVR,ken_app_prod,9e0b9599ba8f88c48c0c67903f13ab18ee9725d9e392f8e945eaabe6bc0856e2
12501,2025-06-24 16:05:55.380,2025-06-24 16:06:01.377,pro_Qj7TCmQLP83pwhf7UGf3B2,ken_app_prod,8309f6543c446c108029d93190298d59d46ed4069f846636ccf93699a644f520
12502,2025-06-24 16:06:01.733,2025-06-24 16:06:04.345,pro_VGWjXcxVR4hga5CbhwS5vt,ken_app_prod,c9141fa11a2ca3bfee41970190cfed4e80dc5f1726c04d595aea6e5790ace9bd
12503,2025-06-24 16:06:08.720,2025-06-24 16:06:15.797,pro_T2VFQKhhbYWgAM87rTU6Ai,ken_app_prod,aebf69bf418e18583f8fe26889eacea007e6ca96d89214daa45c781ab1d7d823
12504,2025-06-24 16:06:16.091,2025-06-24 16:06:22.192,pro_RJ7dAqKSpNwEnL1CqRYp1M,ken_app_prod,c0e3a95ee2323a77e055bc5b1178ff8a1ba5f891aa20f14e13de079a2c746709
12505,2025-06-24 16:06:22.446,2025-06-24 16:06:28.827,pro_WCqFX2X8eCWFVuE3L8mgNv,ken_app_prod,0f66ab58aa1dfdc1522ea963d17ff3d8ecef2f99bb449c9931835e840f3ed8a4
12506,2025-06-24 16:06:29.084,2025-06-24 16:06:32.076,pro_Lhc5tidGYomj4oNAmSjgP8,ken_app_prod,615682a8cf5b1e56247dfe7ae5ff002aad4c9e56cfc7b2ba65c391518aa729b4
12507,2025-06-24 16:06:35.457,2025-06-24 16:06:38.731,pro_PnEhU6CftRQsU8gc5B6FdP,ken_app_prod,5f65ca3bbe379d7bf459297e035515bcf2c443fe45d5277e57f77202249c1214
12508,2025-06-24 16:06:43.002,2025-06-24 16:06:48.830,pro_RQKeEPupCAFtCyoNdqRNHH,ken_app_prod,dbf12f6814a32a52173b5b03b9097a601fe3a709d7c8bfb52a7adce1ce0f05fb
12509,2025-06-24 16:06:49.082,2025-06-24 16:06:53.939,pro_EjYQBeG8afagxyeuvZhoQr,ken_app_prod,b63cdc2d6734748cde955d40f2d6122f79dd0930f0ae0d5f746e019720c88218
1251,2020-07-26 03:18:43.789,2024-01-16 20:22:40.646,pro_G8SvvjbEcLoZK2ZpGH3cxK,ken_app_prod,e9a98d53d6e9b9c81a0319b98382312cdd16c7edaf9d3144cc5b65ea520005e5
12510,2025-06-24 16:06:55.682,2025-06-24 16:07:01.467,pro_L8h5HoMYBvNiT5rrZ8FQ1j,ken_app_prod,21c7b312df890f773824df9dfc9df6248164324bb9f3c3a4aea5f980c1560633
12511,2025-06-24 16:07:04.173,2025-06-24 16:07:08.678,pro_QXraqTPDrpGxFkD8n7n3QS,ken_app_prod,edf9bfc76c81a8f4a2483963b5568eb3d50e664b1d3a1cc8cd61db07bb9ed2eb
12512,2025-06-24 16:07:11.752,2025-06-24 16:07:18.295,pro_X7Ep1kbWQQGZuB4SKvTAH4,ken_app_prod,81d38973d98ebc760acb998f0431e51ea2922f33230fdf9414b0388ac2b2a33c
12513,2025-06-24 16:07:19.611,2025-06-24 16:07:26.037,pro_EUrvzFKy8uaqeUspX7Shs7,ken_app_prod,93e2f772ec43ab8e8f53eb56b65e78810e38553c6a7b2dcf4089764f11456e03
12514,2025-06-24 16:07:27.285,2025-06-24 16:07:33.998,pro_VzV8XqWq115ebyfPbSZdRj,ken_app_prod,d9b245447dc7a1a6ac74269dee5393bc63a434404d50d24f2cc7f10407b3a7af
12515,2025-06-24 16:07:34.248,2025-06-24 16:07:37.862,pro_EQzbLFQH5pEnQ5ZEpMoHxY,ken_app_prod,43fd316ba1b510fe7acabf58b1a9e9974e1cf3a892ee96475bc4f167a8ad9efb
12516,2025-06-24 16:07:40.550,2025-06-24 16:07:47.237,pro_G4YtTHHSJgSX1BCh7ubtx5,ken_app_prod,bb9cc335a5e435316636a03afbc5a3e4ad14f91b05188593cb19a71c75e690cd
12517,2025-06-24 16:07:47.484,2025-06-24 16:07:52.855,pro_GWCj3HGb3RTfuYipcEVy7c,ken_app_prod,68530a297df0a9c67d9985311178aca3c7f51581d2c9f5689f63d410ef610bac
12518,2025-06-24 16:07:53.108,2025-06-24 16:07:56.210,pro_BHWUkxLN8HhowBaNPorrxe,ken_app_prod,f883b9ad26bde9d55b507289a3fdc687f9a3b53d35561ce6fc0408e7ed4091b2
12519,2025-06-24 16:08:00.325,2025-06-24 16:08:08.180,pro_M1rZcL6898XLWzgq7NKVg5,ken_app_prod,23964ea3b02ccbca122b5b10cee8936e7389538f4beafd092b9fda63488ae30e
1252,2020-07-26 03:18:44.177,2024-01-04 17:04:05.722,pro_6nB58KjKKMM3frxyBgLYfA,ken_app_prod,9b961d483cc22888f7525d310783eb2069ccc446fa5e3591695d3706bb1ac443
12520,2025-06-24 16:08:08.451,2025-06-24 16:08:12.415,pro_XsAk57MsoFDXqt5Fwf4Qkg,ken_app_prod,88f0d834586062c2dccfc823bdc7bb7db811da20ac5bee6c7b7113bad8814617
12521,2025-06-24 16:08:14.740,2025-06-24 16:08:21.024,pro_EYv5UdJ5PMj937po84rHBM,ken_app_prod,bb07cf7a510a0582ead77b48f2cf087c484b2ebe2ccfdad2bf9558787daea054
12522,2025-06-24 16:08:21.838,2025-06-24 16:08:26.135,pro_XPLtSYezZXFjyvyENqkFvi,ken_app_prod,16a83d03a026cc3b193342ba37794b9bd6f31cec35d98f439aa388f9ac4e85ab
12523,2025-06-24 16:08:29.418,2025-06-25 18:35:32.174,pro_UqPRP6YKkJfn3FkHPqhU1J,ken_app_prod,0e94e74ae3de457c92026c8a7f8070cd524164071b34bdd9957dcd71295f84fa
12524,2025-06-24 16:08:35.849,2025-06-24 16:08:41.286,pro_9yo1RVwMN17dhAuV8Kg7Pd,ken_app_prod,4ffe50e74956f6e7f060c67fe0edf56e900849daa3bfbf7b1428b8743295a11e
12525,2025-06-24 16:08:42.172,2025-06-24 16:08:45.397,pro_M4KKmxCDuMudDRsXijXrtw,ken_app_prod,3e699d324ed8d7b8111ab0eb3fcf50c932e875b4570d66ec4ec34bfc98bea1a8
12526,2025-06-24 16:08:47.991,2025-06-24 16:08:50.687,pro_5vBzMTatUQNjvheGvNMnaH,ken_app_prod,92a2e177cd08bd051398004330fe6288e35c9ad12834bd53c0dba80b336a4cd6
12527,2025-06-24 16:08:54.920,2025-06-24 16:09:01.857,pro_53A2JY9fQHjSBBs6b2Vjw,ken_app_prod,6fd35840c49b66a31b3aa6c40828958577a8d166a09b9c320cef15f94dd221b8
12528,2025-06-24 16:09:03.628,2025-06-24 16:09:09.375,pro_YTqPX3cpVLuALxBdTVgP5h,ken_app_prod,8e5af9e895f6921f731c75f249f8e5a7e132eecbf9581bb1ed9a9809bd01b586
12529,2025-06-24 16:09:10.179,2025-06-24 16:09:11.833,pro_5c83o8fUiVPab9vvCS1vUM,ken_app_prod,5d4aa17435d1f3c47a940b46d4f49418a68ce2ffbf7410b020622955b789b5bf
12530,2025-06-24 16:09:16.180,2025-06-24 16:09:18.476,pro_S6LhJQQLa4A1TuRcafeApa,ken_app_prod,ef6b8c5716a7a498f80a28fede6ba49df20c0036ac521d43ec1de503c6666f33
12531,2025-06-24 16:09:21.774,2025-06-24 16:09:24.736,pro_NjMh9Tik8opyytB1uL8HZq,ken_app_prod,a456e68f6e84e0e231353b1254c05c5852784d7471cb8d08efef89957c770c4f
12532,2025-06-24 16:09:27.805,2025-06-24 16:09:31.079,pro_NbwTCwLobFKYBgJQVbMAor,ken_app_prod,97c1d9761c7960137aa9f8feb6f67aba54282c00b88ef0eda0fb5cb332c457ba
12533,2025-06-24 16:09:34.393,2025-06-24 16:09:43.065,pro_NbgxzR64bLLSEaNSwB2SD1,ken_app_prod,f62b11238b10a1377ae60b5db8036921d45f6a849238e8442676fd67494387a6
12534,2025-06-24 16:09:43.348,2025-06-24 16:09:49.756,pro_Asv3JL6osTKRvnNRhwk7P9,ken_app_prod,34a25d8386f2fc86783b631154f79cada3cab87513277d255e5c2d1232b005c5
12583,2025-07-06 15:49:53.091,2025-07-06 16:01:20.112,pro_5vLkwWXaLGCUeYx5sxC4DL,ken_app_prod,e32e015129489b5e7cd55626072cbf02a7d95143355521256551cbe1617418e5
12599,2025-07-15 19:31:25.118,2025-07-15 19:42:20.221,pro_9ZdijU7UZpmknREQptnMhe,ken_app_prod,5e15992f39420985be5fef37f23b672d24eacbc373b5da6f01aa463d28640a5d
126,2020-07-26 03:11:29.569,2024-03-14 14:26:13.473,pro_FysQjeaFbswiZFCrWj1JmT,ken_app_prod,c45c6bfdc7157c69e35d7c9f7d7ebf1d7e6c04c8e3088f02feaf0487e77fdd47
1260,2020-07-26 03:18:46.361,2023-04-18 18:39:06.598,pro_F7p4kJesDcUqu62FGBD1ZE,ken_app_prod,d474589abdfd761f377ae45ea0d1970bb714b6b06a8fdb53e7d252d6a6f27a07
12601,2025-07-15 19:48:35.176,2025-07-15 19:52:14.520,pro_BxMov421G8MQPLxGTjCwbt,ken_app_prod,cd8b65686e51cb614b40b555d7228c81b3e8e15ec675ffdfaf1417756d1a2f75
12602,2025-07-15 19:54:13.919,2025-07-15 19:55:02.926,pro_B536X6QdtHgosmL5iqkdH6,ken_app_prod,1859739db1e9cb2a9fffb9456fbb0a4cde12f36549d1c47e2a0cee714cbb81af
12603,2025-07-15 19:59:28.854,2025-07-15 20:11:10.928,pro_CDtafAvGGPZTgJvrYCB8ft,ken_app_prod,f6aed5fe8a6c5aac80c442b51e421482415c1d1010d6352a9d47593617b80eca
12604,2025-07-15 20:02:04.469,2025-07-15 20:03:09.868,pro_RcKkTprs3Rv5ytTuCXXQLj,ken_app_prod,a3de467a45529360d57776d8cbd5640b9096ab7f45cfabb61f30c14e605e0211
12605,2025-07-15 20:04:38.933,2025-07-15 20:05:41.362,pro_M2Hjf88HessTESceG9rKHG,ken_app_prod,61de161a6eb0c413a3a541197b33de6c3c3f34032fc1a14c69349d3967e31ebf
12607,2025-07-15 20:22:46.937,2025-07-15 20:23:54.283,pro_7uD1ouvvyeMSUaXdPtVfEU,ken_app_prod,4e56517dece6986ec7d9e30a1c83b0090e605b57f40403a9527b5487773e0f62
12609,2025-07-15 20:27:01.394,2025-07-15 20:27:48.813,pro_XE2n3oMnL2uugXmYQfzsHq,ken_app_prod,46b41aed4b211c5458c9e8d93a68939452df5a09c5fe16867115169c3ffd8a48
1261,2020-07-26 03:18:46.695,2024-02-12 13:42:29.018,pro_XhszbQ7H45XdNFE8kcpYj9,ken_app_prod,18f9c9509ab7ec67f8cbcfe9f77e1083f7d2d5355e9c222dc3c2423e184a387d
12610,2025-07-15 20:28:51.258,2025-07-15 20:31:14.746,pro_JLBKZa9yw2dex9Zmgsmeyf,ken_app_prod,e5bbd3fb41b25e64112a7e68bc47a036852e4a6c384a8e5622f7f83ada0b26d0
12611,2025-07-15 20:31:34.895,2025-07-15 20:32:33.041,pro_XzCidrT4zSqpaQKiyDKD29,ken_app_prod,3326b1f8d0e2d19ad0b939615d80f955401e9b3fd6070da76ed2adfa50942f54
12612,2025-07-15 20:34:16.139,2025-07-15 20:34:57.876,pro_2mobWH1YNEaeZkqomRjovE,ken_app_prod,1c6eaa03c139f61c948d47a5e7d35990031dba134fe8441c2d201c46ad9b0233
12615,2025-07-15 20:44:51.153,2025-07-15 20:45:38.155,pro_UvBB4Xyf16JL8yseRkMd8X,ken_app_prod,d432fcf114ea0c2dae7bd482309ff45d78adc1104da9e01e8b654baaf484c1a1
12616,2025-07-15 20:47:09.464,2025-07-15 20:47:53.467,pro_YWLWycRjFVutfePRvjf2xd,ken_app_prod,974f35934e628a511facbc348f1638921299eca0eaf4222dc999ff978f59873b
12617,2025-07-15 20:50:01.736,2025-07-15 20:51:08.367,pro_Y2tjP16Eh5UKe4rqvkfGeX,ken_app_prod,92de07e4440947ce953678294d678abff1b9e9323dd9d14e95f2781e008885b1
12618,2025-07-15 20:51:59.436,2025-07-15 20:54:58.068,pro_TMTvSC5PyKAH6WzBaVSKHR,ken_app_prod,2bd20a1967f45a7e1cb7fb9868bfab0bddb4b82e9c0b5ac9b1919c481bdc5f5f
1262,2020-07-26 03:18:47.130,2023-11-24 10:55:52.105,pro_V3Pueh4MfoYqLMHZojXJZk,ken_app_prod,e7f33dddb69bb1df2c05bce09088921704bff2ed00f605b19723a56c6f84b896
1263,2020-07-26 03:18:47.613,2024-03-12 18:11:40.922,pro_JMFSsPqX2Bct6c3J4aPDBL,ken_app_prod,ac27b33b53849631d7b6a3b09ca51326b31bc1de59ec97f36e08f85b2066a1a0
1265,2020-07-26 03:18:49.635,2022-12-22 22:45:35.236,pro_E13PFFsiE73fY8Wi8Bsb2Y,ken_app_prod,018b872310abc77eb35c5e40b6f848a76bbd1e57f4394bf521e4434c1dea9671
1266,2020-07-26 03:18:50.314,2024-02-12 15:13:12.605,pro_MxkoTd9iSkx3JoJ2oUTmiR,ken_app_prod,2c8bd99878ac11e079acad38a9219dc635ef1075c51a66b95ee35699d4ea2bf1
12674,2025-08-04 16:09:37.975,2025-08-04 16:16:59.862,pro_YFXXgKn8W48UC7DJnk2ooE,ken_app_prod,32e0104ef0436c229fa5c18b761085e334a40531831d8228a2d7492d7a9a3d38
12682,2025-08-05 14:46:18.001,2025-08-08 14:33:07.484,pro_MLeEbiFG2C4ASYpFRLUGfD,ken_app_prod,a37d204464828403258ba8bf49bd2cc9cb1d3b96c22a8383539719879599348f
1271,2020-07-26 03:18:52.127,2024-06-29 21:02:46.225,pro_FsdpcGM6GkArVdDLv3UAz8,ken_app_prod,131be91ce3049eac33cc814e8a05ed5f21878d8fb3b656bb36d1f62070b3eee7
1272,2020-07-26 03:18:52.735,2023-12-19 15:27:58.586,pro_UPVEEM1biWZBZk3ZowrCKF,ken_app_prod,90f765ea0087a94b0d15d3f888ed432fbc1480642c8b566e2e28aade03533810
12728,2025-08-11 15:41:23.922,2025-08-11 16:05:27.848,pro_98iaTwvJ9dPDJ2uT3mzpkz,ken_app_prod,78d519947071088e3acbdffe050b93c5e7d886691d9d6813a6261f49aef84a94
1278,2020-07-26 03:18:54.813,2024-04-29 15:52:17.644,pro_LKckLDPb76WAEQZM9DxRNn,ken_app_prod,7d6aadb4f14faa5d2c3ee7d769d97dae3a39e0da34e37cde31da52b4163ba434
1284,2020-07-26 03:18:57.142,2023-11-24 10:55:52.105,pro_EniqG6KNya49udAM2N4DMY,ken_app_prod,195f09b66ee29fbd14b3688e9b4a037ff2cfac0dd13eed34c0eadbda90b6f512
129,2020-07-26 03:11:30.357,2023-12-21 17:42:33.870,pro_SYVqeXS5z3rt34uiqBi2Q6,ken_app_prod,78ac5abc8256aeaa6f08e64aca2eca895e4407ff03eecf47f925acd1ed4799fc
1296,2020-07-26 03:19:02.178,2024-08-16 14:56:04.374,pro_A1ZAUufhxp2n3HyLmWYtJN,ken_app_prod,d1a8e1790b1a98016610b8e5b2b82698d4f0b57db84c734dbb4af8d7e047515e
1297,2020-07-26 03:19:03.635,2024-01-23 18:47:09.143,pro_Bbc7gEKPFjDgN7iGk7dmK9,ken_app_prod,13ac01d2af25702107860cbf12591b87617a351613029f0de1436bee3b93d9a6
1299,2020-07-26 03:19:04.437,2023-12-01 14:49:42.592,pro_VQ3XCzYzJ8ojrV2cR3bbqp,ken_app_prod,91db26a58ca5cf6fda82fa19e5f9aff9b610f11e6da0826211beb3e963ed6d1a
1301,2020-07-26 03:19:05.058,2024-01-08 18:58:44.079,pro_Mhf3n7K5FK1KBcB4hfUnS,ken_app_prod,04b0407174f1343fb4feb566422faaa7ad57d0e0007dc6b18c570836d9380658
1304,2020-07-26 03:19:05.831,2023-11-24 10:55:52.105,pro_CMoohi64xSBxNzETMSgzwk,ken_app_prod,e9ed2647cac9dea58c229f3c72ad3858c42e4eb7bd5357d2bdf7a91e347c41f9
1308,2020-07-26 03:19:06.768,2025-07-03 16:12:48.753,pro_U8EJJoixDo8QWcr4UqHLoY,ken_app_prod,bf4bbdeb1f0bb1c9f0c647af1f9708f5f086ac4a7732ecd9371e9cd94f691b3e
131,2020-07-26 03:11:31.342,2024-03-18 16:49:08.938,pro_2Lhw2Pru5LnaJZG3GYo3qQ,ken_app_prod,93ce384f349060664b687a7e03d3d56726b01cd47e003cb1c4da5053d2e6a5bc
13101,2020-07-26 03:13:42.307,2024-03-19 16:52:05.338,pro_4ziqAb8kWgr1PPc16NjzeN,ken_app_prod,e7347c46c4bb3acf5fa3ff14e5b821202110791f67fe08b45b35a91f1f45d3fc
1311,2020-07-26 03:19:07.572,2023-11-24 10:55:52.105,pro_WpCfyMArhqdA6YsiBnbszg,ken_app_prod,454deb73c8dd7608c689ea552585f52156998a9206d1a54f90cff278be097eaf
1315,2020-07-26 03:19:08.509,2024-06-29 21:02:46.225,pro_J1Y24MfRr7nH3vRJ5ugnfc,ken_app_prod,a7ca8dc5e0b07ba496942e945a9dbf93eaaaf6db53cfd55bd3c7cf462a2d0dfb
1318,2020-07-26 03:19:09.249,2023-11-24 10:55:52.105,pro_L3waiCQL8Ao1aQVTjNGaat,ken_app_prod,39d525fc23918b034c6634b130c9dc3d3c84b5d33600c7e0c94a2aa8551996ad
132,2020-07-26 03:11:32.692,2024-03-14 14:58:37.288,pro_3TBhbQoAEJpPsyNFPHbR91,ken_app_prod,b38bf09c01062f6bff1acabf4425ab653f0c7b4b35bc9bf9fc7bdd27e61de96c
1320,2020-07-26 03:19:09.813,2024-08-16 15:06:36.552,pro_7DJeB52b1oRFAF9v6kL85Q,ken_app_prod,eddda71e3af89bca6371c14ec68f599b47524af3f6be48ef256e0a00e8de511c
1323,2020-07-26 03:19:10.752,2024-06-29 21:02:46.225,pro_Q1Lm91AGCSkH1iu7U2giBx,ken_app_prod,6ab92f142168d90f51d3b36701e03db4d6e4e5c95706578f0c9a6567d354b76c
1325,2020-07-26 03:19:11.951,2024-02-12 14:48:13.909,pro_SdMvUiv1XtvPc21UWRTarL,ken_app_prod,ff2ff2506075d36f43cc68593afb606a3193931a5e00c706ab84e37af5c6e655
1326,2020-07-26 03:19:13.471,2023-11-24 10:55:52.105,pro_TVxe8kAn9v6qZFqabmj3b9,ken_app_prod,f5d12f43c6ec8bcbdc731b20eda531b30cb3139ef0e4ed2a39ec3717ae88bb7e
133,2020-07-26 03:11:33.804,2024-03-07 14:52:53.151,pro_CFTY9PZD8BMZAtwGBvRyzZ,ken_app_prod,238eb7f45c37aa22fefa436965458394e402af5bb950825fa20d1039bb863347
1332,2020-07-26 03:19:16.008,2024-04-29 15:52:17.644,pro_7FtE8osGBhYzyWvnyEQLyS,ken_app_prod,5d9d43195d54be16ab3793e1132fb5160b1485135706ccb3385daa94e9db9eb5
1338,2020-07-26 03:19:17.751,2024-01-29 21:08:15.461,pro_94mQkiG675FtHf8LTxa2tX,ken_app_prod,bb4456f99f4a037388cbf74c33370196d49df0722c0b4ed19a771053ee760ef9
1340,2020-07-26 03:19:18.266,2023-11-24 10:55:52.105,pro_6Na8ozZsw4HYtfyGLJ46K7,ken_app_prod,d4f0cc9b19c9abc66cab0706aa7d99c6b1611d614b2fd8a4891979a96e35c09d
1342,2020-07-26 03:19:18.728,2025-07-03 16:12:49.259,pro_V4u93zAgN9xrmChaceVKbD,ken_app_prod,10d85737cc26d2b8ba715d8ab0ec690f888b42ea1ac63e408f6898129b819be1
1346,2020-07-26 03:19:19.567,2024-06-29 21:02:46.225,pro_SHRYfKUu6uTg6mrg4uDGQh,ken_app_prod,9f9257637511eabf7ee5c2795de4e0b66d4833c815a918faed115872cf031092
1351,2020-07-26 03:19:20.894,2023-12-04 19:55:19.929,pro_KyTScxtMox6YSTRACG3tLD,ken_app_prod,d3a9ef5b82f678cfaa2422f8d016eb0e96caed002d652f58abef3fabfb4cbddc
1355,2020-07-26 03:19:22.003,2024-03-18 16:53:03.884,pro_KY2Rnr6LFCFfVXxP1uWsaA,ken_app_prod,2a8fb60e45faacf6b984ca868994073cb6182d3a6a05c5ee4b310d901d6849ba
1359,2020-07-26 03:19:23.124,2024-01-09 18:36:25.805,pro_4nv68HF6qrqMDdPhNJpCrG,ken_app_prod,dbc23264a821e6630925a114012ddc57ceacfe3a0c6c50e413699e084a208b6c
136,2020-07-26 03:11:34.670,2024-01-24 14:30:30.572,pro_Hpn21hYv19brZ4u7AQT39d,ken_app_prod,1fd9de22bc3f31002de54223718abc5385732cd1b67ca82706eca0fe1985643d
1367,2020-07-26 03:19:25.370,2024-02-12 13:37:41.826,pro_JCtZDBzE3A54g1qqP5wyg3,ken_app_prod,db51e230d781cc50b4d5d041432054307b7de0fea060e3e95ad9eec6813a88ea
138,2020-07-26 03:11:35.258,2023-12-06 19:14:00.210,pro_LqnRxMQGviSKhaC9EwnVqz,ken_app_prod,29d7d33092d4f0dcd910fc99830bf68fffb9a6402fc7fa636234a6a9e0cd408b
1381,2020-07-26 03:19:30.097,2023-11-24 10:55:52.105,pro_2ay2UukEFFDVxRx1s7cKfZ,ken_app_prod,f8220df6a9c2d8f4157d9fc266f7625bce5166e06093c07b08dcdaf6971b560f
1382,2020-07-26 03:19:30.511,2023-11-24 10:55:52.105,pro_KaHAD7izFpGFsWwqAqJVHm,ken_app_prod,5cadaea3691796cedaff45ff46de09ef9b3d4384789cdb66885eb077a41e6bea
1387,2020-07-26 03:19:32.226,2023-11-24 10:55:52.105,pro_u5vgFryN374PEC2ji2exB,ken_app_prod,8555a3297fb556eefd6d9bc8b07f7475176626c43f3b9ead9b75075b98435760
1389,2020-07-26 03:19:32.951,2023-10-22 15:57:28.089,pro_VCUp3q8VCTMq5t4bUCBQPq,ken_app_prod,3e6d9a1a85a355045dd4b2d748768fbbfad6f7655ed10f0fb899fb150d1483a0
139,2020-07-26 03:11:35.572,2024-01-11 16:14:26.360,pro_BUmW9D36n33i5tvo2GaBmN,ken_app_prod,060f42160ba101152a01d5881cabb1196a5182adca85d93aaa992ef3892d1b77
1390,2020-07-26 03:19:33.218,2025-07-03 16:12:50.925,pro_6a41h7wjGvdQRVAMdJo69D,ken_app_prod,72f666f07909a8391ac6eb1627af5843c62d7066f1ceb9ee4ad190fbf1e50392
1400,2020-07-26 03:19:35.630,2024-01-31 18:53:37.064,pro_2vmEX4XDtp5GYmz6RYvMic,ken_app_prod,61d2134a3675dd7bddd43dd6e1d0d2659b8139fe94796d0e84681c9c53b67342
1408,2020-07-26 03:19:37.514,2023-07-07 13:33:16.982,pro_2mHBaj8g6b2n2WMghKzQbm,ken_app_prod,6db71336b8975ac0d2e94656638f8a63a309e3fcadbacb2b20d2f3ddf7428ba5
141,2020-07-26 03:11:36.048,2024-01-19 16:27:38.844,pro_W7Y15E5gAPkVEe8HZM6gLC,ken_app_prod,47c87238399c120b8365255e25778f847ad98be5f470c0ead42dfc9291bc1a2d
1410,2020-07-26 03:19:38.583,2023-10-22 16:28:57.579,pro_FAewryWuK1gw25acAPAQ6t,ken_app_prod,561442c91ed57b4db7589205c44118604c55a5f2e5014f70edcb073f0d6adea3
1415,2020-07-26 03:19:40.607,2024-01-29 20:34:14.554,pro_VjA6idipJ3gtsu95PaJgB7,ken_app_prod,304054f570985d7c7c385eac60a77603b35cfc4cbdc28c441ff7f807d1c0b11d
1418,2020-07-26 03:19:41.335,2024-01-16 21:00:54.861,pro_5KkAAiw7CUEAgdYWY5RYp2,ken_app_prod,8b375eb8d4724982bf64e1120b073712891abda53fb3f8e7e954d2d8c77e8291
1419,2020-07-26 03:19:42.360,2023-12-04 18:59:58.903,pro_9sUaM7uVthqhgXGCBo6Pb,ken_app_prod,e448fec21ea87898fe9d821f637a194ef3df1163338a739b1e93bcca063c305b
142,2020-07-26 03:11:36.542,2023-11-30 19:59:01.998,pro_VYvQRN6SXMPS4AdkaiPE35,ken_app_prod,211663967525355685605c30bd8894ba26bb569236f3741a1f8f8c486f1703da
1424,2020-07-26 03:19:44.578,2024-03-19 16:59:21.609,pro_F7HqqpePns3qd68oMyFMZf,ken_app_prod,cbebdd78d01e58adf2b2045b04518bb143ee2446dc2413cb1269f9cf22e55b9b
1425,2020-07-26 03:19:44.912,2023-11-24 10:55:52.105,pro_4yyZWxvmeL1GS5HoZNyn71,ken_app_prod,31d6316237144342dc76c3b8428687d8e0df58c1a17c9510f175d4829d034987
1427,2020-07-26 03:19:45.607,2024-08-16 15:07:05.259,pro_2PBnBF7FsrjVtsPMZyB7L4,ken_app_prod,8c6c7794803d9eb5d9aadd2704813b96980813f84a19a94b82e0175e6d27171f
1431,2020-07-26 03:19:46.591,2024-03-18 17:56:43.341,pro_DorWR2x72p4regk4izY8L8,ken_app_prod,e2ba88189b1bee39a1a992362cfe2b9b72fe27d9e0ce098a61d3c3c707e44c6c
1437,2020-07-26 03:19:48.232,2023-11-24 10:55:52.105,pro_NtP2HbFBN2gFBjk5enbnz2,ken_app_prod,3907b3056c05bc88179fb75732609ceb4a68f3fc8a11d40250bb299a71e92f27
1438,2020-07-26 03:19:48.522,2024-03-18 18:33:19.151,pro_VA1zGRrNnpnsngytRCmivk,ken_app_prod,a777e84f54f6996cc043097be3d5daaf25772e7c27bb3892585a0c9726fe7e81
1439,2020-07-26 03:19:48.731,2025-07-25 13:31:18.044,pro_7NV2R9BohJBjgGiXBMZNNb,ken_app_prod,99f4cf8b45cc65234e8e280ac297e39c3c41e69b833049d0a96ec4db800320c8
144,2020-07-26 03:11:37.445,2023-12-29 12:29:04.713,pro_GvFAx4XNAYNEWyPDwmivCL,ken_app_prod,f381e9d7bd1986bb48a6345a9c12e02329e01404f1d652c852526f7e13bdb537
1441,2020-07-26 03:19:49.233,2023-11-24 10:55:52.105,pro_N4XMoCA8ciopXSkDRNMp8s,ken_app_prod,fc913ff2ee66e126d7130a2a7bf6a1a1635a6090b5968efd77a990ed37912fda
1444,2020-07-26 03:19:50.581,2024-06-29 21:02:46.225,pro_73wiEmk6Lo32zK87uobtC4,ken_app_prod,0e647f19cadefd25cbbb255ee2ad8500d1dd67394c0886ea4492208091930641
1446,2020-07-26 03:19:51.092,2023-11-24 10:55:52.105,pro_4mBNKfRAMtvKTJaVP17AHJ,ken_app_prod,a3112f7c17342ae65f3b2640fbed03ae46c57575ab1fa06b1a262e0d67e364e9
1448,2020-07-26 03:19:51.515,2024-03-18 18:25:29.689,pro_DASiK4uubuePkhSqnVSuKu,ken_app_prod,4de8aedfb8fcbb8714a2ac028a9603b01cd7b3a8dd9e8ae6691cdba57dbe5709
145,2020-07-26 03:11:37.855,2023-12-07 20:32:00.214,pro_LLEkN64GnfL4XSn4kPz1kw,ken_app_prod,55843ec426b5ce941a7cc469b11d6bf08ed27c4c2aa52d9d875a014f26656415
1451,2020-07-26 03:19:52.359,2024-02-05 20:27:39.571,pro_QGLq83YB91BCaTko9DJusp,ken_app_prod,7f4dd3b44d747ff54e654b41e68cea3df509693fd2052d9f4fd05de5e79fc2b2
1452,2020-07-26 03:19:52.685,2023-11-24 10:55:52.105,pro_ERh3bY4KQpXZq5JmTjZxU4,ken_app_prod,1869d520c934dda64df5c27a2a66ce0a3a020bad63c3bc8d0a81747cdc78eb21
1456,2020-07-26 03:19:53.991,2024-03-18 16:51:05.771,pro_X1WaopYwikbeg4Eq6Uie65,ken_app_prod,11c31448c6d5943bf1b2b56857ff538032fee42ba0139dc77906f7ce94ec0ea1
1459,2020-07-26 03:19:55.772,2024-02-12 15:06:27.107,pro_Pmh1vWpZaNi8hMufNw1YaE,ken_app_prod,e52b28ad50606fa4e86473c6af3167fe00fd7bd2d167a587c818b1650db54087
146,2020-07-26 03:11:38.822,2024-06-29 21:02:46.225,pro_KQ1M1V3wuyZBatUsW4AiCG,ken_app_prod,84c5a45edf47f14a467d9159930a5c26597cb6bb790b8c0fd48e599b0179b2ba
1468,2020-07-26 03:20:01.415,2023-12-04 13:41:53.492,pro_PWR86YYXSM3Sogn2zSfXSr,ken_app_prod,1b43c54ee3a7275b6313ce2766bd632d847a7600d2301023726b98c177779496
1469,2020-07-26 03:20:01.909,2024-03-18 18:05:28.070,pro_XhEjLYxstf7KooLZhuZdzK,ken_app_prod,3cca31bb1052dca77b0b90beaf79beaf686b08803e4448d0b20d1269465d5f70
147,2020-07-26 03:11:39.108,2023-12-07 20:46:48.944,pro_FGSuwonuHqFS6SaX7sduZo,ken_app_prod,4942aeab7ad42176b81218592dffb6799a8e4de6c95bbbe7fbf709d8126cbd2c
1471,2020-07-26 03:20:02.684,2023-06-07 13:20:42.345,pro_Lb8uLwY4i4riGudYpMzoQk,ken_app_prod,838c59dfadd5be016b4f8baa92a9f113d3260960c015b81df702f742f9c8bde3
1473,2020-07-26 03:20:03.564,2024-03-18 18:05:00.397,pro_R7wdzzYkGk69LfjXBj1C8P,ken_app_prod,0ab60d845b0d2488ff9bf85bc38f9b0bb0d2f3ec0c9809225242048c10ebc1d7
1477,2020-07-26 03:20:04.855,2024-03-01 15:03:55.166,pro_KtrN1MKpi9jhAvh7vp6bkV,ken_app_prod,eacb72bc8d27da8c87b2b4b7b4738c2bdb7630a4122896defba428858848c8b8
1478,2020-07-26 03:20:05.232,2023-11-24 10:55:52.105,pro_NBGg5k5VLfCjGfbeYAmd95,ken_app_prod,5f94c5123b9c977828bbac8d3936751285df0758e70d0311b2393343aa6bc961
1479,2020-07-26 03:20:05.833,2023-10-22 16:28:57.579,pro_Pt6EhPnSCAbdLjewDQmmZS,ken_app_prod,1b94f822e435c8978512b8637b8043e527aa41c01ab82f90fc815e18d61655e2
148,2020-07-26 03:11:39.453,2024-03-14 15:08:53.936,pro_8RLRskabj4yE9vwNFFdCkX,ken_app_prod,8ec23e540b9aae5b414ab7b4d666f2e5f2f2fba4f4343637cd2371d28a32791b
1483,2020-07-26 03:20:07.116,2024-03-18 13:17:58.624,pro_Poehjrbw8yYJbxgJkRF7xc,ken_app_prod,fb9db276b020d9f20f15a694be724fe736c4e3d3c618209d9213fec3506ecf37
1487,2020-07-26 03:20:09.708,2024-03-18 18:04:53.303,pro_RYXoX8peW83za7gshbwMGL,ken_app_prod,880cbfab1106cfebcff6b30d017386d2f608813e9d1469cedadfdefb8c22ab44
149,2020-07-26 03:11:39.756,2023-12-29 14:07:15.769,pro_JY1NcNvaKVoRJeUVGPMrr7,ken_app_prod,3c5a9a4f7097b19101b011ca9497ecd71a0df5a19e772a5abbac1a91b592bd1a
1493,2020-07-26 03:20:11.422,2024-03-06 16:51:05.132,pro_UMjngAiiBGv54kjf4kbnCG,ken_app_prod,b301fd4d578e03ea57491d9f03496fba2d5e901019a6eabea92b76486c6a3fd8
1496,2020-07-26 03:20:12.194,2024-08-16 14:56:41.423,pro_HRRHNJb3W1yeaRdgDaYcAq,ken_app_prod,87fa4191f7e8d512c35515c54c12077089e8c4fd051c0cd92aa99d31efc5a9e6
1498,2020-07-26 03:20:12.669,2025-07-03 16:12:54.887,pro_VvTaWpUoVuhcs3uFXK3duA,ken_app_prod,bdc4a78804e40408cfe819a5539dc683f07aea9f701cfbe6c52e9e0621aed7c4
150,2020-07-26 03:11:40.213,2024-02-12 14:22:04.007,pro_DzM7PZw8YLSTyuw6iX4cqL,ken_app_prod,908cc2930fcdf284287a0529b9a3530a65e8d6fcff54c7cb063a54e6404792b5
1500,2020-07-26 03:20:13.163,2023-11-24 10:55:52.105,pro_NndSmJzds6i7GgeJ6xH71R,ken_app_prod,7a1c9e754917bf6f47a01a481efca51f4eb482c21dac7beeba975fd953cbab66
1502,2020-07-26 03:20:13.627,2024-08-16 14:31:42.789,pro_8AJn2iZuyz1nZEf2heT3fy,ken_app_prod,29d738da7124c4041a7c7154ef17edac83c122bb0d38410de2debadec9d1dec4
1503,2020-07-26 03:20:13.862,2024-02-12 13:51:09.693,pro_7DvDG2sL9fdLdnhBrJuK74,ken_app_prod,712f2faefdb787161c0808dea1bf7d4640f45bd666e30dfb7b6d0670b2023590
1505,2020-07-26 03:20:14.420,2024-02-19 20:53:27.958,pro_DzKvXYPXE4P72dxfeCafhd,ken_app_prod,7ec378e715469787953e9e4fd2f96f594355aaf2c8a8ceb89655f8b13f12ef50
1509,2020-07-26 03:20:15.475,2024-03-11 19:56:46.964,pro_NYZ15eV6otGCHpgTZcwyxT,ken_app_prod,994f410b74c75cc7d2eeafc806439fba050b73bd77ac82707b20ce6a29b4875a
1513,2020-07-26 03:20:16.516,2024-03-11 12:34:14.579,pro_LnmCdgd4cxDEnnsYAFGVUX,ken_app_prod,6396692227ac640d2f8ee8e647e95e222266b419d42d909e639acfd16924afc7
1516,2020-07-26 03:20:17.208,2025-07-03 16:12:55.272,pro_63sqgHrKiM15EPduDV73Yh,ken_app_prod,c007a3fed506e9e26fadf9890651c674262d21c68d30c94068af927cf509bcb9
1518,2020-07-26 03:20:17.971,2024-06-29 21:02:46.225,pro_XGhkM1oLLRqx2ishPBQ3pi,ken_app_prod,30d7495794359ac6e8100397d074f846bacba5a07a25d8b03c0b256beda9a859
1519,2020-07-26 03:20:18.335,2024-03-19 16:54:29.924,pro_9ei8XYG2VoZUhJStNMpv1V,ken_app_prod,80161053a0423b49b2c505ddd4b570aebe3b7cbfc5221cffb416e87905737400
152,2020-07-26 03:11:41.012,2023-12-12 19:05:58.181,pro_Y8oL8cSfU1SRYpXyjZKx7h,ken_app_prod,cb4971bf3b1a1e5c55752ea3648a1367406be5b0537b25d9505c7ec69f6b665e
1523,2020-07-26 03:20:19.261,2024-08-16 14:58:58.392,pro_2UojFP4KU5LZAGePqdPjwS,ken_app_prod,18f157029b24f447c4632d86bd32b038ee550d45fb951ada267f9b996d3e043d
1524,2020-07-26 03:20:19.728,2024-02-12 15:16:49.441,pro_6NrSNVBFKTxZqH1VD7SB1q,ken_app_prod,ae2e99829f10ff11e787c3e5b20ccb321c108c864808c8df729f7bb74e5bd84c
1525,2020-07-26 03:20:20.169,2023-12-04 17:20:01.067,pro_WQBPdu7MWbsb5aahCLgp7D,ken_app_prod,3d8c5a1756351a2a38fa94ab37baad13f386d87a3d3e21d5176bb9c6ad175865
1528,2020-07-26 03:20:21.065,2024-02-05 20:29:00.536,pro_H7BZdKQyBuJVNnncr7aB7R,ken_app_prod,9464010345f69ec3f6bde1cef6808906de1c0d31b334f784de424da7a4495536
153,2020-07-26 03:11:41.248,2024-02-26 22:01:00.930,pro_Q1kG9pksPv3qDr9nwLoKaR,ken_app_prod,09ed5c244472deb5a51997434e4f736048dfa0c60e853743002003dd85fd51fa
1534,2020-07-26 03:20:23.278,2024-03-18 16:47:22.690,pro_PdgW7vZJ4FiYPrb9ErL3hK,ken_app_prod,24bb821c1a9508007a352000e6418df8c1f9806734c69afe5ccabcb19dcdb746
154,2020-07-26 03:11:41.541,2024-03-18 16:50:28.303,pro_31QVVg54LAEvvKncX4yywH,ken_app_prod,1eaa08ae06228395b75760e9e467f48d0e69a2cb830c5ba4bc53cd950378afe4
1547,2020-07-26 03:20:27.627,2023-05-03 09:43:30.267,pro_EtdcPyoujh7SYVDKnfZBJw,ken_app_prod,db043c56b14a294b023a330a9292e246fed6b05f2f58220e316dd5118ba837f1
1550,2020-07-26 03:20:31.060,2023-05-20 16:18:18.242,pro_S2tbbag6Z1zG6JEN7madk5,ken_app_prod,a9070846efe26e00068ce9a907f13b47bc61a27529b81d11721961973e9273fe
1551,2020-07-26 03:20:31.564,2024-03-20 16:37:34.838,pro_XYCsVoDfJSibuYT9qbUGG4,ken_app_prod,6c5dba5aae3a71f9c2e29b9e12f8a03cc3a8796eeada1ac4b88b78b58ac010ab
1555,2020-07-26 03:20:33.635,2024-04-29 15:52:17.644,pro_QYhMNadTjmBajiXjkrLUbo,ken_app_prod,4b3efa759dc21870cdc17d8d8024674daebd562973215024584847c6c5df1df2
1556,2020-07-26 03:20:34.951,2023-12-04 14:47:03.224,pro_ABvTX83vA2NPrvDkx2Le6D,ken_app_prod,93acf6a16e414625805ca6091aa8a5a0ac131401e5961fc38caea691db02570c
156,2020-07-26 03:11:42.145,2023-12-15 17:04:14.665,pro_Cit8QCUyvhwXL75LBTYn4E,ken_app_prod,22f32405e4960733181c37401f226cc7a93415bd716f7509cbe9f833831a52f3
1563,2020-07-26 03:20:36.772,2024-03-18 18:42:05.442,pro_7E4NM1YTuwduK7dbPKGUBp,ken_app_prod,2f2a939e964e64feae2e7219c19162bf5234a61c3b0b3464c6e1a78bbd455866
157,2020-07-26 03:11:42.647,2023-12-18 21:42:21.069,pro_23CuMZGamU75XRswcZqMqw,ken_app_prod,b9e3f5c34a587e0d566b9f65b5f9c857d02699b14493454b1a09b831db1edb3e
1576,2020-07-26 03:20:39.954,2024-02-12 14:56:20.459,pro_PdVVxBz6XSAEpQxFfy8w8Z,ken_app_prod,be67da38d3612d13d0508af4b3c1747be89c4947d5494dc5c8a81b2f07c42b5c
158,2020-07-26 03:11:43.131,2024-01-04 18:54:09.015,pro_9iKRaP8ZJK9CWwkgE6pAW,ken_app_prod,589f656418c2dc305d3f19336bd5a2462e2786064a2d476578c6b6cbdddbc6ef
1581,2020-07-26 03:20:41.500,2024-02-09 19:03:04.688,pro_HaxNgQFjWLgCY5rZ5PDixG,ken_app_prod,222837245af45d24c841e2586b7dbaf4f8a367c0834d16b4b8cef229493356ea
159,2020-07-26 03:11:43.467,2024-01-04 20:22:55.693,pro_KrZJJgkTNdKp5QMmtVwVV2,ken_app_prod,e9aefa33667b5fa8f52cc48b74d226649bd24ddfdc1610f7142378ab539b722d
1593,2020-07-26 03:20:44.946,2024-03-18 18:02:45.402,pro_6MwAgEUooeqVdFCqcEbbTz,ken_app_prod,db771a781e00311da62cb626ad1a59008d4ccd887b335e348408f95c82767758
1594,2020-07-26 03:20:45.549,2023-12-01 20:49:15.247,pro_4dHfNpMQJNECKNMUxVoWPj,ken_app_prod,43cdba0a2bc55699978fe6850ae08df6d0ed5b938056ce03b734a80d8e87e4e9
160,2020-07-26 03:11:43.810,2024-02-27 14:54:31.388,pro_UrJqN6nrXsSz77Pu28Wy2L,ken_app_prod,562c004256f3ebb98c9374c422bb6fc7c1861955c0657e8c49257fbe57375549
1605,2020-07-26 03:20:48.184,2024-03-18 17:58:17.754,pro_3VUbwCo3pVNGz8WSS4iw1J,ken_app_prod,edf02bd4fa3368898a299ed1b8b01c9ac54f80bb933426f4ca64d43cfe101c2a
1609,2020-07-26 03:20:49.126,2024-03-18 18:00:53.763,pro_PauEogx47dzWoretpon4KY,ken_app_prod,b4595bbfdd7dfd70d135d3245661c7302af7d62457cc0e285a0f1ca56002003c
161,2020-07-26 03:11:44.147,2024-02-22 19:55:52.434,pro_SzzQhqXcPnpnyMTvAwXCCo,ken_app_prod,259cc46c9c1ccaaac11345fdbbbc610a93db15e177e607ddd35ae9d9c1659b8a
1611,2020-07-26 03:20:49.571,2024-02-09 19:02:00.333,pro_HA4FC2FCShMMf1dWrRNp6T,ken_app_prod,6f5babdb5d448e0a4c00b58713fec1a977eea2f93ddce187fa63fe9d31381f02
1614,2020-07-26 03:20:50.232,2025-07-03 16:12:52.120,pro_UfC47V1vG7JG9SNvmdbw9L,ken_app_prod,bf2d00598048c68437ccef855d01089f7e1d6224ccb995e18cd55e3a75dad566
162,2020-07-26 03:11:44.744,2023-11-29 15:02:01.711,pro_76Pq7bRcEZYFzx95XKVLrP,ken_app_prod,12b8dcdc4fe27a77d2ea3498592f89f99834ead4c95e390c26cf4daa4451d80a
1624,2020-07-26 03:20:53.659,2024-04-29 15:52:17.644,pro_WZ5Min27D8X2BK7sAuySbQ,ken_app_prod,6ee17c1eefe59a0d89734c1262652714f9db5c2d50aba4c106d6fba5fe90fb7a
1626,2020-07-26 03:20:54.839,2024-03-18 18:03:28.042,pro_KYtmJtY42mSpTcqnYuK9PF,ken_app_prod,a9d45b703375cb14d47040d9ad26f05084b20d6a86f3df6ed5616486be496110
1627,2020-07-26 03:20:55.052,2024-03-18 18:32:00.255,pro_H2gdFtvxvaaB5xdxGNtKsq,ken_app_prod,5499f3d23307d3d1e6ad90a4593cd43f26bf3b8fda1cdf2aa6776b0a9ceef53d
1634,2020-07-26 03:20:56.876,2023-09-08 13:49:16.307,pro_x2w2xVCb9DW174G3gXCxs,ken_app_prod,0cec4fdc26112ae92fbd91d8bdd07ac9f716341eb17360be1382590f0437ab5e
164,2020-07-26 03:11:45.309,2023-12-27 19:48:17.681,pro_YSSKoeboy9WUXbvbub7duP,ken_app_prod,60f7c0620b5a775df890565376539551500b72e0e13711b57ea3d287402a9269
165,2020-07-26 03:11:45.623,2024-01-16 18:18:40.829,pro_4J7ZA78Wk588EaDkZbe19d,ken_app_prod,cf9a2e87da8d65f0a07e8b9f7196da131d07c456b5840744b03581cc97581063
1650,2020-07-26 03:21:01.393,2024-04-29 15:52:17.644,pro_PoDvMFyBxYr9StCNFp7dau,ken_app_prod,301bc0b2ebe046bb72d14a714a4c74e27429cc132b14342a64e7229b1229b11f
1651,2020-07-26 03:21:01.716,2024-01-09 19:10:02.965,pro_WbnUWvaftgCA5ApBB3JUhp,ken_app_prod,3cf7cac730c0f0b12bad8847b23994a37975546996103776db786becdea8a120
1652,2020-07-26 03:21:02.201,2023-11-24 10:55:52.105,pro_AXUU1rSKguiAdMkEQ6y6Q7,ken_app_prod,f259c903a182b16a70da1d14fa8862b968049433c415dd21bb7d5048e001dade
166,2020-07-26 03:11:46.272,2024-01-18 18:32:46.035,pro_Weo4bHQkXW5aGhRAN2FwZr,ken_app_prod,a7301213d70939837bbe66615e3f6c2d6b95f7a5374c54f8250965b7c1dae992
1661,2020-07-26 03:21:04.252,2024-03-18 18:25:55.556,pro_EFSwgijZrZQdKRJcHzDVWY,ken_app_prod,c9f03a62807c6f6e2566baf359e96fb88852a1e5268a56c90ba483523e57b4d6
1665,2020-07-26 03:21:05.121,2024-03-18 18:25:38.110,pro_N7f9mJZXViEd6egDieB9A9,ken_app_prod,04936164a97cb93798c10308c94656c3edb1114977071be0556ea1b480db6856
1667,2020-07-26 03:21:05.742,2024-02-27 20:00:57.911,pro_mgxAwKh6NQaufb839B6ix,ken_app_prod,74af0fe0311f9b2a8deeccec3ae8348e3352cb90d6933def6b55e4303f291400
168,2020-07-26 03:11:46.838,2023-11-28 18:44:37.327,pro_GvFuxUsCBYgEgn6zHJ4WjN,ken_app_prod,89ace610f460e554e2fed2e78c58578b911a07d10d49ff5a580aecb92c77f000
1682,2020-07-26 03:21:09.719,2023-11-24 10:55:52.105,pro_UTzTUvUvwFi7Qs2JzuG8ud,ken_app_prod,e6b7360a01e5a38dd0b5c40a5d551da4f87fd94f7be7044c690c51723fc9a39e
1683,2020-07-26 03:21:10.041,2024-01-25 15:06:45.617,pro_QFAHoyjeKrrudr9yiT4Row,ken_app_prod,3988aa2f0f045fb3d8d5b60d7b2949e188b5dc139132b1129d94bcb61d734e16
169,2020-07-26 03:11:47.142,2024-01-17 18:10:57.700,pro_Sc9E7DoQoMXaib2tsUVQ86,ken_app_prod,eded16e3226c7a290f4db64f409213e274309bc0f65dbfc01030bd377a19e4ae
1696,2020-07-26 03:21:13.207,2024-08-16 15:05:19.287,pro_44KgkDjwCxxaYneuuQrXkR,ken_app_prod,ad688b603b1255efcf3985630ecd1694a895de6f9cc5462d3c7deb03584d62bb
1697,2020-07-26 03:21:13.783,2024-08-16 14:59:57.754,pro_7TkAbspiZM4j3TnikfZFbW,ken_app_prod,c19398889f7941fbbede682abde0d4744b90b68c36598fc00f08badd7ddca82e
170,2020-07-26 03:11:47.568,2024-01-10 18:12:28.145,pro_NoBeYEuaa2yEW86gV2VXie,ken_app_prod,1fdc84bb0896eeaa97b65fb8c343fb3c1123cd72c070239ebf2512e1daacf4ed
1705,2020-07-26 03:21:15.877,2024-01-25 15:14:32.672,pro_4n3punkTd8AUqAGiczbGAG,ken_app_prod,b59d4ca5501ad0defea938e9bca4509451925a9df46f9b488d34cebb9d2ca926
1706,2020-07-26 03:21:16.141,2024-03-18 18:23:59.592,pro_VEGENPW2RYTbbK4WAnn33c,ken_app_prod,be17b3fcafaaa633f7f577d93db73812efbefa6c9cd35e358689a45b41c21b16
1708,2020-07-26 03:21:16.597,2024-02-08 12:50:18.230,pro_DDCgKN87E7qWHZjHdkmiMY,ken_app_prod,06ecb03b72c6f899f1d5eab6006fd27e10e5e7b11e8fd8b46b898128d8268ed2
1709,2020-07-26 03:21:17.000,2024-01-03 21:56:12.682,pro_YCFaDSC3Mi4yAM3nCBPYNR,ken_app_prod,85c67333e07213020f78e4984535e3d6fe354d79da89f56d2a532b3cdb884ece
171,2020-07-26 03:11:47.898,2024-03-14 20:23:32.836,pro_U8oBvFZEk4fjbdpCsTuhRC,ken_app_prod,4fa0088632bc238247fe5c42767bd19871933b6f7d3f399dd26e2f33e22dab3e
1710,2020-07-26 03:21:17.392,2024-03-18 18:41:56.140,pro_CMjwcGY7gwiKTvh6cjdJDR,ken_app_prod,fd9b06ec9af0e7555b3c877177afce4ac8c1b51d9865bc2c4182274aeed91676
1711,2020-07-26 03:21:17.657,2025-02-10 18:02:25.931,pro_2VvEYnT25ijVUv5ctCEg45,ken_app_prod,02006c6d2e6211a31c7e273f738ffe2a7304e84ead84a787b5278982164cdfd5
1712,2020-07-26 03:21:18.108,2023-11-24 10:55:52.105,pro_2TSAo2cY52MJssi6nywnTK,ken_app_prod,5873ae3cd7de2efadc2a4b0ec74279392518e9215009dffef7516f647810cb4e
1713,2020-07-26 03:21:18.449,2024-03-19 16:57:50.871,pro_MV2jVQm9yzPxkH1SZfnVwJ,ken_app_prod,c3aa4818d2e1c35c37a1310aa16f508df1657bc2ff8bbad48413ad5a9684dd95
1714,2020-07-26 03:21:18.724,2025-07-03 16:12:44.386,pro_QHzf42tBtyNf8fuf1Y1LaR,ken_app_prod,22e6421e2cf0e955a2fd1a378287a2ef0bfdb284b8a0a988aa78a201818e2e27
1716,2020-07-26 03:21:19.196,2024-03-18 18:00:45.040,pro_VuBMuuFtWSmwDqSfGwkU8F,ken_app_prod,9c1df91aea02ffdb702f5a935057a99234d7ea357c9264fb8b541ddc663d07f9
1721,2020-07-26 03:21:20.295,2024-03-18 18:21:54.886,pro_E8Zswnj4vKPSqHJKSd91Bj,ken_app_prod,00d35cf0795954cd39426111e98ccaecfcd4ed0cc64885a808b3abedb17396b3
173,2020-07-26 03:11:49.184,2024-01-11 14:42:38.838,pro_RnxNLckVS9iUbeNxAtSoXc,ken_app_prod,6e7184bf29ab75d5d2bd5de69e846d9f8ad34ca24d903ba55a516479a0db7888
1736,2020-07-26 03:21:25.482,2023-11-24 10:55:52.105,pro_JCSa2x61XM4jkP4tyYHoiJ,ken_app_prod,23380b1ab11eda4e325caf0aa41257f7448b16abd16c902bd24697146bd9e9df
1737,2020-07-26 03:21:25.734,2025-07-03 16:12:52.800,pro_PQDuZyXmwqG1ELKAavPTWD,ken_app_prod,c6f9dbfacd7eca351658f8038e2ac612227de987f0679d72ee11156fd08d0778
1741,2020-07-26 03:21:26.755,2024-03-20 16:09:34.239,pro_EsH3XCJo7UPkbkVT4oAUx,ken_app_prod,7fa34b8d9dda5ab6bd517325a8a5a0acc8366df33cd75162657fe5452a049502
1750,2020-07-26 03:21:33.307,2023-10-22 16:01:26.963,pro_X3fWnRHKPvSRNoZMmdqFN4,ken_app_prod,2b55637357d559e379a148fc0d9efeab1b5cecdda224a5381d726ac4d59be584
1759,2020-07-26 03:21:36.644,2023-10-22 16:27:12.417,pro_KfQ2VUedRZhdjaZF14DzNa,ken_app_prod,6b5a8f81f2b2ac4b6a1ab37212e9586d5afa3816cf1d3236c1a1350abedf2442
176,2020-07-26 03:11:49.938,2023-11-24 10:55:52.105,pro_LoabBDCX1VsSjdiW7xy9qx,ken_app_prod,6c9c47ca169c79eebfe0f0a4c8a86488c4e0db3fee536ddd995bcf526f554f0e
1761,2020-07-26 03:21:37.181,2023-05-20 14:01:02.093,pro_7qgqkSHA3dL5Vy3FgBpKsZ,ken_app_prod,98695ee5c3499f6b24a17131b3f1f3b5e45ad6dfc41327b7b4c04c4cf59f8b46
1762,2020-07-26 03:21:37.425,2025-07-25 13:31:14.686,pro_VBpzha2SJj7D1FGZDayhYR,ken_app_prod,070197f70573086c2c17ddb46822076f98854747ce11f080fb626355f6abfd11
177,2020-07-26 03:11:50.243,2024-01-31 20:55:22.505,pro_HKLw9Khd2iCpFindfapBS3,ken_app_prod,b5811e918bf747b3c522e3d6b1d0500ed2e6dc4d6f192871a8fb2f1b80749489
1770,2020-07-26 03:21:39.243,2024-04-29 15:52:17.644,pro_8jZETQTn7YoUimTTTVanML,ken_app_prod,f2a66b7d1c785779b17154161c5e17b2a0e5bb5bbd3ced1b87f14f9fa7740113
1773,2020-07-26 03:21:39.995,2024-01-25 17:59:47.609,pro_6KLL1sXmZ8DU8Jjfphne2u,ken_app_prod,d3dfd2bf700b0b4958fdcbd218c73f2b72d300e40baa168be84d2238d5ed66d4
1778,2020-07-26 03:21:41.342,2024-03-20 16:08:25.301,pro_PCpj6FaAZ8sCZ8SGivETEf,ken_app_prod,d4317477493c7e2702e940a774accb8ae458bf31db60cb05c2b91f957616ab0f
178,2020-07-26 03:11:50.537,2024-02-29 14:09:06.442,pro_RSrkv4wsoocHQpaMS5iwHW,ken_app_prod,fcbeaef0281d08e5ab183c3355538a739ec4cf0927229f4d3c9eaba705097acf
1784,2020-07-26 03:21:42.719,2025-07-03 16:12:54.195,pro_CHQfhHfEt645S2W7AjoUtX,ken_app_prod,b074bee96048abe3142238c732750d78aa68e2d33924ff8da707ea8f8770834d
1787,2020-07-26 03:21:43.539,2023-11-24 10:55:52.105,pro_GPXpohAnesftq5urWijxRp,ken_app_prod,ef2632e7dcc01f0852991ee45f9dab3d4d38cfa955c2a0fe9544824355307016
1788,2020-07-26 03:21:43.902,2023-11-24 10:55:52.105,pro_RRha7czRLopyDUsjVHP9ab,ken_app_prod,d677d807eb6470bb9f9a01d3c6b5b4cfde4f8f6ba1ed98646281473c231c3260
179,2020-07-26 03:11:50.985,2024-01-12 14:49:13.843,pro_DNZFmhtsQpsficYYicCPb8,ken_app_prod,5b7b685da7c5d28b3ff48518443394052f8a3f8fbcffc1d6877815433eb9eb3d
1797,2020-07-26 03:21:46.603,2023-11-24 10:55:52.105,pro_RDnbq94LPNABiaz4Mcgtux,ken_app_prod,9880d1899bf63f7f4dd66b8a7d3e48c44fa5965521fa3b39ad94b2b3c61fc9ab
1798,2020-07-26 03:21:46.877,2025-07-03 16:12:47.584,pro_LNg91JjR8i9GEx9XWxXkCR,ken_app_prod,8d246d8fc8a376478bd5a151104dc7a7aa4d05e0fc80ba3c1dc3ae931f6f4baa
1800,2020-07-26 03:21:47.832,2024-02-12 15:16:39.072,pro_KimtZ6pXKJ7YJZoYMG6m9E,ken_app_prod,279f484ceefd9a7d9be0ed24599c0339f858ba65f46858fb22bbb662145b72a4
1807,2020-07-26 03:21:49.522,2024-08-16 14:32:01.734,pro_FLaUX4cRvSs3Ao3yCFUvfA,ken_app_prod,d6bf815520924a01e389ac1989b8cd9facfec6758e53f3a5b7072c4dc508e67f
1808,2020-07-26 03:21:49.895,2023-05-19 13:24:35.833,pro_LKwmmSXjRLpr4R3Cn8vwgW,ken_app_prod,6411e80602c24ed7eedbbd1f38e8d1f5004c37b8d4f3f542f1bce0247a73d039
181,2020-07-26 03:11:51.795,2024-03-14 15:24:15.410,pro_QgzRvvnP3vmAfdMuR8RSVE,ken_app_prod,795be8da810b1c5ef6a4bfac9f493eae17b86fc596cc57b25927100bbf22af26
1821,2020-07-26 03:21:53.004,2024-07-01 14:44:05.672,pro_AefRLAr3b1HBFYJ5ssj5Nj,ken_app_prod,f8a4a08b0ee8fb7ecac07a01833c1b8dc2ba9291443b7b23ea92656d3b9ddeaf
1824,2020-07-26 03:21:53.826,2024-08-16 14:57:17.175,pro_BzUjH3YFzZ79XiuWjsR1FM,ken_app_prod,dc7a7771b8eda4dfb6f36f4f7aedd3ce5b934565c00f588d16474efac3324a2c
1828,2020-07-26 03:21:54.797,2025-07-03 16:12:51.771,pro_PkHg2xLKeTHRypFvhNokoq,ken_app_prod,032c7352591f29677bfc8aed664f1516282e9fb2f612e6fc55687ef35ca4ca61
183,2020-07-26 03:11:52.511,2024-01-11 17:06:55.222,pro_CKH3Z7vKfgnnJE67N4eb9T,ken_app_prod,3fcd9fe2f1a6af8cac233ac4f77c45b3657ec93e19519e884c5f8b716d30dbdd
1836,2020-07-26 03:21:56.606,2024-06-29 21:02:46.225,pro_SaEp68sk6nSBigFE3Qi1L5,ken_app_prod,4be8fe5118eaf28e30c65b2e1dfc461ed97eae4e2da038a54b5414d6700eb6ed
1838,2020-07-26 03:21:57.676,2024-02-12 15:19:14.078,pro_TZAsVxvq2hVanXJxq1wpLK,ken_app_prod,822f9689264f034fa2c941968a8a360de989380966c6b07e3d3b8dd757704064
184,2020-07-26 03:11:52.871,2023-11-28 18:52:50.340,pro_DNt3aaLjBed8PCDNzC8wj5,ken_app_prod,879f341ae6aa0f5da03eef1440d9c343e0ca9aae1189393ec905baae54f3af21
1846,2020-07-26 03:22:01.141,2024-03-11 20:04:08.809,pro_DdQA5Sdg1Ae8G4qWKMsU41,ken_app_prod,2a610ee96a12ce8dab62ce43b463d1c89f2d2dd4e55f2db0cc3aa3a4cedf25c6
1849,2020-07-26 03:22:02.737,2023-10-22 16:27:12.417,pro_XZjz51L8bE5iCfhLoe45bz,ken_app_prod,7da7925e023caefa40c7fbb077fa1202de1c817ea2801cbfbd94fd34c687cbed
185,2020-07-26 03:11:53.168,2024-03-14 14:27:24.145,pro_AkG7Z1CwAoPBTBBNLFQWjL,ken_app_prod,980e1574f89e953df4dba6394402423da766ab4ed971471b34acbcbcc7004278
1852,2020-07-26 03:22:03.654,2024-03-18 18:33:39.679,pro_KQ36W4sGrNb4wdc3oj7zy4,ken_app_prod,bb05c30bc23234d6b9d1b1f71d47322876b5001644266edcd88593f115ee394e
1853,2020-07-26 03:22:03.941,2024-02-12 14:47:08.929,pro_NvB663yLWgpBquSmAnKgqi,ken_app_prod,73cbb9487242bef93735af0dad0e3d676e952b21ebc8fb1f95d44b5ea986c9b8
1854,2020-07-26 03:22:04.626,2024-06-29 21:02:46.225,pro_A2xMHJF5xb1MQfY8DpgJze,ken_app_prod,4a251df2b4e5f2b3073ee03a6f662b596f854d485fc7237c04c5ced9abe51f97
1855,2020-07-26 03:22:05.859,2024-06-29 21:02:46.225,pro_MzTyX3X4c4qAmjvW418waB,ken_app_prod,482311636403992c633ca664f02fef65ac344291ce2a5ff0959ae899a7644bbc
1858,2020-07-26 03:22:07.533,2024-02-09 18:28:01.582,pro_VQbENyeBqtz8dgQqwREEdV,ken_app_prod,31c06e45a0d02c7aa46d07b0607736282efd541a463ebb29b40f6549cb95340e
186,2020-07-26 03:11:53.479,2024-03-13 13:06:42.880,pro_WNhzrtKqsMwfzF6M4HnBaN,ken_app_prod,46e09980a83b367e44f8af6fb1bc35b376fbbde17416c776f62d8b5e4af7c17b
1862,2020-07-26 03:22:08.456,2024-03-18 18:06:06.266,pro_T3coxQgW5nJgwX2EUjbTX,ken_app_prod,6b124b3d7cff75ed068ec62a9f8cd1966a0519190d74adb61e36a7e960d79cb1
1865,2020-07-26 03:22:09.202,2023-11-24 10:55:52.105,pro_E6jAE5Do2mBcyZCYWbNY4Q,ken_app_prod,50f065889987da4a2f521c6dc3f3cd9838d0ab405c0bf7e9ea86b2dbb4f4677c
1866,2020-07-26 03:22:09.550,2024-02-12 15:15:45.285,pro_MgF5qDrNpyjpZyAbKECDNz,ken_app_prod,d3d4e71cf814fdd7ffd1060ba1d7ed9a13782fd79bb7ca8403ded92393745700
1876,2020-07-26 03:22:12.145,2024-01-24 13:37:13.659,pro_EYG4HarUWgyZKREmPKav7F,ken_app_prod,f6e313f29324286f63f1cd7ed0b56378d25f877debe0c1a7c2a2cbe09f8357f3
1879,2020-07-26 03:22:13.000,2024-02-05 20:27:17.722,pro_N3rhp7jfeN7kB9SLKLbTni,ken_app_prod,839cde52b4e77b96bc82970860c35cde52b7d2eb06f889e0226a2899fe34c384
188,2020-07-26 03:11:54.105,2024-01-10 21:25:22.732,pro_V39pkWCxSqR5rL1mjN9zWe,ken_app_prod,335bcc42226ccfb3a306b930bc08498d8afebdc26bd0875bfccfe04d93449802
1880,2020-07-26 03:22:13.248,2025-07-15 14:34:52.066,pro_BX5Tz7ZhMr8TYrHoPDvyd8,ken_app_prod,a9aec98f92ca25afe11b4d79cc4550a510c7bedaaf5073b11cee7fdec98f6cbb
1881,2020-07-26 03:22:13.619,2024-02-12 15:04:31.275,pro_JJwuoQtsiyySwW6sb2grAb,ken_app_prod,4d08f70967ba7841f40a8792d325633092fe31e3b91166f6ae8bba91b223f49d
1882,2020-07-26 03:22:13.940,2024-06-29 21:02:46.225,pro_Q6MhJ9PUwKbTFABKi1WN2V,ken_app_prod,35ed6c45527be79d72fcf85b69844a46ea9246333b28110234c5824afe184c8b
1887,2020-07-26 03:22:15.200,2025-07-03 16:12:49.612,pro_GXBxNCVuSaK47hq2r9PF3U,ken_app_prod,3ee7af9df3ae2170fd0be2007260e3e8632d2d46b42369982cb79928e29929d9
189,2020-07-26 03:11:54.584,2024-01-17 14:36:44.890,pro_97JPFZbuMrtgxvHVKwP61T,ken_app_prod,0218daa07e03f61050ff967ae8ad33da7cec48110056d640c5c56773f79c3ae0
1893,2020-07-26 03:22:16.564,2025-07-25 13:31:12.142,pro_Dv7vYThYWaR6GNLadwhVN,ken_app_prod,a4b490917749e82fb2467478c81bdc795e4d5805040202ac2ddf3e054de023d6
1895,2020-07-26 03:22:17.116,2024-02-12 15:17:02.452,pro_CtbhWR3dKBbBF8eLcaqwVQ,ken_app_prod,affa30bbedd5cfe81c40c1c6a8c72b46fea8de006c1faa23eb6f1b8868d86438
190,2020-07-26 03:11:56.620,2023-12-27 13:48:39.054,pro_ABMyra2yCFTRa58sAdcSvr,ken_app_prod,0ca9b5640342db662319ae757f8eb6ece4171befbe0688c2eb94fd3b42cd5101
1902,2020-07-26 03:22:18.770,2025-07-03 16:12:53.481,pro_6vwSLohQMwrpy8Yhvb2qzD,ken_app_prod,dc26a282f34f5c35c10e7787632f20d8b904d6d68d7d9e3d2e2f70958ce20561
1903,2020-07-26 03:22:19.101,2023-12-04 14:26:38.638,pro_8kCpwbRMvkYCRjUEyaKJFi,ken_app_prod,d336bc0485498de6eefcb235fcd34c219d740a01bc51e852a999f87fc8aed5cd
191,2020-07-26 03:11:59.343,2024-01-16 19:11:44.221,pro_RV9umXvkXHD5WEUuis2T8,ken_app_prod,03a99b422d9849c82bfaad8a8f59f24788a4f63f6e9b5bc3278b59a4b34a17af
1910,2020-07-26 03:22:20.906,2024-02-28 15:17:38.197,pro_JnYLXUKsSQnbUiN6dTWmqJ,ken_app_prod,8dd1356c4c7d51703557486f0feb1a87e4b22b6e72eb8f7c76130a27cbd6517d
1913,2020-07-26 03:22:21.691,2023-11-24 10:55:52.105,pro_3WcPuon1DHqbshyZQ91hxJ,ken_app_prod,46bff5c21b186e5b01ba4f724b055a1683a26d4bc6fc58eff513fe0b906b73fb
1914,2020-07-26 03:22:22.045,2024-01-23 17:49:13.549,pro_HqpJCwT3xK7WkPgQBcWhDg,ken_app_prod,cae650387d7c3e3ec0d171b4e711cc7f2a97d913f079153d9f14f904e9b8c65b
1916,2020-07-26 03:22:22.498,2024-02-12 13:35:38.990,pro_JsYWaqCuyJ7Ssaf2BKmTUi,ken_app_prod,e5ad79f8f7f21b1603891d06e40ee16969e111df9bede41d5243d56a41f0fc3f
1917,2020-07-26 03:22:23.444,2024-02-12 13:40:05.974,pro_XdJoVpSNHXBhdwS4v5TRXF,ken_app_prod,6fee4832ecb1a7f2de605434c7636fdc461a089784d66752c7ace1361f9669f4
1918,2020-07-26 03:22:24.876,2024-02-12 14:24:49.393,pro_K5RkdJaYCMwLbWG1gkR2Uw,ken_app_prod,59bde23c5b0b09c9c3203320932eaf8b73fae8650dec2f727a11200296947909
1929,2020-07-26 03:22:27.615,2023-12-04 13:28:25.923,pro_onjAAPfGov2YWtzUpZX9K,ken_app_prod,f7dee2dc69e36e198d67b61327d6b4d079c40dbcf4b7ce4a2b45fd37104b96bc
193,2020-07-26 03:11:59.878,2023-12-18 17:36:25.119,pro_Xyw2Zzpxs4iccPetDMDcBD,ken_app_prod,28a8d30ec4210ab4fd187ae5176f2c8e7f0914dd6fe8a55cf835db9a81de372b
194,2020-07-26 03:12:00.197,2024-01-12 15:50:11.274,pro_SpsbzpDUCXvBGvZV8qfCEg,ken_app_prod,e75d77760344d1b74c394daf8b59adc4414feac9e6e08376e7320c60fb3f4008
1947,2020-07-26 03:22:32.141,2023-04-22 14:29:14.333,pro_38M5uUQp7ThqcZz3aUnUeh,ken_app_prod,541ba65944aede7b11f0561b52015f5d4e7d0f498cdf002d17d91febf16916be
195,2020-07-26 03:12:00.673,2023-12-28 14:44:42.762,pro_U8rgeLKy3xXLZcSKoR34iU,ken_app_prod,18456610269437f4e8eb00979ba12c2b3773ef67d62f540f4d9e3d18779020d1
1957,2020-07-26 03:22:34.469,2022-12-22 22:45:35.236,pro_4ZDzLeNxfN9h3CKg6cUUN1,ken_app_prod,fbff29662bb170a7577b418ca34ae8d02bd85767ab632f244e99a08f995ed8b9
1958,2020-07-26 03:22:34.692,2025-07-25 13:31:10.964,pro_X4C129nJLYG59SLjZrHhsm,ken_app_prod,8ec7f88ebb8231f489185afec505a46f5eeb634ddaa76ad373e1e7ffef839d53
1959,2020-07-26 03:22:34.893,2024-01-29 20:41:01.147,pro_PVZyfXsRY5HeCNJnpuhSG9,ken_app_prod,bad0dcd53ca9b051a3d3f7c5a3c429f70f573eeb4a2e926fd9c5296e53f42360
1960,2020-07-26 03:22:35.456,2024-03-18 19:04:01.411,pro_FFJ78KWCWNdHHTbQ6TTYAs,ken_app_prod,0d3a1fa4eaafc4362aa1c652599d99a87a7f95d0b1f512037551600ae2fd2b13
1961,2020-07-26 03:22:36.554,2024-03-18 18:46:41.453,pro_VFFUeAA492Av9EZAoWFihv,ken_app_prod,afc71ddab8925ecd99d5ccd9e8aae3c9161ee27f38ad54bd4c089b8672995c15
1962,2020-07-26 03:22:36.869,2024-02-12 14:46:05.544,pro_SKzwYGJKbPk6wKG3VnUL1g,ken_app_prod,9e679c192696020c84f9aa4d1805eca1bd871fd969f184f83c84fff0e35490af
197,2020-07-26 03:12:01.376,2024-03-19 17:14:52.612,pro_DEcBstHkutQ1VNVVpvv7Mb,ken_app_prod,215d90ef195be189dbd8d3efda221c55d5fffe96a04fe8da2d49741e3f5ca086
198,2020-07-26 03:12:01.752,2023-12-15 15:03:29.637,pro_QdKB9y5agpoQzsLjYxtLE3,ken_app_prod,d99b96d34cdefc0734eb78d2a0aa2f03ad93b09c6cf35e51928f927f95c799fb
199,2020-07-26 03:12:02.326,2024-03-11 16:39:20.637,pro_LdNFNK1YYUkqV317CGCdhA,ken_app_prod,428b458ae6d0e170cee011ecc012ab14ac0cdce3f3ed234e8fa1fb7d5874fc4a
1991,2020-07-26 03:22:46.436,2023-11-24 10:55:52.105,pro_CrHTNMRr3NMjwdzXhdco5K,ken_app_prod,892bd17be9bac3f8bf3bee648988dd42a8e326a6d328492d9e8a4a53f5b16702
1992,2020-07-26 03:22:46.853,2024-08-16 14:58:14.557,pro_TakBFZWZoFyMPBiUoLNpeW,ken_app_prod,5a8666a72167123832fc2e5f409215667d0bef692c722b96a6ab0d38b6df0bdc
2006,2020-07-26 03:22:50.958,2024-02-07 20:28:12.993,pro_G8J4oiZ5DNKagdt2aFkg1s,ken_app_prod,ad20e17d7f6ba8fca65991cbb306c12827d93295b6de0028994dfb1d293e7d02
2013,2020-07-26 03:22:52.827,2024-03-12 15:27:36.110,pro_YNjpT1WR7oYQjSAhd1CYUp,ken_app_prod,57026c4d59fac7ec70ccb9ec1045aa632c61d655e1665cbf728d4945818bee58
2019,2020-07-26 03:22:54.630,2025-07-03 16:12:54.527,pro_TH4HjzR2dN8aToVdPGTs9T,ken_app_prod,2165f0319f97704d3917d1de721d45edc7c34eda7b40f5f5643be461d5ecfd0f
2027,2020-07-26 03:22:56.607,2024-02-12 13:11:55.945,pro_2D4rpJY24KEqVYaXwmMwgC,ken_app_prod,1a14fec6271a0a121c7adf863d4052525151bc30aa5fa8edd29d36dc0908bba2
2028,2020-07-26 03:22:56.812,2024-03-18 18:34:36.507,pro_StyCWP5a7hMVQxrtR4yMXS,ken_app_prod,d7705d8ce824139c5c582732bdb377fb1e80e0db74e35f3b9e7e4da107ff6524
203,2020-07-26 03:12:04.760,2024-01-17 15:22:22.677,pro_V171oaoJh9bDHti8Bia5wQ,ken_app_prod,818eba7a714632d93ab1ec3602eed36886b38aa362c210122ecaf6c9e4138728
204,2020-07-26 03:12:05.792,2024-01-12 19:00:56.478,pro_KH3mBtQVjPV577GN6bAywp,ken_app_prod,33e3f9f07bef35fbb65a17d1c5dabfbc05c71acde4e4bd531f9ed963f75b68cd
2043,2020-07-26 03:23:00.612,2023-09-20 17:01:24.498,pro_7SH1d73dVeLt8iGFAfHWnm,ken_app_prod,cfc1bfff36fca215a5566c911b3712141168ebc95ceda4e611ecbc38b968d420
2044,2020-07-26 03:23:00.952,2023-11-24 10:55:52.105,pro_E9iQm4V3GkQtNtmZ8y1ft,ken_app_prod,272b980966f7db1f24fc11c279b7fa81459306ad9e84ab8c84d5c2fb07e02c89
205,2020-07-26 03:12:06.040,2024-03-20 16:59:56.689,pro_WqKbypNGMiS3fn1k3jv7mU,ken_app_prod,82354478bc82963f424d3f5250fd66a7d086d943c8af0c73522137dbb98fe7db
206,2020-07-26 03:12:06.370,2023-12-11 20:50:32.751,pro_XS2RbjdqJUmXF16112FLTX,ken_app_prod,9d9334432ad53041a8709a93ae2b22333a1a4dfadf341359d783b47fa8ae5ffb
2063,2020-07-26 03:23:06.130,2024-04-29 15:52:17.644,pro_6gHP5JnPph4Jg3NKrTLcFN,ken_app_prod,488f6f856f722d6c8e78f5c08cf882c5e7a82b9979bd665ce3c326b4caed7332
207,2020-07-26 03:12:06.751,2024-02-13 14:26:43.400,pro_Ns9HrG6nXxAa84DaPVWM6i,ken_app_prod,b88fe660aef506c17666075a2e13ae9ea272bce4b07d62e590de835faab5409b
208,2020-07-26 03:12:07.021,2024-01-19 15:19:38.281,pro_VbXuq7H8tPQBwqB2nHYmRS,ken_app_prod,ba96aa7c4aadb0dd680f85ae865ed2e7c79b3b4863da30370fb0ca11dd1d59b7
2081,2020-07-26 03:23:10.503,2024-04-29 15:52:17.644,pro_L7pLgWFqNBV2KoHeS3w7n4,ken_app_prod,daed22da9fbe50bd88c17bae4bca04cacad361140fcf555b913c4a528f60b81f
2087,2020-07-26 03:23:12.212,2024-06-29 21:02:46.225,pro_QYMWCPVxk9ueJ7CbWQJV1G,ken_app_prod,fb817fe524e64615e861408c596b543b34c755f2ff14f4c59a8b16ac7ea43eff
209,2020-07-26 03:12:07.415,2024-01-10 15:57:47.725,pro_MYgTeVEQPaACiT4B5BbEM6,ken_app_prod,1e7ccb0f5c43d77ddf6f3233621866126a6e9adb3efc69699fb9f970c5a36de3
2102,2020-07-26 03:23:15.673,2023-06-07 13:12:26.234,pro_9yrE2HzKqmYbLp2x9GkdHN,ken_app_prod,0c4c85ce36d93899690280760604b1b1ad59c37924a5b84f7db4241bea08cfc1
2103,2020-07-26 03:23:15.969,2024-08-16 14:57:00.142,pro_9Mt1H6Dj7xSYvpkvBfMSvU,ken_app_prod,ba216cfff10f48b8ebdfbc024e3e305c601daa57df28faddb7941cd1d16c333c
211,2020-07-26 03:12:07.941,2024-03-14 15:06:43.817,pro_WEfr1YNAmfBtDzNDey3mC3,ken_app_prod,38a4edbec713b223b400c6e8656a532221f265990d2dcdae7afa57c575e88950
2115,2020-07-26 03:23:19.008,2024-02-12 18:28:15.938,pro_MsLHgPCYuLoDD9oeF5rt3b,ken_app_prod,acf957140c88a70dd866917641d9bdd8b5c13a1e6bc49e2f42914f3936438b6f
2118,2020-07-26 03:23:20.907,2024-08-16 14:57:37.372,pro_Xyqkm5oRB2BvaAz13T68G6,ken_app_prod,ee5390e281c31d59e965f087e7e22cfc16ed5869d151a01b2bf350d87b159531
2120,2020-07-26 03:23:21.555,2024-06-29 21:02:46.225,pro_fn38vEgkp8WWNSw25x9EE,ken_app_prod,c108efbaada00772f289bd008e7f04ebf80cd9048d83a9b1da599409f04d5f2e
2122,2020-07-26 03:23:22.590,2024-03-18 17:56:52.381,pro_QXuW3KPqHibf7Yk1As1x4V,ken_app_prod,421bfe3913b8d3c3a7b55aa5786731f2e7e14581fbb273fef13f49c449fd5b6f
2123,2020-07-26 03:23:22.790,2024-02-22 14:10:36.226,pro_VXKd2sXppraVbWqsKBYhgL,ken_app_prod,5c0ec52e64529ddd84d8d3c7b44b3d4bcfe651fdefe81ff8e59fafa694f3dfe4
2124,2020-07-26 03:23:23.201,2024-02-12 15:21:06.363,pro_TxTsmXtXCpjgembfm3WMJ5,ken_app_prod,5e8bc084e9fef4cd6555dcf164da1e4ac2c5a04b33db852d30facca39644256a
2125,2020-07-26 03:23:23.601,2024-01-09 19:55:03.177,pro_AAC1zEXMhc5ds7V4td32UX,ken_app_prod,dfd2697b1b1f8d5323aca4a9b86d7de4b97809b46f96d82ddd22d133feab0773
213,2020-07-26 03:12:08.720,2024-01-11 21:05:35.800,pro_G3qrvGkUQr2T38MTqxnGg9,ken_app_prod,2cc6eda9d46a7cfb21570772c55cf0e4781a6e56efaa05b3bf18cbfc7f500ff3
2137,2020-07-26 03:23:26.383,2025-07-03 16:12:53.858,pro_UvRpQbXcW778GvXVttiKt8,ken_app_prod,18b88d0018033c7773f5bab65852df431b2c5edc7085a02e756e0d9a47b7943e
2138,2020-07-26 03:23:26.596,2023-11-24 10:55:52.105,pro_G9qgYWKvTbY96fdBGyH2RV,ken_app_prod,11b848b7c63872bbcbfa4e1f3a8f970e2b4420450202a5f3318e287355fd9837
2139,2020-07-26 03:23:26.798,2024-02-12 17:12:26.921,pro_C38sxZD58sUvTYnsNXLrdz,ken_app_prod,e69798e9e7b8d1cc427f91a3ab286b13a29515ff130169da6018e2ec5dc33699
2141,2020-07-26 03:23:27.399,2024-03-18 18:00:32.084,pro_DjNAfPF8uYwdxqKPf6CQNH,ken_app_prod,0eadaac2f62020600ec2e6d2b58a692a34e237c7a62361a9412e5824d1cead93
2143,2020-07-26 03:23:28.059,2024-02-08 18:08:03.711,pro_PWBRZTDxG3soBAaBDUTQGw,ken_app_prod,cec09b20b9f23ab0f87692557248ff27ff8abbae64254ce37fe89cadbc11472b
215,2020-07-26 03:12:09.310,2024-03-14 15:05:11.366,pro_4VPPYoD1APvcYQugGLSrk8,ken_app_prod,df080b0f442feccc4d0b3d7779e8d0b993a1551cf70c4ab1823d6bbb0496a1b8
2151,2020-07-26 03:23:30.125,2024-04-29 15:52:17.644,pro_2CLfkFh8X5sTXPppWDgo3W,ken_app_prod,f3f4b8893ee0a1f36ea1c9a072db278dd427ab0f37693a07f2ffa78cc6c84430
216,2020-07-26 03:12:09.672,2023-12-15 13:33:59.235,pro_D6K3jDEiCC2r4hZwcpQWCV,ken_app_prod,cf50b02629ceb5edee565571a3cddf470607117e550ef6bed177bc18acd7233b
2161,2020-07-26 03:23:32.843,2024-03-12 18:35:40.539,pro_LjLbR6tj7RAYx4oP3A5dMB,ken_app_prod,1021eebcbe5ae84d085a87305aa8136e5c0654f268848029622efeab94dd3971
2169,2020-07-26 03:23:35.221,2023-05-20 14:44:55.764,pro_RRQJZWmGtDL7ku23VdrbD2,ken_app_prod,dce8aaf14dc4ac4a9e9ea4833a0d72a5bcad338ae3c0dfcca7651334ca50b108
217,2020-07-26 03:12:10.034,2023-12-15 12:29:20.887,pro_F3fuuHofXraqbfp5ddG9Pe,ken_app_prod,e6d1e24faf98ac731422dc6136fa131a32f858a7351850ee292083e5ce82f2b3
2172,2020-07-26 03:23:36.020,2024-02-07 20:17:06.113,pro_7M3MskJNRKuTzqCpg1nRWx,ken_app_prod,da5216fa82408d1d159c88cad99b2881915e878ddaab2c43266a14585cbaa316
219,2020-07-26 03:12:10.564,2024-01-04 16:00:08.340,pro_FPjVYgNF8RZnDodMQQoAFJ,ken_app_prod,ef6b2773c4823187d210ffe5201f1c135fbf1a169205bd9f12d2df8509dcc0d8
2191,2020-07-26 03:23:40.852,2024-06-29 21:02:46.225,pro_QwiQg4z14xSBPuNXLY3Pyv,ken_app_prod,9e343a2ebf19fa5d50427cb9ebfc4bc994132a6c6e93cf8a6823f85d22d71a03
2192,2020-07-26 03:23:41.146,2025-07-25 13:31:19.427,pro_KX1WZ3k1TV9BRnXHaRieDc,ken_app_prod,4c93a6be766f6aa952c1fcdba702da0cef19c2f2b49b0e73ad7a4ed7c4769dc9
2193,2020-07-26 03:23:41.643,2024-02-12 14:24:51.565,pro_5jLk3oSPp2FZ5rkxhJioPs,ken_app_prod,032afcc3d248277b1f82c446d742d0ab20f4f70214964303c2d8fe4d2f2c14c1
2209,2020-07-26 03:23:46.705,2024-04-29 15:52:17.644,pro_SLzFTxZFFisgKEs9cCJmos,ken_app_prod,29d5665468af5669865a5dff0baccc50c87b014ab91cb84f6cab962374bc4ee7
221,2020-07-26 03:12:11.627,2023-12-11 20:46:25.608,pro_A4b8fNVXmmhZoXqhLyTEXV,ken_app_prod,ddcb758d7d036585f64e6bc0dffba514c56b5da14c9abb80ab4ea153bbb55815
2210,2020-07-26 03:23:47.607,2024-03-18 18:20:52.208,pro_6dyouogQqNVbFED2KK1s5Y,ken_app_prod,d7f34ae2e91a2ee665fa8741c9594999180db0b1a26e03438c79dc64e471cbcf
2211,2020-07-26 03:23:47.824,2024-03-18 18:33:59.165,pro_VvhR9kL5YsPbbg4ENTgJAu,ken_app_prod,11f110182695314d5252d88441709650617777ce60945da8ea0074a2e92917df
222,2020-07-26 03:12:11.912,2023-12-01 15:23:26.873,pro_8gtD4tVj6GwP9NLJ2CEzgL,ken_app_prod,f0b62027c6d3f32271f3407e1ba7e763ef69292fdba7c0e6febe49e172b93cce
223,2020-07-26 03:12:12.219,2024-03-07 16:08:05.600,pro_LisgKDCkP9K3TnBhQ86CD6,ken_app_prod,5875a2941b0a8bfe672029fa61e3d3c5726cbb37201fc9578c751a396bf4adb4
2230,2020-07-26 03:23:52.217,2024-06-29 21:02:46.225,pro_EJnW9Tw4HEfUvEkcoL4vhU,ken_app_prod,afcfb6a967a05a73ff7658cae65fd541f6d0295311a7128bddecfe1a9536e4d1
224,2020-07-26 03:12:13.051,2024-03-20 18:00:47.827,pro_4aK8AjuSomKTqUWiziEe1F,ken_app_prod,831624813a9daad8c61753854ca0221e8210583c347bbd42fa30cb47703295f0
2241,2020-07-26 03:23:55.889,2024-02-05 20:27:30.345,pro_FqMpL8CXQdJFBu4fGXSeb6,ken_app_prod,da30b09fd9f1ef45284263b0f9d9a2a2780e44be40dc1178a43a1b1201910892
2242,2020-07-26 03:23:57.102,2024-06-29 21:02:46.225,pro_NaAQAFM8eQ7BurjKzgE23b,ken_app_prod,e000566e9834d7d0666f5afb271fab48eeb9f1b68c6a33328b5b3691584a2a9d
2245,2020-07-26 03:23:58.021,2024-08-16 14:17:49.159,pro_WLodSAxHL6W4y8n1BCpor1,ken_app_prod,f64ce1cd9d116060b217a443a64ef98b3caa454bd27e627dd1b4df503a958882
2246,2020-07-26 03:23:58.344,2024-03-18 18:42:33.712,pro_5wneVVqHMhn6UKq8WqeDu9,ken_app_prod,df0cbf47b5af21f9d4c6f60f39e1523f2f0d671f6beb2b9e3ddb14293b61d45f
2249,2020-07-26 03:23:59.097,2024-01-05 10:23:03.124,pro_T6mRSZe5o7rsMLxwcYUmeR,ken_app_prod,1e8b4eb19794f0f4a2d6eebf6b1cb27c44643a7080d330be2f365d7a71a17e28
225,2020-07-26 03:12:14.098,2024-03-14 15:04:32.935,pro_A8aeq7VwaXRaXe19Bf4AtR,ken_app_prod,22ad3e0686e609a5df58956d9bad2b1bbf77d4f5c45f2bb30ecbe7ffd177d53d
2256,2020-07-26 03:24:01.156,2024-03-13 19:41:57.484,pro_7SckwYNycMAbaH1h5ET6p8,ken_app_prod,749c979e06981a0546594d204780150c5c34881dbefc25893bbc4f4490c37d23
2258,2020-07-26 03:24:01.789,2023-10-22 16:01:26.963,pro_Y8JAs1xW3on7zPvEyzvto8,ken_app_prod,376957346e21ff8b7316bfce74a7847c6a4bd3b16346ba88f781c276b3b5f7db
2259,2020-07-26 03:24:02.431,2024-06-29 21:02:46.225,pro_ECN8LZJHYQ1Lo5GSn1yC41,ken_app_prod,92c55eaea05841c20714a779f66a1845b040f60187cbed24abc34c2171e56f12
2277,2020-07-26 03:24:06.726,2024-03-18 18:44:27.655,pro_LdatsvmpXcHUuC7WnT2DXx,ken_app_prod,81580e013e531974a70f89759724cdd7aff9b7467382a54f4bebac23c5e7b983
228,2020-07-26 03:12:14.851,2024-03-19 15:14:37.053,pro_4sEfdwUB8ThuCbWCXW8rwd,ken_app_prod,dc56e65293afb94d4374b7d8d8c82e7a3ffcedbe7acdc918d4323443e26d4402
2285,2020-07-26 03:24:08.611,2024-03-12 13:33:38.849,pro_6Ues3x4kJUp1xf6sx6tbcc,ken_app_prod,91029f7555030584175c44f61fad780c5d8a930ab9a4c16317b46177399c9cb2
229,2020-07-26 03:12:15.229,2024-03-14 15:07:49.059,pro_Q939NxA2Kufd5ixaLJ9y1D,ken_app_prod,1c855d99eca1893ce8b0cd9bf0076a5028e317b37b0c08d6c6e3a64823477880
2293,2020-07-26 03:24:11.073,2024-04-29 15:52:17.644,pro_XFDm2Rk8sLKzcNTGT8QeP1,ken_app_prod,a6acb9b45eea56554d8749c5ae0fb4e7e34a196d421385a679ad4b5df15b2493
2294,2020-07-26 03:24:13.444,2024-04-29 15:52:17.644,pro_GnXRCysJDcM4A1GjMECdYp,ken_app_prod,9a2e9186503e1697509c3b14be3585b76c84b49107152f93e34836d478b92092
2295,2020-07-26 03:24:14.349,2024-04-29 15:52:17.644,pro_UVso6UKaa4bXqHWxHBAiaZ,ken_app_prod,1b28bd24051ead62757513a8752961ff5fcba78856076cb5ba56cfaf17b764e3
2296,2020-07-26 03:24:14.829,2024-02-12 15:14:02.681,pro_ECJaHQ1uj4t734vFGt5c77,ken_app_prod,715a3295606eeffb11a0ee8bdbc6922d10f8b519f54139b5a07f90cdb425ffab
2297,2020-07-26 03:24:15.244,2024-06-29 21:02:46.225,pro_CXCLmq55oPAxUxVznqW2my,ken_app_prod,7d0486ba0412e349d48ac433310098417e2ab0539514a57cac62dc4408e86815
2298,2020-07-26 03:24:16.585,2024-04-29 15:52:17.644,pro_F4CBwXqgjZRsx8aCdCmsfp,ken_app_prod,556f8bfa7110a35c64373865be9698f3e1b0c54303f6c79bbbba8d81a8021b2a
2312,2020-07-26 03:24:19.794,2023-11-24 10:55:52.105,pro_Gnshj55ben1MLJWUBAXDUB,ken_app_prod,48f7cead85b0bad0355d12ccd16fc273aeaf757a676442cb2c6f10dab6d3ad78
2313,2020-07-26 03:24:20.083,2024-04-29 15:52:17.644,pro_GHDa3iDKYtiuRZRpqo2sF2,ken_app_prod,4df9b2d11604259ce36d5d3a98898d217bf4ac9dd45335fe6dbdc603234386ab
2314,2020-07-26 03:24:20.357,2024-03-19 12:58:12.396,pro_N4vYinU2Ujd5t3qigXxZaa,ken_app_prod,2140515c8c143dc65f0f7dc169dd414e5bee1f26dc122b6e9f7bef0f35029426
2316,2020-07-26 03:24:20.818,2024-03-18 17:55:38.445,pro_6Ad5uLPn4yFSjp8WV5HuCD,ken_app_prod,e3e08538c00a98105a40d60466523ca9d56e11bc6698013e27b31bbfbac43adc
2317,2020-07-26 03:24:21.050,2024-03-18 18:42:25.576,pro_5c9McYd7MyzQBF9BZYYW9D,ken_app_prod,df3742074fdb1402052c727837af0414c68fbb5d302d28e1be53563dc4efe7d3
232,2020-07-26 03:12:15.932,2024-01-17 19:49:05.146,pro_Tc9DrFpotYdWyMxK4hX7F8,ken_app_prod,903895ae0759566848b8c9e6f7ad02ceadcc22823332f12373ee868f631d9775
2323,2020-07-26 03:24:22.352,2025-07-03 16:12:50.560,pro_77SpVG7TSkDRVkPV4K4P3w,ken_app_prod,5d07ab1cf22adc1a75836c0e6aca7894815619de8cb9e17f5584e7f8dcdebc96
233,2020-07-26 03:12:16.444,2024-01-08 16:48:19.791,pro_YZFPVbRUrJxZQHnpj6iyfS,ken_app_prod,f91f8dfdf4410b560e3f14e8d4eb596db74f13697230893cb6790356b3ef3ac0
2332,2020-07-26 03:24:24.345,2024-06-29 21:02:46.225,pro_3r9L2DpuRPmBCmQUNnkteq,ken_app_prod,35f64e138f7bce28046cc3a1ea644008df43ff1cbdc4bd4c55d881e066773de7
2333,2020-07-26 03:24:24.554,2023-12-27 14:54:02.006,pro_DXih7Kc7ns14bUS8DvEWsF,ken_app_prod,7f1b68948521a6345d26920056586bb343696cb63eb969c584ff87cc5e3356c0
2342,2020-07-26 03:24:26.749,2025-07-03 16:12:51.373,pro_CPCZDJh5Jo95yK5v1vtQWc,ken_app_prod,fb2d26919c7ddbdf0d660cedd643efd30a175e8b60d859ca5004a34482709410
2346,2020-07-26 03:24:27.899,2024-01-25 20:31:19.916,pro_VMXJzNRVvcSVKUWbMLZi3t,ken_app_prod,cfd27b50172c7e5ba1f8ca5af45d272bff62a4f168b579cd28d98d5b16ae0fdf
235,2020-07-26 03:12:17.372,2024-03-20 15:00:10.961,pro_3hxvFqbBLCvgzgqeusHqBx,ken_app_prod,feec3542d82c5dda51d9be33b782d25b1af29291d4ae2722f4f1ccba86b77dfd
2360,2020-07-26 03:24:31.861,2024-03-12 19:28:13.022,pro_7GxV9cMWPt3DqkwosxTEzj,ken_app_prod,36750e83666df5fe2291fd501c6ec6cc21c9fd90a563fe0f7598f32c2dedab10
2367,2020-07-26 03:24:33.564,2024-03-18 18:05:43.370,pro_XLDLutobiLLrYvhPcxJFbk,ken_app_prod,23f4afa18ca664d7ad0a3489edf77fbd43c656909121b18a142b65f66d57754d
2368,2020-07-26 03:24:33.805,2025-07-25 13:31:16.827,pro_KLETCt2348g7fqaqyMSdDX,ken_app_prod,b0d590d3add9b1be41622b46b7cbe545f112b7a03bc5f3a352b9d50a246905b5
237,2020-07-26 03:12:18.619,2024-02-07 19:03:25.829,pro_DJLs8JyUXM3HuGW9AKgPyv,ken_app_prod,3987897df7afe38fe91885294d024f2b1c450cd0c6fb5083f8802885112acee4
2380,2020-07-26 03:24:37.969,2023-11-30 16:43:58.237,pro_Ross7hVRLpHGH8mRYo16dr,ken_app_prod,81a7c3a3323a4d5f858b2274525398d6413fed4f1ad293a80b385c23bbb3eb5d
2383,2020-07-26 03:24:39.702,2024-04-29 15:52:17.644,pro_LWjPBb65kQBD9LJrpp79QY,ken_app_prod,f6a4ce098d7cabcf64a0fa5a781a32996c52a2425de3d7ab315dc708a808bcc4
2385,2020-07-26 03:24:40.908,2024-04-29 15:52:17.644,pro_7wBDUz7EHdcm8x6zs8WPXk,ken_app_prod,6e5f39b1c5365cc35207d1ce4a7be7aabbe27f7369b95c3bdf61467e6c6176d1
2386,2020-07-26 03:24:41.237,2024-01-30 17:16:24.726,pro_DRzYj9nnoPrJBQ3ErAhPoi,ken_app_prod,9f7a39857ad919b7c62246bbeea79d946bcdf496049807ff83e880b53c3e9f70
239,2020-07-26 03:12:19.635,2024-03-18 16:51:31.450,pro_2m127EVzrh4NpS4j212ThN,ken_app_prod,d414422afbe0f61694c9503976482762a5d4be350abb05ceb9b2366afbc29467
2403,2020-07-26 03:24:45.319,2024-01-05 10:23:03.124,pro_9JJ31rewtdvMqnMtw8YAZ7,ken_app_prod,51c4723dc334ccfcd83971565bdd649262f7baabaebecb16cab797319aca05d5
241,2020-07-26 03:12:20.683,2024-01-11 15:48:28.897,pro_YCkRXqGTQNWEgE9W6R9Diy,ken_app_prod,135f1a3d511fbea045853353ccdbf2f9e0cf6cb14035168a159413f756bde35e
2416,2020-07-26 03:24:48.327,2023-12-04 13:05:34.199,pro_5GFJg97ToqFDQfGfmcVubs,ken_app_prod,414fed105fa9d2e5cdcd5779cb3d4d8809d4b84a67cfa9bb5ff8b80c650fe61b
242,2020-07-26 03:12:21.001,2024-01-11 13:56:10.902,pro_TCHvpLCbKb8oVTZp3v5wp8,ken_app_prod,15bda18ba9e13780c439b9cb4f2a092af81cbd16702dabaf4c9ec5926efd2a3d
2421,2020-07-26 03:24:52.392,2024-06-29 21:02:46.225,pro_UjTQcVdmytgSUgS77QJvjn,ken_app_prod,ceb8478185de8f0c627f69c2651478d39f23ed643ce852e44ff2c8cd2a79a125
2422,2020-07-26 03:24:53.314,2024-03-19 13:40:40.810,pro_LyJpwMiRDuJ24KLY541Mnh,ken_app_prod,44c1ac7571a4d6662d18d900b2f4adecdbdfa7145d858c1bbf78e9d2ee0b8269
2423,2020-07-26 03:24:53.568,2024-03-18 18:40:30.601,pro_HhMMZjswBmLgDumwLEfHDe,ken_app_prod,7fb1d1e64b9e7b752ccb29692b39c7735c9742413c0e45c9e87bc2ae95548388
2434,2020-07-26 03:24:56.324,2023-05-20 15:27:27.309,pro_7M8QKEv7G8BTeNFHsusz6a,ken_app_prod,464c3db60e0a9d4bb371e9901732dbb0c183e385cb429a5bcb469f5ec04eaf10
244,2020-07-26 03:12:21.549,2023-12-29 13:51:49.734,pro_XBT5WGya6gcyPVsZBhLSmC,ken_app_prod,f9299f214ee76a1602b4461bc8b2f005fcc84e7928fb4a53efd74307a5db9b11
2441,2020-07-26 03:24:58.176,2025-07-25 13:31:15.678,pro_36JfMqp6ALA1JrghxKYTgk,ken_app_prod,101f0fb6ae4cbb84f01ff8aedf7072ff322214a71d440f0d700d8512db4c2307
2455,2020-07-26 03:25:04.404,2025-07-07 18:15:25.574,pro_XVcWUMiGaR9Xk1uz17HRgX,ken_app_prod,2fa59afac7b01357074388e097d2c82e29425cd0267298033b0897fafdc593e4
2456,2020-07-26 03:25:04.654,2024-03-18 16:53:37.670,pro_WZscreaehKeG3SGTrw2jqV,ken_app_prod,a70130c99cc5d80604d6f403fc80f641e7c0ff54d1816c3463fd102ecb8d3fb6
246,2020-07-26 03:12:22.057,2023-12-07 20:48:28.007,pro_FVGBhZBGaE8tc5hMbdMi7d,ken_app_prod,d6934cea65adef355e5fb1acb2da1e2777642774c0b6d9bcf6d546afcdc0f4e1
247,2020-07-26 03:12:22.427,2024-03-14 15:01:46.199,pro_XcQDeP6Vpx8jAeYx9MRoxL,ken_app_prod,e941e9a2be1f12da31294a01cfe5f81809a70739e10d30bfe79d7f2438ceafff
2478,2020-07-26 03:25:10.115,2023-06-09 20:06:42.152,pro_RRAeHjibfNXng4VArXtx5Q,ken_app_prod,cbb62578abe4da58c246c5394904cbedfd15589cabbcdda9b1ef13ca3c04ec16
248,2020-07-26 03:12:22.764,2024-01-11 14:49:42.628,pro_CqUX25qBh9G6pAkHLv7iq3,ken_app_prod,ae32124c7944ac2bec21bd27fc19f2b4ac7980c291aa6b686f4d230775774685
2481,2020-07-26 03:25:10.880,2023-06-07 13:13:20.053,pro_FgiZjwLe8nQkKhYZ3Hrc2R,ken_app_prod,06ec11a8650ff7ba18f80e5dfea4792ffa2156e25eae7ec97d3072830ccdaa25
2483,2020-07-26 03:25:11.408,2024-03-18 18:31:34.343,pro_QBgHj6vmiTHryTbXh78Zdo,ken_app_prod,617d953a152d7c749cdcb477f1c56ee7035129a4f7c33be9623ced1bd80e0699
2484,2020-07-26 03:25:11.818,2022-12-22 22:45:35.236,pro_EiNwq5G9ZsNbgJKn8517BY,ken_app_prod,e616e31349d2b06bd249cab341371164987bfee810be88a000ef098ca39479d7
2486,2020-07-26 03:25:12.664,2024-04-29 15:52:17.644,pro_Szjgf46N9T75f8LuHC5HD3,ken_app_prod,e77ac2eae3eae07123fff85f33306acbcd12ebec43301cb7cbe195a034cf3af5
2487,2020-07-26 03:25:13.631,2024-01-05 10:23:03.124,pro_F8HNgm5k9GRQVcqnjVgFHX,ken_app_prod,0b5c51e04b6c88c60029ae9f1ecb244955ea9f45dda3f3ee1a095cd45dd7b92c
249,2020-07-26 03:12:23.067,2023-11-24 10:55:52.105,pro_MaYt9rZgXRmztS6k2jhAUV,ken_app_prod,1ea23ad7f8e54abfdbf8fc16346f26b8707772d34ad24d5b89c82379f0b5b527
2504,2020-07-26 03:25:17.677,2024-01-30 17:40:43.536,pro_98bffCjHQt9Xm35Jphh9uD,ken_app_prod,0a90bf5e3c92bd38e2a83351d19a202ddcd92a65c3ffeabf50f461ab3ad0efdf
2508,2020-07-26 03:25:18.819,2024-03-18 16:51:45.509,pro_QXoEh3SrsLg4Dhx6opP5aj,ken_app_prod,a6d2115ac6198190e76587889c659bc70a014bc31d8f72a6a64eddf7d4d86dc9
251,2020-07-26 03:12:23.614,2023-12-11 16:58:06.201,pro_6Q1uC8hXV6zi6vtSTZgd5L,ken_app_prod,3888a3b0e5ddbda05e1ffb4cc5b854c366b0740650a81de7e38e0934ccd2400c
2510,2020-07-26 03:25:20.115,2024-07-18 13:55:46.654,pro_JkjiJRtdwH8Vm2fctkA4kY,ken_app_prod,51898051e2a1cea495c97fd40153dd62fe109edcf1e6ded3991f91e20ed588d4
2512,2020-07-26 03:25:20.584,2024-08-16 15:06:21.429,pro_HSgyBPpyCBGh4VKta3B6BD,ken_app_prod,eae2c8d7c7dbd7fa338e11b45208ec7052a68cb63d929d15e253262b3876b4a7
2528,2020-07-26 03:25:24.133,2024-01-25 17:58:26.194,pro_8eQMAYtBjppHTpB9mpt7uh,ken_app_prod,02fa1240a367adccfeda76d5bbbbc9d21df0be22df29f7a94453e33e910d529a
2529,2020-07-26 03:25:24.377,2024-01-10 21:54:22.097,pro_Sro6HQSGjFcYf6AzLqZocs,ken_app_prod,efbfb2484d34846b550221532cc419e9468f6d2e1469fe1aa92e6391ea62708b
2532,2020-07-26 03:25:25.038,2024-03-11 18:55:46.682,pro_MCQBnczKCQ8wwgsVWJDwN4,ken_app_prod,cedc8d32c147578229ab547f8d495d678c5eb5ecb933b4f9927a89715c91ff04
2536,2020-07-26 03:25:26.856,2024-04-29 15:52:17.644,pro_QL1HTJ5dPK3cSAu7Gxrk2H,ken_app_prod,d4fa181fb54d3f214e2be8bc49e5064bc720d0819ff781c09c9f1957075ba482
2538,2020-07-26 03:25:28.607,2024-02-12 14:50:42.239,pro_XxHFPdevjv8xsJ3DZtQksP,ken_app_prod,e34501e1865fe27cbdd1c372e1de497253612cfdd71f8575cec10731f16a80f0
254,2020-07-26 03:12:24.984,2024-01-18 18:11:48.869,pro_Mys95GSNhLUmkYFi7fSneY,ken_app_prod,94b0124f0354a6658f1f8a16eefc91167aee42404210d2c3a9cbba0177a3ccd0
255,2020-07-26 03:12:26.551,2024-01-15 14:47:35.496,pro_LLhNkPUxD6BN6Bkfm6X1Ha,ken_app_prod,ec711fca3c126a773f736ff9fc0eb6db02cc86b112ebedf7dba331f8c7b2605c
2550,2020-07-26 03:25:32.786,2024-01-04 16:11:26.582,pro_Y8d3SkGFZyiTa7m68TrpLk,ken_app_prod,db008b80dc73540eab00015363520f768deb07d418dd449cfb6058b492898f71
2557,2020-07-26 03:25:34.394,2024-03-18 18:02:37.174,pro_CobuCCMvmxm8JMpMynYVm4,ken_app_prod,ceba7f885f5d4186dade8847dd971b6a33da5a3cf3d5283514feebb25c4595d5
2582,2020-07-26 03:25:40.183,2024-01-16 15:29:27.140,pro_CsRSCYkyzGorsyfhijTG62,ken_app_prod,fa2419cebaf51771f37326cf2f0943a7b75c9bcad96e6fc95ab4526ea514c66f
2583,2020-07-26 03:25:40.444,2024-03-01 15:05:18.645,pro_NWMgEbefCBX4fpyfahkZQ2,ken_app_prod,0817fea45e1760aaef667e1fd9d75b8d54297952ad08b886554d355ee46512e4
2584,2020-07-26 03:25:40.706,2023-11-24 10:55:52.105,pro_U7BbqKco7ZUYsdxXUsz1Ej,ken_app_prod,5510bf28bd6720fba09b952246aecf9ee20cafa70eee8c866712965ec917ece9
2585,2020-07-26 03:25:41.041,2024-01-11 15:01:06.990,pro_PfnvXsZWGN2vcQm2pRrPZr,ken_app_prod,0d36fea6ee0ae6802b2e000c984ab3e2dd3fcd860e4dde73ea23fcc464668e61
2586,2020-07-26 03:25:41.440,2024-01-16 14:23:59.152,pro_YJPsDvL16iNZBTgqEs9jaf,ken_app_prod,e052570f17085c5a9be9ec26d547d27e5e556fbd06e4f3a9c8d06c46f64f9589
2587,2020-07-26 03:25:41.907,2024-03-18 18:44:09.598,pro_JeibJJdtwCkCvFScyix6ji,ken_app_prod,e0f453f04b13ef9f1f7d23842c8d252a0444c6734d1c6495adb43e76660245d1
2588,2020-07-26 03:25:42.228,2024-02-12 14:52:36.313,pro_3sBfmkr1zaGszg4F3xUHq5,ken_app_prod,5ebadcab81d864c909682aa5008319f2dd24eabe6ca342416f2946940022052b
2589,2020-07-26 03:25:42.490,2024-01-10 18:24:38.327,pro_Eypd7fFfmkqviukV5EZMzu,ken_app_prod,e772fbb96bf4ef89b15edaa43d035017ddf35de013f60ced6f33125f9a775cbe
259,2020-07-26 03:12:27.676,2024-02-22 19:49:10.710,pro_SCSE7i24ZWvbA557oz7p87,ken_app_prod,ecdb671574a1946ea0ce3f58e193e1c6068db20daa2fd3dbc1ef243e4d6f167b
260,2020-07-26 03:12:28.106,2024-03-18 16:50:14.372,pro_3pWK6kM46bSSJ1ZWTYKRd5,ken_app_prod,f0f2555b16d9bcf2f711e631ad8b4f690968512c1dcd6e71bba372ae139964c7
2606,2020-07-26 03:25:46.494,2023-11-24 10:55:52.105,pro_U6NgFD7sZ1YoyqECmCoYtj,ken_app_prod,9f2baa4037ea6d21ab1f2e0ad9475c8db9ab01b118b02a9b5bb95fd46775cc1b
261,2020-07-26 03:12:28.639,2023-11-24 10:55:52.105,pro_WXmsWnUohu3nvPigGjEAr8,ken_app_prod,b54290fd63cf32ac09b9258d139935113bda04a97871d4798bc445c211dc231f
2613,2020-07-26 03:25:48.154,2025-07-03 16:12:44.786,pro_C3yUHfjJre3BcwW562Tvoe,ken_app_prod,d0517c3b698ea5b71d53bfdf752e99eec3ca1e484d4e296fdf3dc001efd85b11
2615,2020-07-26 03:25:48.584,2024-03-18 13:17:58.624,pro_iKygGJXgmRSsXxshaGFwv,ken_app_prod,a21d750a0a4dcbe325123b58de076ed2e1f7b5effc3af0d92a7bb8740fdd6137
2618,2020-07-26 03:25:49.272,2024-02-12 18:17:56.695,pro_UB8cLJfAFWh3112EuKyLy4,ken_app_prod,3592dd9331864139a262f5292e4655829ac602a5222dcfba5723932683ad4b51
262,2020-07-26 03:12:28.955,2024-02-23 20:08:48.495,pro_SrgMPNw6zFxjnVnUCEhdL8,ken_app_prod,ef03362cc81d6733c5d56a82b1d130d8310aa2e6f4fd71557859c073f911a78b
2620,2020-07-26 03:25:49.756,2023-04-18 20:00:54.081,pro_Cw2PeqnwqcxDZJiwManVNz,ken_app_prod,17238cca9e1fc921a80567102ef9657f585837468b4e963e7241e8de5d512fb2
2621,2020-07-26 03:25:50.118,2024-01-25 21:38:58.826,pro_HhkxKpMgoDEjTv73RkQiWt,ken_app_prod,bd92e4b2039644e0e1a6b36fb56f3bc8c9b8b73e3b8698d2c54ad8a689067924
2622,2020-07-26 03:25:50.399,2024-03-19 13:42:45.096,pro_2SMgjZeYbEtLFzK18UB9mD,ken_app_prod,dbd8f8943eb992e306730432e20f25b7b192d7ee4a70b20bdcf2b17394eac26a
264,2020-07-26 03:12:30.166,2023-12-01 19:39:37.850,pro_2bwoSvsustpdCCr7N4N5Yy,ken_app_prod,5baf6d1167bc119915da81d3427cc83ad8181fe2843c8c4204b0380aa23ff332
2645,2020-07-26 03:25:56.811,2024-02-05 20:28:08.401,pro_9B13u3ryLnGRefxjQJf1m3,ken_app_prod,7818c3974376bef4141329beed7052be82b5769ea8db130b506956b4e6a9559a
265,2020-07-26 03:12:31.680,2024-03-14 15:06:12.611,pro_4fpc4fg5fmUikQis2BuzYZ,ken_app_prod,a8802e81df7c9e3ae0260e5c9646832635a5112142f99f05289e9222b9942c3b
2654,2020-07-26 03:25:59.258,2023-10-22 16:28:57.579,pro_Po83wucoekYR6zavYdfrMs,ken_app_prod,c714827cb56b2c34786ad91c6b7cda7083cf907aefcba166935d560bc3c961b1
2659,2020-07-26 03:26:00.865,2024-01-25 21:31:41.058,pro_HXXKFoMZHRtcZdbKUDQwmY,ken_app_prod,ba3486dea7586f2ca1c8dcd5a602f4d06b316dd33b1827d9067383154a961f4b
2660,2020-07-26 03:26:01.301,2024-01-16 14:23:11.783,pro_NeAsWLPSFDa78Wh9vNXR3K,ken_app_prod,5e63f222150c9894c96e8614a9616379c37b5b13c015b781514b6e9cbde02bd2
2663,2020-07-26 03:26:02.799,2024-06-29 21:02:46.225,pro_K38WEnQJkTL3WFkx6YaHUy,ken_app_prod,ac413994c318ed38cc9dde95d9fa7b185dc88f81c9bcb829d9268b92d2c88d0a
2664,2020-07-26 03:26:03.141,2023-12-04 20:11:37.719,pro_7fDZm8mhHHw7wJGzXkLftR,ken_app_prod,4c0f91f3b6bbffcc7f459cf22b3ddc4db534baca7fb6f896cba3427917cbd1c2
267,2020-07-26 03:12:32.177,2024-03-14 15:15:04.871,pro_LNHfAiHNJGjX7Qzfz87Pss,ken_app_prod,b761279a06e77c07068a89daa18536705451bd82df9e3698916a7c3e65c82776
2689,2020-07-26 03:26:08.865,2024-01-04 17:18:38.924,pro_D1EvXY8uEgW8Cj9qwrw7g6,ken_app_prod,77d41e8872364c80d222784ef376c3c4dba5585231efb54155140d5da108a24d
269,2020-07-26 03:12:33.625,2024-02-01 18:30:41.389,pro_5Mv5eoHqAYFLvfpozKmiDh,ken_app_prod,4d211c9f3920afebf1ce9be3afbdcf8e57246bbd2a96bfc3c86bfb04d5b97090
2690,2020-07-26 03:26:09.077,2024-06-29 21:02:46.225,pro_4eXTtjsR7SsvAgkZoX9zW4,ken_app_prod,0f12c919043a5443dfd16db27be2aa8bd6f52210ba6855eea51fadd7966530d2
2691,2020-07-26 03:26:09.300,2024-03-18 16:54:07.823,pro_3DXKcMgudthk3N4vPhrD89,ken_app_prod,637fa396532946b8f252cf4f131f094d2b9ff27e1f4a45ec4292949f60d1ff80
2692,2020-07-26 03:26:09.530,2024-03-18 17:57:57.235,pro_22SAZjKfw6c86p1GqSXSXo,ken_app_prod,5b6bd49fa7df96626143af3e018b47170c81eaa557bac3596c7dcd07f801fe2a
2693,2020-07-26 03:26:09.807,2024-03-18 18:20:36.014,pro_SkrsYLpCgWCPkCxDbT1Q5Y,ken_app_prod,5d929987fa2474db1d628e78e9991d24f15e4bd325a6b0d0eac3335cba06f0cb
2695,2020-07-26 03:26:10.247,2024-06-29 21:02:46.225,pro_GygWp4vpTo3rhZd5FTZgka,ken_app_prod,c54c8916db3c93d74a8bf889adf3bc546b11d1dff00f772a527727e213816b9a
270,2020-07-26 03:12:34.877,2024-01-22 19:42:55.748,pro_6e3ZkWdfge2GHTgFeopnDp,ken_app_prod,e026a0ef05c5beba7d7027415f4ae8e4d1645d31056bb26aa1d94e2ae7fe6931
271,2020-07-26 03:12:35.150,2024-04-29 15:52:17.644,pro_Vb3TWZA9QDwfvSJxEipEVJ,ken_app_prod,9efea5d76a4b5cf865310a69b2372d60ba76ecd4322a460fc3a7d9e55e76e805
272,2020-07-26 03:12:35.571,2024-01-19 16:12:48.607,pro_GQQ6qyVN7QJPJnFrhAiNtA,ken_app_prod,ef548c7eae9a1465adbf390336bd015e2a1864658666532c11fa8d884a534e0f
2725,2020-07-26 03:26:17.353,2024-08-16 14:30:12.896,pro_LH3iwpsJcGT7H8sJTphbus,ken_app_prod,3be983e14d73c86385fc0a21304f8e14b5d523daba5247b97567599964565a2a
2730,2020-07-26 03:26:18.858,2024-01-25 21:27:24.415,pro_YLUcw1MwSJqN75DJgxuLTs,ken_app_prod,ce7e9fca83baf18f3d1ad6e31b83f11ad6bbe9ad93e36fc3156a739a571c5c77
2732,2020-07-26 03:26:19.685,2024-03-18 17:56:34.343,pro_DmJXPFRvfzEvJxkVnkpnSf,ken_app_prod,50bd0d4b5f4aabc21547e2670e1fdff12f34e4b2757e444e1456721887c22edd
2733,2020-07-26 03:26:19.889,2024-06-29 21:02:46.225,pro_7vQEwpVabncy4BKMeU9opw,ken_app_prod,b7bc7636226f4f635fadae9245199be40a79f3ad78d557d8fe07dc055e12ca5e
2734,2020-07-26 03:26:20.082,2024-03-18 18:46:33.708,pro_Pow3Bo8HyUYVJWHgaJy9aD,ken_app_prod,adb4755b9246bc25c78927a3bd0e6b69e166aa49d9c6545daa7472c56a9965f6
2735,2020-07-26 03:26:20.518,2024-08-16 13:53:11.374,pro_Vihhy2wvTcynvDAkUFiJPk,ken_app_prod,00e9c3a790be3b09cfb86cd044faa3ab45c1e23ee5ebcf3c0ea77bb697e0f834
2757,2020-07-26 03:26:25.379,2024-02-08 16:58:01.670,pro_33RpS9uZvyPgSjtLTmDT5N,ken_app_prod,67694fb39d559c1b734378835e48a02af429330c6f1210b83b991941877dd6a8
276,2020-07-26 03:12:36.704,2024-08-16 15:00:55.753,pro_ASLkafmURvr2uRGA52YtGk,ken_app_prod,b826cdb2495d82a85bc5d01434b6b3ded2364c1a6f103e45d5ed6fbd49e76c4f
2762,2020-07-26 03:26:26.539,2023-06-07 13:12:49.223,pro_Uj71ZG48YZMWwMPyjPCA37,ken_app_prod,614171c39cc01a1276498be08a4a9ef869a007a9c0273164dcad5e88d94c3f68
2763,2020-07-26 03:26:26.748,2024-03-18 18:42:16.712,pro_MYDchChF6K1g8v9haN8jEk,ken_app_prod,571cf48321384f2434bd64f3701f03d84cb5f381cba7121b362ecc9ed2cc3fed
2767,2020-07-26 03:26:28.035,2024-08-16 14:53:28.176,pro_WSM29Q6ocWa3VvszgE5abt,ken_app_prod,74c0f7debd624e7af0d68041bc56bb12230cfdb9cae4750f0ced54a9da4e116b
2769,2020-07-26 03:26:28.591,2023-11-24 10:55:52.105,pro_Pdm1aPx1MoU8FKPeTqSU2b,ken_app_prod,f057fc338ec34fd92ec5bb5de9f5f0d6d1d3bbb4329ec20685f0f551021461cb
277,2020-07-26 03:12:37.176,2024-02-13 15:45:00.982,pro_8Hw65YPvpKvfchAiEQLbEG,ken_app_prod,a9cce405cac9ee99c5adadae61077dd21ba3988b1776a8d1eabae73a80bc72ff
278,2020-07-26 03:12:37.650,2024-03-22 11:27:52.739,pro_XoucJfvS6JGJhEMX5hHfYR,ken_app_prod,6b58dc1f41148bb0bb2400dc8bd4713a8caa8bc4266fedd1619bdc9139638ee6
2796,2020-07-26 03:26:34.738,2024-03-18 18:46:06.374,pro_B1uHY8vPXcU2arunJpRX4Z,ken_app_prod,c162e4d42fe26483caf8e41c92de54db519e4a6222f9868aae347757f8f4bfdc
2798,2020-07-26 03:26:35.163,2025-07-03 16:12:52.462,pro_31uS8FGGazP6h82rgSezNn,ken_app_prod,c333865bdd16a8bdeace9c5cfe171c7117368f088bd94639aa2fa6509a8d5740
2805,2020-07-26 03:26:36.839,2024-03-18 18:02:11.339,pro_MCtS2y6zBDBYPcagFDSwjv,ken_app_prod,558a78539d4c045495f4514f609b1df817e65c20762ab4ff2b8490a0def14029
2807,2020-07-26 03:26:37.279,2024-03-18 18:45:35.047,pro_HJt8pSyQef8LnSjSZGr6fX,ken_app_prod,2ccdff0572a9b2162d1cb90c6765cce7e0ba3225fdd466ba0b9e89915eb653c8
282,2020-07-26 03:12:38.613,2024-01-11 16:44:02.690,pro_HGLNCjWsSwMefu6Q4UdkBQ,ken_app_prod,c7063fcf156abcce99c476652a21704ef7945cb959a7d6f0c663601c372c98d8
2832,2020-07-26 03:26:43.440,2024-01-31 18:54:09.527,pro_RTAKSYkwvU5y4rJPRvvZB3,ken_app_prod,b2d5aa8291ad5777669b234cb3e8ccea5a0038c559b4e11fffd2ef25fd842198
284,2020-07-26 03:12:39.335,2023-12-11 14:20:05.172,pro_53VgB6MWwL1JSnbwXH7uYu,ken_app_prod,e194854c13bd5444f1ba0df20ee44d88cfba2748e9970c7debccd9406308da35
285,2020-07-26 03:12:40.016,2024-02-26 14:33:57.219,pro_FR68GZ6HxPZFtbJtfk2x5r,ken_app_prod,297be131f97ad293ca751d22e46e71a25c3fe3bbff212e75167c867f0703185b
2855,2020-07-26 03:26:48.837,2024-08-16 14:22:10.568,pro_93zxKG7zncstbwapfVytta,ken_app_prod,bc72852b15c74b30a89d8dcc219c4477e9769f4f88fac5cc1cb0ffebc4a7d165
2863,2020-07-26 03:26:50.641,2024-01-16 15:39:56.920,pro_5PHLrNAoBb1C6oFHACMiWv,ken_app_prod,f14e90f817228c0be786b91d0d8a2c6c979d248bb6da3bcfe8c05d861014fec0
2864,2020-07-26 03:26:50.878,2023-10-22 16:28:57.579,pro_G4z512qz5ETf6EQgR7Kwxt,ken_app_prod,56a257e26caa65a869204f918d5d9083fd39c8752e7e855843d4bce7a6a6aef4
2865,2020-07-26 03:26:51.131,2024-03-18 17:55:30.196,pro_FMMa6GKFstWzpZw2iWQS5p,ken_app_prod,60a8f53293ab40025119f1f4805fe573ae25416bc0171b30de1aba07e4a3a8b6
2866,2020-07-26 03:26:51.345,2024-03-18 18:40:42.387,pro_AaR5wZmmmDEKkUgKeJbJFh,ken_app_prod,1080e7a99e8c1469d62d0b78b64ae460c58cd3928767641f73ed60458f747eff
2867,2020-07-26 03:26:51.603,2024-02-02 15:17:50.330,pro_HWYqK8EzJd2GUCytVjtPxY,ken_app_prod,5733a4e5f8f22015d61bac728080fdd3cd98fa0fe480f279c40711b719684cf5
2870,2020-07-26 03:26:52.299,2024-07-01 14:48:30.054,pro_HhVbvMY66xcXc8fRyE5jUV,ken_app_prod,6401376cf77168e9eca91e83080c44da22a53f4443ebd740cf464d3134f0abf9
2878,2020-07-26 03:26:54.128,2024-02-10 19:17:56.867,pro_WR8GwS7JWt2mnuRyHMjS7o,ken_app_prod,4ec16d35db4256a2eb66d7f40d1b00b614bf1bab61fe27e8eea2f580347d34ab
288,2020-07-26 03:12:42.825,2024-03-18 16:51:14.165,pro_RR6ct5zvYpJHVvQU5TQxRG,ken_app_prod,af5f7c579b20748d7086e24c8c9a721703f2ecd5807418b2773cdff6750d43de
289,2020-07-26 03:12:43.150,2023-12-18 18:56:48.166,pro_GNsqwgWmjw9x1NSoMFxUh7,ken_app_prod,1e5ea844a0406e572fb5821a0d01303cb0cf0f393e122b76208e544d65a8c2c9
2896,2020-07-26 03:26:58.631,2024-06-29 21:02:46.225,pro_JJbAgMg7yMAoMQWtJkzjfd,ken_app_prod,7870bbfaae9a52a24a46fd29dc8720a4a0a69132784a7835b9c132ec09b68c73
290,2020-07-26 03:12:43.423,2024-01-19 17:00:01.376,pro_2dtCJ3pYYHXxYnbtnoc5dg,ken_app_prod,b3ef98f1d0e5a90ff46833b52b021aebf5840c161b14071d9760da69cbe6f836
2901,2020-07-26 03:27:00.031,2024-01-11 12:43:17.592,pro_9xxyDHKTshq4GTndttqVcB,ken_app_prod,491ae829a78087deadae234634f485836734d14771ce3b22b5e620854412a55c
2909,2020-07-26 03:27:02.637,2024-01-16 17:40:35.570,pro_6pSs46Z8Fn9DanWbwm2S8J,ken_app_prod,2fc9a17f9a038ad0583875bca2a04c6798ac2613b389aa3c202d09801cf99fe9
291,2020-07-26 03:12:43.696,2024-03-14 15:03:21.924,pro_6Wit9nE1d7CJRqbZvFoXDH,ken_app_prod,d3188b05fb426faf17edb0172c6ef4f626a5e097c351bd0fe754192f4321877b
2915,2020-07-26 03:27:04.001,2024-01-16 14:23:36.015,pro_PchMQ3gbNjS4ryJMcKjhkv,ken_app_prod,5837e37a2a6336a84cd96eb37c61796e76d31b8402f74102e9b5221b6c061edf
2916,2020-07-26 03:27:04.239,2024-03-18 17:55:48.413,pro_D4mfzHnk22v6kZAqu9UqUj,ken_app_prod,7f9896f9cce828c4818ed3f0317e99de74a3684022ff05c74370a459f2bab424
2917,2020-07-26 03:27:04.461,2024-03-18 18:35:05.424,pro_RjMzPLMfR8anfjHKvBmPDu,ken_app_prod,361b7fa30e6dbbf4cfb940a1d965d35d3c3fbf54495417536d5841495b6e5aa0
2918,2020-07-26 03:27:04.778,2024-03-18 18:37:46.725,pro_LLKGpvUwYhcVPep9kghzfm,ken_app_prod,07e687ee60d66231eac599e71c26fb4eb3274357ba9b7d8b12c64c4ee48386a0
2920,2020-07-26 03:27:05.229,2024-01-29 20:56:27.929,pro_MvP2YRuRKUvjX7eXnxyC9o,ken_app_prod,ce7499a69bd9fa36b8fcd87bf5db9f8c021ca19fb07f6822807dca24a0687e36
2934,2020-07-26 03:27:08.396,2024-06-29 21:02:46.225,pro_Fs9vo9SZVFtULpw28W8LUM,ken_app_prod,e3a94e2b080177ff0dd9da1cfb3659efddd0c00a29e67a388625692cacef6c58
2935,2020-07-26 03:27:08.621,2024-06-29 21:02:46.225,pro_9sZt5VD4oNbuuPryBmJJRr,ken_app_prod,29bff6fd65d141d3d907d37ba18ad01c3a26cc80df64fe32d46931b89803ec67
294,2020-07-26 03:12:44.634,2024-01-10 19:40:09.068,pro_PKvnbDGdPdWRp9SCJ2tuzM,ken_app_prod,ef4a0bb8871e3359e00a23c7edf6b33cbd6f1ff2e73e60604de5752fd0363e22
295,2020-07-26 03:12:44.992,2024-03-18 14:06:03.566,pro_A1NcRrRyXKtHA6y7qQcvrp,ken_app_prod,d4df41a5ea90db1441d4c4cac68965cb338a34562e635869f94469afd0baceeb
2951,2020-07-26 03:27:12.316,2023-10-03 19:04:15.609,pro_8G1w8kjwa9bar9KqvPGLuV,ken_app_prod,8ac807527e48692ff5a5ed639104bd75857021619f9be0280c6ad55fcea54126
2953,2020-07-26 03:27:12.789,2024-04-02 12:02:26.748,pro_JUB1RvXw93y4ENmZKKbELG,ken_app_prod,c2bcd9ee6ccb334d0f69277e99f27d19ea89c0a8bda4d7439422986b5d2ec580
2955,2020-07-26 03:27:13.244,2024-03-18 17:56:13.791,pro_RF9JjVdLdaqwABQSCYv9um,ken_app_prod,6bb1500fdd1e2e64389c84f0aa5a628a7f4174e63b02a24cd584951354f8ce28
2956,2020-07-26 03:27:13.439,2024-03-18 18:02:00.357,pro_TYQXubpxP7EfJwFJ8hNnxx,ken_app_prod,cd08fb08f9f641c4f81e77ef1190afaa265f6502620f1a55dd40a5bd3d7adc07
296,2020-07-26 03:12:45.342,2024-03-20 15:25:21.537,pro_PSApwYHLkYvbzRhdmPWkrg,ken_app_prod,dae535d42628e369c4e37ffaa5d4fe9cd0ad87919a145205558599eabf54c97e
298,2020-07-26 03:12:45.898,2024-02-22 19:25:35.606,pro_B8obAJucnrmRzCkWfKWjYL,ken_app_prod,501eee6a502ace49aa6bb9144379082124e29f49380cf480cda45d1bc49f3410
2981,2020-07-26 03:27:19.185,2025-07-03 16:12:53.151,pro_5qGYndPyVyNPXo852N2nRX,ken_app_prod,d153fe4a6ec3e44eafc3b606d1320b83a87259df263b7d8607124041a3d2a11a
2983,2020-07-26 03:27:19.697,2024-01-04 18:23:47.178,pro_WK8nPuJoCiWyjeNsdjvWR5,ken_app_prod,dede80387363c3c856339a2637e035f0311fe192dd0072d5ff01549263d85760
2984,2020-07-26 03:27:19.940,2023-11-24 10:55:52.105,pro_CJQgF6ut9sRmnr9jWngR9g,ken_app_prod,2d5d519668995bb846771b054569f2ac7b7d6f1c8e44897c6cba3f1be18aa68f
2989,2020-07-26 03:27:21.198,2024-03-18 17:57:23.222,pro_6g6vTS9zYp4hBqo8h8jB7m,ken_app_prod,098976ca56117e05d26b6070d9b72fe8d2d83b80d3fc10907a661fd599a9f6ab
2990,2020-07-26 03:27:21.425,2024-03-18 17:58:05.143,pro_2cBQEwkw8hVWN3K9VHpQsK,ken_app_prod,0a3322753f5bff499d491444d09254be7a660558d10445c4c730029a49f3acd7
2991,2020-07-26 03:27:22.012,2024-03-18 18:03:10.644,pro_ShHHkWpwYmqy3fQB9oyzpc,ken_app_prod,265e6f3d0317abb269873e99acb2178643e093370a9a8a8575966044586ea620
2996,2020-07-26 03:27:23.064,2024-02-12 15:04:14.905,pro_G2eJcqYJmAQF4Gh4JYipbY,ken_app_prod,5f14a8f315aff4ba6ca9ee6a99f4138bd43d8ef10988c788e88019c9f157800b
2997,2020-07-26 03:27:23.459,2024-08-16 14:33:18.857,pro_QZG7T3mWpbDoFcoaJrZk38,ken_app_prod,9adf01f21332f4cdf8959583475cd0dde79f453c114dbd83d841abc9c99162a5
300,2020-07-26 03:12:46.497,2023-11-24 10:55:52.105,pro_KjS8KWPsry73k8nbRSdspQ,ken_app_prod,6d6eaeb0a997e2d68242ebd6f2a4431bce176809cc0957f787afe831114a55fd
301,2020-07-26 03:12:46.870,2024-01-15 15:30:57.759,pro_NpAVZxjEK1NgcyLFc3hup,ken_app_prod,160257e735da451336eaf112f4755848a7d2e0f2595dfa9cc40c3bb9b56fdf3a
302,2020-07-26 03:12:47.178,2024-03-18 16:53:10.751,pro_6K9RfhCG8mag2cv1mPycCV,ken_app_prod,d852c9b2080897e1d2fe844ccd057af4af4ff6cae2427e48fe250497ccbd4efa
303,2020-07-26 03:12:47.804,2024-02-07 16:42:05.672,pro_NXziJzJo6xDceeo8GPQ7ge,ken_app_prod,a3423d9a7e22507ab1d01fd2ee6f2ce1e17e92bec18c5531d83485d827f4ab97
3034,2020-07-26 03:27:34.228,2024-03-18 18:02:21.826,pro_HGxKZGqSAJKoWygoVHoso8,ken_app_prod,09a0ad5fe2299eed476278ba5123079ffa642196cb165c2d91725d32181f8bc4
3036,2020-07-26 03:27:34.707,2024-02-09 17:52:01.717,pro_EtFD9RpLMtB5mnE4cwAuy2,ken_app_prod,8c751520abcabcf19dff3f992d58c0f2a0f6894c6c78d17c875b33eb36f8e8a2
3037,2020-07-26 03:27:34.937,2024-03-18 18:40:22.410,pro_7qXXeKRRrwcj4AwxEqihsX,ken_app_prod,9753c05a5b54e6ecc053c7978917f6675ab836c7cc0d0a49e736093d447343d6
3038,2020-07-26 03:27:35.156,2024-03-18 18:43:48.797,pro_Wxs4uS8EJunvs686xizwR4,ken_app_prod,d3375de6df1b53d993c8fb40fccfc255eb1e98d20dc4e535e1fab8867c9beae4
3039,2020-07-26 03:27:35.399,2024-03-18 18:43:59.946,pro_Jdm6iPCGytqRHehJr7RnsN,ken_app_prod,41d461483d9d2fc3795587c40cf8f86ab2717e7fba06655ce3328ab9989b957a
3043,2020-07-26 03:27:36.650,2023-11-24 10:55:52.105,pro_A9nhNmWisz8veCPdStRSHS,ken_app_prod,765a0652e60ba8c1ab09a65e85ff4ccc621905c1f16898e2f8c0640d510f85ba
307,2020-07-26 03:12:49.598,2024-04-29 15:52:17.644,pro_WxZmLRPQREYKmGnwGvoAhL,ken_app_prod,2222eb1371ddcb9637faa078814505056cc296f365577afa403c8701a0d38e74
3072,2020-07-26 03:27:43.135,2024-01-25 21:44:00.138,pro_JSFZpQbdyLqET8cmzcKFx2,ken_app_prod,b1f8d99be731f40afe00d9dc68fbc237a252a80901a2605a48e21826d4bc5950
3074,2020-07-26 03:27:43.671,2024-01-30 17:42:54.550,pro_N445XPRUUNwCVJ9eBvkioV,ken_app_prod,32cd965dace9874498da46f79d9c0c021f3b6925705948952262b1c3d32b2a74
3080,2020-07-26 03:27:45.058,2025-08-05 14:43:29.439,pro_PCMG5k9tBWZrvr8qCn3Bim,ken_app_prod,24e51bff82af2b19b879b27c92db798dda03a8459bfa13497742bbdf38a57b75
309,2020-07-26 03:12:50.904,2024-02-01 18:33:56.979,pro_39x8c8czp6qkJdkeENTYcb,ken_app_prod,54eeec472f5451cc77edbb467d0f77bfae8a9c33a2cacfe88743d4efb54a5b99
3090,2020-07-26 03:27:47.277,2024-03-15 20:07:42.212,pro_RMShkLw9HbGAbVQyS3SXRR,ken_app_prod,d737e8554b4cddb0468198551b3ad19c0091afcf3bfc5e1de4caea7d3eacc68c
3092,2020-07-26 03:27:47.802,2024-08-16 15:03:50.854,pro_Rc3qUjoLHKPWXdBbBBhioR,ken_app_prod,eb416ddb94a49a2118842bee5ca49656135f754f60b8bbfba7bf15efc13f18b9
310,2020-07-26 03:12:51.730,2024-03-18 18:40:04.673,pro_Qd5GT6RctoiyTzXnrCE24T,ken_app_prod,471f565fe360dcc06d6dd211989532ad74ad8c1dba29067222dc7e73992278b6
311,2020-07-26 03:12:51.989,2024-03-13 20:10:53.285,pro_97zhrPjX5WyPtExZ6v4SA8,ken_app_prod,36db31d2b4665023d6f95334a2b389346dcf7ca1f2394a9140ff86b3dc4f7f8e
3145,2020-07-26 03:28:12.961,2024-01-19 18:56:19.832,pro_4RjfNM6yVzxqJywyaPF4v2,ken_app_prod,9ea39af9982de68481bae456930d4d510573a50f47c34a9b27ffdf174c86067b
3152,2020-07-26 03:28:14.540,2024-03-18 18:05:58.758,pro_5vjfw3sRwiiWuWGGVkUFFx,ken_app_prod,d2120ac391d87f37186ab4fb1c6c62b2f6d80f3be391db4a2f405f09e6a0e4e1
3154,2020-07-26 03:28:14.990,2024-06-29 21:02:46.225,pro_ScjBygDP8NkKQTnyYHT6sF,ken_app_prod,a57868611664a44d92d6b63ed837f3c537ce68f6715b0f2c4d14eaffec3e9d83
317,2020-07-26 03:12:55.086,2024-03-18 18:47:17.886,pro_LdgSjuu3ey5WsVyc71T3zR,ken_app_prod,36d9e75f24df72ae45e1ea30da3b3ffb3f567743d283a4fcd4347d231e289b36
318,2020-07-26 03:12:55.480,2024-02-07 20:13:03.061,pro_VW1f6CeHQa1SHhxugmbrE,ken_app_prod,f229e59f3ed3185dd7e0b33cf7d9668accae22c2f1903964e7fd58248ba6150a
3190,2020-07-26 03:28:23.599,2024-03-11 18:50:08.136,pro_M4dN9q2SZBxDNBfAhbMYF9,ken_app_prod,7b39f02e811ec240765984a12c5fe39e9ebc17e38db2679f25fa2f1cd23834af
3191,2020-07-26 03:28:23.810,2024-01-16 17:09:10.276,pro_6hT8DyQJ11t7GZ1v9nTeSR,ken_app_prod,9c365d80eb91e549205941c5cd5a055b9eb76ec37a20b6ea5d8438efa22253e1
3192,2020-07-26 03:28:24.031,2023-05-20 14:01:02.093,pro_B2RZkwD73G23xWonB8GCeS,ken_app_prod,1a8458b9131900eca57db52f8e7827383449edbfbdf9e9f4b40d9ba5cd5eca5d
3196,2020-07-26 03:28:25.070,2024-02-09 17:56:25.423,pro_8GthhdyzmepusuQinuAy3W,ken_app_prod,7afe9438715a0ee5475dd80f0457820c58562553347b6fc02573deb6beb402c1
3197,2020-07-26 03:28:25.299,2024-03-18 18:44:17.701,pro_H92C6LoGa8LjGeN4dRepSd,ken_app_prod,b9a3047b67595b1053294dd61aae578a65c513488ab963ab568fa66123b1edd9
3198,2020-07-26 03:28:25.650,2024-06-29 21:02:46.225,pro_7YjzFqSAymyvQn67HcC5oo,ken_app_prod,6312530e82fbdbd43b67f61fb9217791dbbf3c385c4be8ba4ba452cba475f58b
320,2020-07-26 03:12:56.024,2024-03-12 15:25:41.346,pro_3BqARi9YxD8K45wVddK9sR,ken_app_prod,ab16898032e68743c0270ee6065c0d2b3dc51744ab95bf1828cff2adb2b662a5
321,2020-07-26 03:12:56.321,2024-01-03 14:25:18.166,pro_XLug9uDpddiwiNaYZY3cDH,ken_app_prod,6420e5e562d54427fabb8c219b17b142d5fc349930cf460a8ed78441e9a3fa4b
323,2020-07-26 03:12:56.837,2024-02-21 15:17:47.908,pro_91iDN2ua8r8NaMu6RhrzuG,ken_app_prod,08d01c6241e370bb3a992f0608ae2bae0a3a76e3d79900bf375cd89c57d86afe
3231,2020-07-26 03:28:34.180,2025-07-03 16:12:48.389,pro_3KMuLoSKL8HAHrPqLXyaS9,ken_app_prod,a6a2daa3ecdd54e3dd93da7f722157781fb54b129af87c0247b9a3362d79c169
3233,2020-07-26 03:28:34.627,2023-11-24 10:55:52.105,pro_Ss3GDHBDHP2AZCEXoGrrhW,ken_app_prod,ff0272787dc0beb3f3df344aad25587fdac031229cde30940118ca180d87f3e4
3236,2020-07-26 03:28:35.291,2024-01-05 10:23:03.124,pro_Ks9TefSLaf226CJf875PLX,ken_app_prod,7e1af4138b9428a9e6cb02343636b2a975f25d3f3c5380fe44f433b5640ae2f3
3241,2020-07-26 03:28:36.522,2024-03-18 17:56:04.825,pro_SssLE6CeUrXGCQR9ncgW5c,ken_app_prod,10fb394616750e8b1946dda80e95e135be6d7cc4a8b8a271c2882d8f435104a8
3242,2020-07-26 03:28:36.742,2024-03-18 18:39:03.325,pro_LDWBK9qeXnd2aPseyZkJ21,ken_app_prod,f5efc97e4737492b89752ac5f6296b29058666d36b17af9e392085252187b88b
3243,2020-07-26 03:28:37.115,2024-06-29 21:02:46.225,pro_N31ZA6KTAVTP4y1ALJKeoR,ken_app_prod,fdb6e5488812889a05663a3b7c0e87d5c8e7b00526b20502d65b6c30bd223d86
3247,2020-07-26 03:28:38.957,2025-06-17 15:39:01.336,pro_D81eahFWsTxsDgkrupeuM3,ken_app_prod,259abf4fb573e45bcbaaa82de9edba4ce700fb72833982d036b5f3a58ba82965
325,2020-07-26 03:12:57.590,2024-02-07 13:23:30.565,pro_UiKHtV324a1jPM8uYSEhgq,ken_app_prod,db382bc521a9353a5166aa99b6873cf32d0795451cae403e84a2d7eea9546f2c
3251,2020-07-26 03:28:39.878,2024-07-01 14:48:30.054,pro_W1NjcdLxUbRTx4z4HssLc1,ken_app_prod,ba3cf70c08c8c1d96b1ea1d6c2494f11479e9ba72a3157041ca0f5f7e4d14cca
326,2020-07-26 03:12:58.196,2024-01-03 17:19:25.072,pro_541GzCWvDfyrYpuD36LetA,ken_app_prod,c5a377b0cae1c356e9f0a533e3adb8054ab797a4b88e2a0a149b631b565b8516
3278,2020-07-26 03:28:46.302,2023-11-24 10:55:52.105,pro_gFCKzaPqQywGmTham1Znu,ken_app_prod,c0c2fb618912b9abff8b956c6cdd375508e5d893a140739dcb0b214ddb01ef3a
328,2020-07-26 03:12:59.515,2024-03-08 13:27:34.200,pro_G4hh8pJo3wxnU77XTAVBqr,ken_app_prod,5df53d47de12bc81ae0c7ece363936361ae92500096ad42de612b95d7a3b93bc
3284,2020-07-26 03:28:47.986,2024-08-16 14:20:16.207,pro_n4Q4Uj5TsAusEpbcMP3jR,ken_app_prod,f0a929c00b88ee3bf0cc950e20b2fbff273cadb2ba935c0722c758b41196fdd4
3288,2020-07-26 03:28:48.980,2024-03-18 17:57:00.751,pro_UtapLe4cwbjwCCgrikgyTt,ken_app_prod,9fe187ecdc5e543616d0901477ec40793272e3d385b3888e7bb19b4847dac508
3289,2020-07-26 03:28:49.212,2024-03-18 18:01:03.669,pro_R3UtyhZTfkRRD6ZcxPD111,ken_app_prod,e87c74261e28f0b6268989c5c256392d4a7253555325a5a87b6abcc923eb104a
3290,2020-07-26 03:28:49.439,2024-03-18 18:01:11.945,pro_Ne22Y5TicYwCXMDtsshEii,ken_app_prod,e9eee039cbb0a8e21da8754611a6b19e0a0da955456ae4fc41502a8b8853237e
3291,2020-07-26 03:28:49.691,2024-03-18 18:01:50.879,pro_AoiHeAWyPztUXNssQDGg4S,ken_app_prod,834bdcc89488575caa4a79e2b13559a7e334d80bea3edc32b088aedc9c1cc446
3292,2020-07-26 03:28:49.932,2024-03-18 18:05:16.016,pro_GXMeFinbKB7vt6C3TEc5X9,ken_app_prod,f17e1504f563d5b099bdf6c2d752dfc5b9528706d72c89ff5aecce8cf332f81c
3295,2020-07-26 03:28:50.624,2024-06-29 21:02:46.225,pro_DZzr2ycwsgDjSCJqVwBJxg,ken_app_prod,701cf3ca13d6a51f0c088aa922144e45fcaaabdab8d239dbf0877102d800e8bc
3299,2020-07-26 03:28:51.718,2024-08-16 14:59:21.827,pro_BgvUWR8AWRHVnGThcRRJj6,ken_app_prod,8e84b007c94a25eccff0ebba908cb0b2419e3f70a73889775e6fb5af8f57046a
3301,2020-07-26 03:28:53.746,2023-11-24 10:55:52.105,pro_KXwaEzyZ258aAf6tdKMceY,ken_app_prod,547953b1abb83e22d0be215ec321ae0c65b62eb9b26814605048c756dd9fe4c5
3338,2020-07-26 03:29:04.316,2023-10-22 16:27:12.417,pro_ESxGHEkV1RrbwgNFSRRHSp,ken_app_prod,c9ea0127fe74079a8e05050ace3b5be950d3275236af1ca5840a73dfdc2e31ac
3339,2020-07-26 03:29:04.973,2025-07-25 13:31:21.330,pro_XKRZQC7KB82HVw5aLZuQok,ken_app_prod,d2ebbc37c44d458aac2808a33bcda87c77e5a32b5e0e8f7c57c293dcd289f438
3358,2020-07-26 03:29:09.502,2023-11-24 10:55:52.105,pro_T6jA1NLaX91wmzdFG7fXJU,ken_app_prod,807410841988b1266719ec40e714f72ab30058a020cbca5f288d189ce166776c
3364,2020-07-26 03:29:10.929,2024-03-18 17:57:43.688,pro_PFoTGXgDFKy91MG1Fqc73y,ken_app_prod,e3b21594808739338386e8103eacfa91f9d365efcc5602983e3d885208cf9b46
3365,2020-07-26 03:29:11.187,2024-03-18 18:21:09.350,pro_Du4s5QpuMX3J2KQn8k1GEb,ken_app_prod,2dfa893c05af9abc96f5ac6ebb45dd33d0405799e53f0d8eb3867a58e06fd865
3367,2020-07-26 03:29:11.728,2024-03-18 18:34:53.593,pro_SzNrfxQxdMEocD9a32kmPP,ken_app_prod,7b355005ac6d3bf5745a3ad720011add9cd21a54b47484b52ace868c7b83c234
3368,2020-07-26 03:29:11.922,2024-03-18 18:41:33.261,pro_HvfKLkXhsJYwSaSKSbLMRq,ken_app_prod,bab28c6b0991138688a9790200ed5e587f1b61ca86ca6ea3f7b21edf44a3d5ac
3369,2020-07-26 03:29:12.148,2025-07-15 14:34:50.837,pro_M12iPGNzHgwSbv2HP8BhtU,ken_app_prod,179cf02dcfcc193810bf4adc50bf18d3648b24112fb077e332457cb61e98fbe0
337,2020-07-26 03:13:02.181,2024-01-16 21:26:09.781,pro_F1kcEZwfoQjHu5fm44y7CV,ken_app_prod,f847565a1b013a1982bbf456d62421870f96fb188e41c825294829bd00eee33b
3376,2020-07-26 03:29:13.782,2023-04-18 18:42:31.178,pro_BC8WhFdjtrcqi9sY195vBz,ken_app_prod,352332858cbf61c45fdfbee4712a2f8e381c0d0a836a8251477c861cc0d2dc02
339,2020-07-26 03:13:02.766,2024-02-07 20:25:45.906,pro_W8byHndpyB7PpVGQGTx1Xr,ken_app_prod,e6f3469d3339d7fc1d6e68aacbb02db0dd178a642259a2449c1975c6ece47a94
341,2020-07-26 03:13:03.596,2024-04-29 15:52:17.644,pro_8AE42gNrSnStzUxyNMHyBt,ken_app_prod,b4f324c3faadd495263d5262e93f14ffe4651645eb92fb793c326a185e7e4659
3412,2020-07-26 03:29:22.436,2024-01-25 19:44:25.077,pro_53UwRr7wWxkbbS5ua5H6HL,ken_app_prod,54687bce70da1b6503c0222a9aaea835ffbb05a2a7719917308a1dcd314a605c
3414,2020-07-26 03:29:22.880,2024-02-01 19:48:47.819,pro_TAdKtqAYkarPe6yxnDKD8M,ken_app_prod,2e00d84a063573c6804c1c34eb8bc793296605a71069631f42d92dfeb11752fb
3417,2020-07-26 03:29:23.579,2024-02-01 13:19:45.205,pro_AeveWmBZvFEZ1B33PKT8CK,ken_app_prod,1b31e776127e1b278a843bbb4cb0dc2f7c48a864af0e4ba61ef577749417d439
342,2020-07-26 03:13:04.706,2024-03-18 16:52:09.643,pro_DKB4ATyQk4d5XQkos9QEKV,ken_app_prod,779d86a7225f264d263578c4b75be601a5c2a03d1dbf1e4cdac0c28e04ec05fb
3421,2020-07-26 03:29:24.426,2024-03-18 18:26:16.330,pro_JEoKGJx4qQA2KxtELur14H,ken_app_prod,b0c135e43eab2710d4e328fd6e252e39ee12f9d90f2015a715e9877e6a34c495
3422,2020-07-26 03:29:24.655,2024-03-18 18:34:19.855,pro_XyR6Tx9fYKx18kbnaUVBuT,ken_app_prod,db7b3d4d5ed954f56499620d26d2e63af2b6ffa9c31ba73b88d53e2d27428853
3427,2020-07-26 03:29:26.846,2024-08-16 15:05:46.656,pro_DwsmkftwWhkAAby7V8yzQ7,ken_app_prod,5506ef4289afc53023603cb8c799ab90f1625e475fb3a533c1d7e05c33aeec18
343,2020-07-26 03:13:05.588,2024-03-14 15:11:47.604,pro_L8NZcKDs4WLNpJdREkx1A4,ken_app_prod,ab8112ef73e7c38704210cae1d65df88c13be8f556585916f61fee7c5a696bc6
3430,2020-07-26 03:29:27.881,2024-08-16 14:55:44.763,pro_jtL7L4wqp61NznzUpY76W,ken_app_prod,f0aea375b721e58a9beb7438f26cc60c6d39e806e3e8c00b6256c31dade2b1dc
3433,2020-07-26 03:29:28.970,2024-08-16 13:54:12.885,pro_UfkVWixEA6fLyN1F4N1FaQ,ken_app_prod,7c4e80cbb136399fa7aeb96b1f7cbb6b8207205367d10723c04a80ca7ed75cec
344,2020-07-26 03:13:06.115,2024-01-12 20:54:22.061,pro_UoUFogNXhLScpiZHd31wsM,ken_app_prod,162b89f2058a80df529ec52843ecdd0e5d7cb616d8e66fc158f111054bfdb1f2
345,2020-07-26 03:13:06.510,2024-01-12 14:22:07.999,pro_LzG9rymB54FdEWfFf1a7U9,ken_app_prod,9265e63bbf1e6ff4529b0d03c9507a729e13b1516c1257c29cfeb3972ea9390a
3476,2020-07-26 03:29:39.590,2024-01-11 12:44:59.888,pro_QBmUuPcQZt2sGQMxnZDTo7,ken_app_prod,cee0f2ad5e5f0a411919933c0d20f13540a8004863081343962894ddf1e30b32
348,2020-07-26 03:13:07.679,2024-02-26 14:59:12.467,pro_HyyJs9GQY86k8V8tBDn8Wk,ken_app_prod,b737079084a94a37cfe9a32efb04e0f64efa2f4e7dc6ef3ebc57d5224847888e
349,2020-07-26 03:13:08.557,2023-12-04 19:26:37.798,pro_2xUshh25LHgRsRxsSySzAo,ken_app_prod,918b00a952ef3fe3a58143cb6c17b2dd093315c685c453f50b80dedfc855fa56
3490,2020-07-26 03:29:42.688,2023-12-05 14:10:26.507,pro_ULLDwMBYjDQkubt2invccc,ken_app_prod,8501998986a4d13414fafcfc13f86b38da1b797ce93a36655f27df3325dc784a
3499,2020-07-26 03:29:44.860,2024-03-12 17:41:39.626,pro_P2iZxZppcG6FsZKUtyqMDF,ken_app_prod,28f7533f2b2171d6ecc97b6b7cc73facd65d7387c32f311516d3266e509019ea
3509,2020-07-26 03:29:47.045,2023-11-24 10:55:52.105,pro_KcQQPych4pVgoYN76wSvqh,ken_app_prod,c2def55f0a9130b920093be2d2f271caefd94cbcd10a6123aba634621eb692dc
351,2020-07-26 03:13:09.094,2024-01-19 13:24:30.605,pro_WE7hRpBuLjsJ4b7wZ9RWgs,ken_app_prod,848d17e055a4d6d440a77a7fefac85577a5b02eb8d37e0ba77a84c234a1c75a9
3512,2020-07-26 03:29:47.801,2024-03-18 18:45:55.664,pro_2rty9DkkPW6YJMRGFKvKJr,ken_app_prod,cec4398e71aa889ffbd551d572d5ca7f17f31277d3c907d89f210186e9ba90d0
3513,2020-07-26 03:29:48.030,2024-03-18 18:46:26.796,pro_AwAp97JMjSLhawDvrcvsM3,ken_app_prod,117acf6bdc509aaae6e2e52a28f49a17d3630da8da5f9c5d7890c622a1cd7dff
3514,2020-07-26 03:29:48.241,2025-07-15 14:34:53.129,pro_LYoJ27hHxY6JTZzdxkvuJ4,ken_app_prod,b2a59c7e8f0e8771ee7eebc72d516af13ea7e9a42d046c6d9ebbcac80a389946
352,2020-07-26 03:13:09.433,2023-12-11 20:51:50.023,pro_35ymmrRr8bhBq8v29Td8K4,ken_app_prod,6e2db582b96d320f6542d3d45e210ed06113e96bc079a3602e914ca5a1b9d284
353,2020-07-26 03:13:09.855,2024-03-11 16:33:37.976,pro_Ty8r2h2LK9CrdVwnTVXbo,ken_app_prod,3cb808bc7455ccbe3dbdad89a3eb9dcdcadeebab9ee7cfc4f4554dfe954e5e27
355,2020-07-26 03:13:10.397,2024-03-19 17:15:42.238,pro_CxBe8FxqDnDNzw651Hiu1W,ken_app_prod,db33f6626715078968acf74b97a298e9654b4220631f2fd610d96a0743ff5fc3
356,2020-07-26 03:13:10.739,2024-01-10 21:21:44.069,pro_GqhGCmM8Hpq2KKoWSKDJUa,ken_app_prod,b09eb44f26cbf75242ed066128328208dd476734a4b7020a7b58336dd9d40211
3568,2020-07-26 03:30:01.684,2025-07-15 14:34:52.871,pro_FxT3YKiGUGDrLnothKDFs2,ken_app_prod,5d60ff7287c688fb37133313e675e4c80b7c6b95bf1e253fb9ddabbf7a120fff
3584,2020-07-26 03:30:07.106,2024-03-20 15:55:00.205,pro_7yCG3z1VAC9oC5F9T7KLc9,ken_app_prod,6db7d2db9938cbf24d471fc84b647985e9b29b0995bb985911faaf2eada5eee5
3594,2020-07-26 03:30:09.700,2024-03-18 18:41:42.380,pro_QwigatTDuyhsNg8mv9x5j4,ken_app_prod,19b5b5422e819df045e7cb1fa44775a66b86832aec6abe83552bc8f7e2bbff5a
3595,2020-07-26 03:30:09.980,2024-03-18 18:45:16.538,pro_GRygJotdC5kkM4v7jCfYUW,ken_app_prod,09f77297446874aa52c945b0a7e58bbaec980592b4cb5555f4b59198e7a3a893
3596,2020-07-26 03:30:10.258,2025-07-15 14:34:52.325,pro_UkmuRmsT1DrQuWsY43SZzR,ken_app_prod,1d81207372241062302d6ebb411b0ed34d937c9f9813b3b49849519fe6bb099c
361,2020-07-26 03:13:12.065,2024-03-20 14:57:49.962,pro_JAarjqh8cw1YtyL8MMYx8,ken_app_prod,156792155dae1088adcb35057805048661e2e4294691de340145ec9b939d814b
3612,2020-07-26 03:30:14.293,2024-01-02 19:22:37.401,pro_ipgF2qtsbtozSEGunyoGY,ken_app_prod,a16c82b666433097a03b67b5cfb733dd30937bc61e1fec1fecbb1f8f447b0ac0
362,2020-07-26 03:13:12.882,2024-03-06 20:50:13.510,pro_TEVigumPY6SjUToKuTDiDC,ken_app_prod,a7a86139bd008f5df682264979a49cbd21fd9a9ef7800e361342d906c387786b
364,2020-07-26 03:13:13.461,2024-01-11 18:23:13.828,pro_HztUNtkWT6NZEQE9RGtQi1,ken_app_prod,53381f9d3376aef71760dc01846ec2a713c44fca13e9ce0245da999382fdf728
365,2020-07-26 03:13:13.964,2024-01-15 19:00:12.595,pro_Y96FZ2BrYPYCnZqmdZvFZU,ken_app_prod,f706055c2272ada30cf58fcce3809ca03f7ffc45729a9ef2399ab656a5ad990e
366,2020-07-26 03:13:14.886,2024-01-11 13:56:34.830,pro_TGJhA9ZQsyGNSCVz9wSoUa,ken_app_prod,dace4f193b3c41e819d192c400ad99754bd83cb721d3e6e351c3a05d9ca7aab6
3676,2020-07-26 03:30:30.548,2025-02-12 20:04:28.640,pro_9SJqWoreZzLgriJScFgZug,ken_app_prod,ead9661390568720bca30271e4ac9487dd06014c65355fe34938b763a1f7eb0c
3677,2020-07-26 03:30:30.887,2023-11-27 20:31:16.893,pro_RCVTvQCwJwnKo8mUCMin1d,ken_app_prod,45be960028fda4669e1313075c52a9ffe011a39fb33851361609577011c0d1a3
3682,2020-07-26 03:30:32.355,2024-01-30 17:16:24.726,pro_2TAc8bd4fzvSb4qWH7pgq4,ken_app_prod,f14bd38eeb0ec0895cfb57d1b110bd53f25c974ccb673288f7d3243ebe46e648
3688,2020-07-26 03:30:33.787,2024-03-15 20:07:42.212,pro_PdceJJdgLfypibfMCwxVvi,ken_app_prod,8e3ae749f25b2b9e6d8dfca1b0de5ec87b4eb0815af66a08382c7fdecde739a0
369,2020-07-26 03:13:15.622,2024-02-01 21:06:57.208,pro_D62rDUJk3ThfHTszm6gsG1,ken_app_prod,7ed3c259dc5d54b934d4c866d0c6072efcc43bc9f06bcdaba8d65dcf0ec3d0aa
3690,2020-07-26 03:30:34.239,2024-02-02 15:26:49.212,pro_WwfoMhEi5Zg8a9zULJDhB,ken_app_prod,ef9193cafec8e49aff259ffe6c6e56d5f50dc2aaaf836dba3af86dea2847ed83
3692,2020-07-26 03:30:34.711,2024-01-30 17:37:33.234,pro_CNpumq4dEFnfxGX1Lrxx2g,ken_app_prod,b2128b32781720d854caf582a09f655b15e685eace537f6db129b66823d1cc16
3694,2020-07-26 03:30:35.161,2025-01-03 16:33:27.970,pro_NWZHZbtkL4iCec4nJtpox5,ken_app_prod,dabf7771ef175e6e64a45c8a99ba9d57ac049dcaacdb7a153b1c9a3e59c75e81
3695,2020-07-26 03:30:35.396,2024-01-30 17:37:33.234,pro_8Nxou3yo9CF2hU49k5Bpe3,ken_app_prod,794771dc0c5807e3e262a6f07c5804171a8807baf9cc29920e2528adce83ee37
3696,2020-07-26 03:30:35.609,2024-01-30 17:37:33.234,pro_5qmBgszreQddQSY2qBkKVq,ken_app_prod,c13f6438c21235a72fd37d0d379e9d003ac06a1e204ad9df97d60c629684fef8
3697,2020-07-26 03:30:35.828,2024-01-30 17:37:33.234,pro_2cV9U8rSmBmfAtD5hXacCw,ken_app_prod,3795ee065c88dfa30d70987ba1e0eefa09c6576651c34ed8d5ef0403937eb3b3
3698,2020-07-26 03:30:36.051,2024-02-02 15:35:21.798,pro_W7dNH9cXeu1NJYbxDAmvko,ken_app_prod,7ddc78acb0d05ca1a56d12c06deddc62657401a4d1b255c6ddd3f16f405cbcd0
3699,2020-07-26 03:30:36.291,2024-01-10 18:23:47.710,pro_8f3cKEExUnt6EeaKTZV5SV,ken_app_prod,ffde58660e18dd0be57e4c94850ae0aa8a56982004df94418f848d1b5ac1f1f9
370,2020-07-26 03:13:15.924,2024-01-18 17:16:36.553,pro_LBvt8QvDK2QaJwn2pUWZAM,ken_app_prod,8e109bcf0ecfc858d0e1d7dd5dd81a5b652704bee89d4643d0b398ca9e08bfc7
3700,2020-07-26 03:30:36.528,2024-01-30 17:37:33.234,pro_Mis15XGtVgGCaSbu8myDSt,ken_app_prod,ce1516dd816c63768d49f8f75852bf7a7cd51e87507637a4a318dab1c0c8633a
3701,2020-07-26 03:30:36.751,2024-02-02 15:37:40.809,pro_2N7jeFrQeBajoV4VqvPHiA,ken_app_prod,b448e033899854850d26428646382412c661a39f48c018d8f6b9cce085ff2192
3702,2020-07-26 03:30:36.961,2024-02-02 15:38:14.807,pro_QtBzfNCD341EsYas1g1RPQ,ken_app_prod,899c77e2f3d81c448dbb46fec86f9a3668adb4190b838434ca731aa00a4c4e2d
3704,2020-07-26 03:30:37.423,2024-01-29 20:51:52.063,pro_XhDqbJku2J1W6A5fn92dx,ken_app_prod,8bee0544f263f9e2547d7781003c4798da9109e24f4f2609c60f3d6e1f99762a
3726,2020-07-26 03:30:43.001,2024-01-25 15:33:12.765,pro_7tSLsEYSM7KL9wLUGP4u3v,ken_app_prod,368e233423105cec350e143bb3ce1d03034a5fdc67ef33889ce852e054a56ebc
3738,2020-07-26 03:30:46.070,2025-07-15 14:34:52.607,pro_6mVMyVqtwwyMSFoCMNjjc4,ken_app_prod,a2dcd8898d0a5848f5dd54ecdadbb44af5f50cad0c10625a7616f713929d1ed4
3739,2020-07-26 03:30:46.291,2025-07-15 14:34:51.634,pro_6V7Rso83cTQr46ZrF6YQva,ken_app_prod,21601d4769819a18d03fca9c20a94271a4912f7471ce40e37faabcabffa19bf9
3745,2020-07-26 03:30:47.707,2024-08-16 14:35:26.364,pro_PV9RwwtwfFRHfHQapHy5AB,ken_app_prod,7567aeb7191a88ed32be151afa2e13006933b182b91563672c78bad04acf6c84
375,2020-07-26 03:13:17.286,2024-03-13 19:43:28.167,pro_7tnjsGocNkj5P4Rw9Wms8f,ken_app_prod,e75ab7b2fb8570fd0092ed45e38420f725dda395f8c45aae0468a17a4898b416
3755,2020-07-26 03:30:49.946,2024-01-29 20:50:55.991,pro_3wkzrVPnXH3iJ65p3qoxcx,ken_app_prod,35761817a4acae180263fcf2f215acf9f2d006c7da71b9a156a659d18bd3f271
376,2020-07-26 03:13:17.576,2023-11-24 10:55:52.105,pro_Q2vSb7uTwCtMJUXKMkGHH2,ken_app_prod,62a0673cc4396c4d51acaf17f960f4d60ba0a7c88a5d5fb407d3b77972cccf03
377,2020-07-26 03:13:17.874,2024-03-14 15:11:17.973,pro_TWumwwFaSZBh3Nf415L5sq,ken_app_prod,b0496c9d7e1a33f1226b14327899e101cdd016b14cdf23a0fdf732f4f32cb893
378,2020-07-26 03:13:18.241,2023-11-28 15:53:10.739,pro_2nW4JAFYjjiAyMT7mBzBft,ken_app_prod,689a44dc38866cb3057fced0ae07df07a7ff4e199add1db5cc7b21d9d79e6e8e
379,2020-07-26 03:13:18.528,2023-12-11 20:47:06.241,pro_P6MV5V3YHHnsbHT5qbtyGX,ken_app_prod,8985393ba503021a6d7939157979a8cef917608e546dd42e02b16a3645b28512
3799,2020-07-26 03:31:00.986,2023-05-20 16:18:18.242,pro_EZ73wGfW4AA8bUELWUnfEH,ken_app_prod,0927043f709a18ce3dfbddf20ac9587d10035026b2c86d447bb6c3d7aff66d00
380,2020-07-26 03:13:18.785,2023-12-11 22:09:59.937,pro_GV96F27T6YmNaSBTWY3X6q,ken_app_prod,104147ac2e271d679721fd6f677e3a874c979b149c541e4c4656f1c988cc8b99
382,2020-07-26 03:13:19.272,2023-11-24 10:55:52.105,pro_SK1hP94NdC1V8oMkcsTfDY,ken_app_prod,87dca2971e6bd47051b43cc0b4e4d5771fd5aca162e9e59b9b87ea8b71a71d34
383,2020-07-26 03:13:19.568,2024-01-22 17:39:21.119,pro_DDpdWpDp7dzMMiiRwmfJKY,ken_app_prod,4a99d04caa0c5dfbb7bbae429cb0f437ba5affd1c2118983e8f7628ed3aafb41
3858,2020-07-26 03:31:15.330,2024-01-18 21:21:45.260,pro_Ts1z8BNF6gW1fCHAwALwsJ,ken_app_prod,8708f1b63990dbb65a5f5da640cdb396ff674623794227d07ff05c44e11071c7
3859,2020-07-26 03:31:15.536,2023-05-11 13:43:28.714,pro_GsSVaKiPqazBaKpzHH7PGn,ken_app_prod,4c732b9eb315e02c72b6261db8babad4666b065199b61d89d4f795057d402d47
3860,2020-07-26 03:31:16.276,2024-08-16 13:49:55.723,pro_A2grnJxFFer5dfSqwfxsXn,ken_app_prod,70c3ca121d3781c77dfdd60791c228ad634e799b6b0e54e8b678361ccc25d95a
3876,2020-07-26 03:31:20.820,2024-03-18 16:53:46.733,pro_LsGJnWux5zmyYmymofk9BQ,ken_app_prod,532f2320894dd7c5a4bf2cab77714067ecf3c7a462fd47d93e3c632301e91255
3878,2020-07-26 03:31:21.267,2024-03-18 18:01:32.502,pro_LNBBLYdvtJA7GxLQtXBwYc,ken_app_prod,499809ee0de00957b3d5cadb8c3f2be620624fbec7f02d2416fb98a9b6731119
3879,2020-07-26 03:31:21.480,2024-03-18 18:01:42.969,pro_V3f56Qf7hKFEPyaFgnCSiT,ken_app_prod,7f5accb09a11d24d4fe7701cedc0d54980b3996e5bda0a5286ae594cd36ebddc
3880,2020-07-26 03:31:21.688,2024-03-18 18:02:52.675,pro_Wi2NUaqBAavJYk2Rkm1jeH,ken_app_prod,9a27386b25799fa7246ed93a54a9ab9900123c6d8130251bf62c503a808e341a
3881,2020-07-26 03:31:21.882,2024-03-18 18:03:00.354,pro_VqXCDZ8cKGCguqH2dR1j8d,ken_app_prod,49efe8535d7de8062ed0fc4ad1f389b3608aa7e4383be3fe2624f5f14e0a8d98
3882,2020-07-26 03:31:22.108,2024-03-18 18:04:35.505,pro_JztYxEr1whiwZN23CyZm3j,ken_app_prod,af5770aa1258977428b65568d2e0fe9c6683c4cdd270647841820b321865503d
3883,2020-07-26 03:31:22.313,2024-03-18 18:04:45.679,pro_GgKT6fLGRyXrJJwx7UmJoW,ken_app_prod,f1f077bb9caa1b8e8eefb84602894d5fa63152a89ed14a4f4f59ab13edf6d73d
3889,2020-07-26 01:31:23.795,2024-10-22 15:38:41.301,pro_QTdpM21Ax3nwdDatbQG2Mx,ken_app_prod,da475489a4aa74a0de999a6b23b51a7ae2a626a1efd1b87919a9ffcf356e5fbf
389,2020-07-26 03:13:21.081,2024-02-29 14:02:41.629,pro_N7eR2XC9zVYWuhPE1bwoxq,ken_app_prod,41bec7a6d295c643367faac89a53ae04933ec12f9c5d760c1f08b0475cdc02f3
3892,2020-07-26 03:31:24.474,2024-08-16 14:55:04.002,pro_MG2zSSSw6vT7NUATbsUJ1w,ken_app_prod,c586b9f9cbb38bbfdbce3f57b04d3a43d1cbce4a3f4bd2ec875bf78271fe32dd
391,2020-07-26 03:13:24.086,2024-02-27 19:00:48.346,pro_Tjqu4B53z6nuwn3cpp7ATi,ken_app_prod,d552df5078731c7b7e8920cc8a246b8b859f56881c1ff104552e62aa0f53dcb4
393,2020-07-26 03:13:24.751,2022-12-22 22:45:35.236,pro_PpNvoW5AjGRA7kD9ALaQ5f,ken_app_prod,0f1dbbc7f07421cb1e760d86a33254569418dd6d1b4b1973def0c078a3cbd71f
396,2020-07-26 03:13:25.570,2024-01-10 22:04:21.737,pro_7P9zCn5zwvcxiKeyjk2UkQ,ken_app_prod,ee92f3ef8ab1f4bf44e954525217fa564875aaf25f3cc1bb84df78f936cae02d
399,2020-07-26 03:13:26.383,2023-12-04 14:49:53.955,pro_HrvYyBtdEhSPoJGayHPDTf,ken_app_prod,eadbec1c01e85f18ccec287dab18ecc08c3489231bb7ec8abe6e97affbbe38ba
400,2020-07-26 03:13:26.668,2024-02-07 20:24:19.557,pro_S4AXzUnxJbXo226Zy7Fvoa,ken_app_prod,52ac8561f17e02658156915ba079b0fe1608aebc8421b8f117d008d21ddf331b
4001,2020-07-26 03:31:51.203,2024-03-20 13:51:19.024,pro_Sxc1h3fTFSJiE8e2aA4dg1,ken_app_prod,556343dc514831f806c983d3cb169f8567210ab77d37c18c9158bd74eafca6f3
401,2020-07-26 03:13:26.968,2024-02-05 20:27:58.200,pro_6hbE1X1i4Nz2Gu5JZsZRFz,ken_app_prod,3eadc9cf37ab7aa1f667133db4e9a49098326a5b779cd2fd821892a546167591
4010,2020-07-26 03:31:54.121,2024-03-20 15:57:29.663,pro_4y8RZAKqRoqKoq2cYgqcTb,ken_app_prod,8f234e0e0d9d8da2a0136eca9273e222f687e6209848311b9fbb35ff604b2606
4013,2020-07-26 03:31:54.846,2024-04-29 15:52:17.644,pro_MukPSBfpVpBpKptcP2cUij,ken_app_prod,0e238ef93c16a6efface79db7d80ed1a67a121a6ba78b06f81ae206294b5a781
4015,2020-07-26 03:31:55.261,2024-06-29 21:02:46.225,pro_Jsf4oFvRXD6iKY86y8vTJg,ken_app_prod,006c4106b2bd3a805f0e17c901bae177083c22c89c384feedcf598246e139f5b
402,2020-07-26 03:13:27.308,2022-12-22 22:45:35.236,pro_N7fEdcGxuhgRwZVnEjBsDu,ken_app_prod,2c98d095a4759b09a922fa62ad05c498ec20ff646411e72fe2044ec9aedc2e8a
4026,2020-07-26 03:31:57.968,2024-03-18 17:57:32.514,pro_Kt6svd1himYo9yRtmYXcG8,ken_app_prod,5bb3746a52eaf607653986e8d7f20ab36a8ff49e61b7ac824e70389035036c52
4027,2020-07-26 03:31:58.263,2024-06-29 21:02:46.225,pro_YZGfaaJ1BMFhj2KSvUy1fQ,ken_app_prod,b9b1e105ac3c8d7a30ecf5a3bf35e515181cc77893d0fbff885956c7bda89fda
403,2020-07-26 03:13:27.773,2024-01-19 17:48:13.622,pro_NsC3gJY987ShhXLr5j1XK5,ken_app_prod,f5a91f8786a5c65bc7e3a89131151ea17cc0ce37f92e38d3c314dc2ccd8712f8
4030,2020-07-26 03:31:59.159,2024-03-18 18:46:56.570,pro_YX1t3rdvDuoB5sEAL4uBrz,ken_app_prod,f126eabb4d1ab34eab40cc61991a7919aec086b374f1f10822ebf011e9ed66ba
406,2020-07-26 03:13:29.243,2023-11-24 10:55:52.105,pro_9HbDzrTdXX6H2UUJDtG78J,ken_app_prod,aabb332c43eb5f946b6b0e5280a301e06c2875f4deb042ab610a08dd170c82c0
407,2020-07-26 03:13:29.572,2024-03-18 16:50:36.543,pro_HHR9Kn62oy5wBpSjKPq3Z8,ken_app_prod,67dea3da79e84e756fbebd288854f1d8e1e70fb0d570a6a5af4aae193c958d8e
410,2020-07-26 03:13:30.504,2023-11-29 16:10:27.239,pro_RmzR6NWBBqBJHBsDmcq7Hr,ken_app_prod,072db9d0afc7bd434db496d6e9cb05c46a1ff9c935a59406c44bf0531aa71d56
411,2020-07-26 03:13:30.820,2024-02-26 15:18:57.956,pro_QqKh1FUcYEeKn6uFE4VgSR,ken_app_prod,989884fa1a39a4a0cec872939011a2b4df8a81807db6ac6dfd0c7986a72f01e9
412,2020-07-26 03:13:31.366,2023-12-29 14:48:34.698,pro_WMN4bGTBGHxt84CpsXwCJR,ken_app_prod,47ffa4ec303c7ea97bb5885e91528d9833b0f4677a9d6b39f358ce1dbb351648
414,2020-07-26 03:13:32.058,2024-03-15 18:41:25.464,pro_RfKCZhZBkxUAHvbPBJMnJn,ken_app_prod,8f24f2f0c28aba6afa196fd518b165f0397ba60db1776960c1e8f7726c2eec88
4140,2020-07-26 03:32:25.988,2024-08-16 13:47:02.685,pro_KQb3GHjTDcjwR35XX6oA69,ken_app_prod,0c145ab552b564788de91786a34a349b0363f501d764eceaaa2e50b9d57c12a7
418,2020-07-26 03:13:33.119,2023-11-30 21:51:53.314,pro_5SNsngMz64Dsf18cPCdgZc,ken_app_prod,f7f6e6fecd5288b697366c99761b6d2d09699215c7391da209e0c669bfbbf677
4185,2020-07-26 03:32:37.442,2024-01-10 18:48:02.193,pro_No52BvH9mnLDKvWey1iJLj,ken_app_prod,543f680c5dd7ebe542187f23d0c3176829ba426d743514c3936d9fcb55b5b511
4186,2020-07-26 03:32:37.657,2024-02-07 20:12:38.590,pro_KGyD7XxJRhgh9Sw5FxW5Ru,ken_app_prod,2ab2fff5ff3600225b80bcc52ba119f63d90e22ff4ea52491604fd33866c7e46
419,2020-07-26 03:13:33.433,2024-01-16 19:06:14.876,pro_RqgMTjoomzCBtMLnxAPGAF,ken_app_prod,45b76802c30bf078d52bfcb1cc8f6b5dad3defc02fb0a40e8e470df03b10b930
4198,2020-07-26 03:32:40.491,2024-03-20 15:56:07.541,pro_KT2K7F3yYX32CC7mNFKcRc,ken_app_prod,11eb291a8d65dbf3ac11f1a38b9aa36372d54831db59ab74228b29544ee04a50
4199,2020-07-26 03:32:40.717,2024-03-20 15:56:20.329,pro_FrdqiT4UHdiGKCQuP8hF8L,ken_app_prod,0286e03a93719122e1c58baef0d7b983eedd18bc801cbd7605c86f08e8535d43
420,2020-07-26 03:13:33.884,2024-02-21 15:19:24.551,pro_8oaJnvqawtm4z4guFau9T8,ken_app_prod,b9625cf6a0a31a613a1d9c33e5648f018e6b122c03704f9812d95dfae1013f2a
4209,2020-07-26 03:32:42.961,2024-02-12 14:31:26.708,pro_TvJoEHoa8DuiwN6xXrgPch,ken_app_prod,763017c81afdd54fe25918cecbf97023cd8c91724bd6e0869aedd5491ba52b90
421,2020-07-26 03:13:34.335,2023-12-04 19:35:27.492,pro_LQAXjirp8XLVg8i1i2rpTj,ken_app_prod,38b13eb8cb593569e5f0052e0be6e1588081e054047388899c491365f9bbaa44
4210,2020-07-26 03:32:43.168,2024-02-12 13:14:06.041,pro_HD4vgsAq8yQUakJVF4LWy9,ken_app_prod,096fd881ae51ec9f8a2cbbff4bb37ef14f8c4c67fc15047719e72028834a4757
4211,2020-07-26 03:32:43.373,2024-02-12 13:20:00.406,pro_qA9ZCe2WfT4D5fi3aMZh1,ken_app_prod,70339d40d8a78d5239a8c00263d125f4f787e27528c2511e2594462c407cd5ad
4212,2020-07-26 03:32:43.589,2024-06-29 21:02:46.225,pro_S8Xa9KskDU5U9rnYqg4V58,ken_app_prod,38afba65cd8d0066c4407294a04edf966a75cc90bd0164dc65292daf658eec2e
4213,2020-07-26 03:32:43.821,2024-02-12 13:26:10.050,pro_PYVUoZgeXAbh18c22heYbe,ken_app_prod,315f420f91a41fdda8b6dc50b1e1f486e9961a15a3b8e6888c1c51e213e0462e
4220,2020-07-26 03:32:45.481,2024-02-12 14:29:07.487,pro_9eXXV63n7Zwz9tcuBLqzFk,ken_app_prod,720cedb45a14877442275ecf301ae662df9734678e5f5230c51ded343ecedc96
4221,2020-07-26 03:32:45.710,2024-02-09 16:13:28.151,pro_MYduTPAxr2wSAEGuNkHBch,ken_app_prod,269d8e7090cb18c9a19117149d3caf35fddb0cbd3ef9b2a5be28482e008c52b4
4222,2020-07-26 03:32:45.923,2024-02-09 16:15:26.404,pro_NEw2NMVU29L8eHEMifNFfs,ken_app_prod,a533b6d82876d1ce6015ed6987d63550bb90c30149aee7293630f632f7d0c87d
423,2020-07-26 03:13:34.906,2024-01-30 19:44:26.765,pro_9kwsT9vprfKQoPP4Ub9Zrd,ken_app_prod,38e3aef2b3e08fc219ccb6fb479c3b3678320d53fe0546603e86b31133268473
4234,2020-07-26 03:32:48.859,2024-06-29 21:02:46.225,pro_XojaLSFnrtjNwL5QorB3qH,ken_app_prod,a4550eb66ef132528db9011ae62fce2b69102c4bc206bf447dbfc181b883b1fe
4238,2020-07-26 03:32:49.892,2024-01-30 17:40:43.536,pro_AvMzw5NVUE1qYRZuVpXbg6,ken_app_prod,3f3540c315dbab8721d6b7dd541399abc91c29ea65fc89aa238f01d7c0bc9fbc
4239,2020-07-26 03:32:50.114,2024-04-29 15:52:17.644,pro_G9ndoEJUFB6BMcpcHgfkV5,ken_app_prod,d1938ed4411910e052570a729ca4c7e0805424eff40c37dc8ed2e690519b3cdf
4244,2020-07-26 03:32:51.229,2024-06-29 21:02:46.225,pro_7VBCTRUHnH8CEUbWyezmqM,ken_app_prod,10139a3f47e69bb8d05d3e5500390eba5bb49579c018754bc71c9b06d05a081f
4246,2020-07-26 03:32:51.879,2024-06-29 21:02:46.225,pro_8Z5SXqxJAkKKtVJZriXLoK,ken_app_prod,87a2a671eb15f1525256efb96b384ec3a2d214ee38a00722f18e4ffb4d53a24f
4269,2020-07-26 03:32:59.083,2024-01-05 14:42:34.418,pro_QcjkJpUJXuVvnCbDRWmoUh,ken_app_prod,03d184521040143c74660bebcf6908efc32eb279c1ea8b7f5104531eee8f569c
427,2020-07-26 03:13:35.977,2024-03-14 15:02:20.269,pro_ExYWVZma6LX9YFgHyHz5Rt,ken_app_prod,09d5d7688832d7920513d9b61e6ee87282508cca1b5633f3ce573e020768668b
4270,2020-07-26 03:32:59.292,2024-01-09 15:45:22.877,pro_FbpFAjRqreUQ8CB1n1fY8o,ken_app_prod,f2ecb529f798a3eff3c7c1f707b1af57f370ab7b771758e3b9276fead978e820
4271,2020-07-26 03:32:59.508,2024-01-09 15:56:32.641,pro_BwqFUXLfnzLtKUDumaAxg9,ken_app_prod,954311e8c48d21be264b6225965ec1b44ba2e4bb433eb920536471d8327a1485
4298,2020-07-26 03:33:06.145,2024-02-12 14:23:49.911,pro_Wkab5PwDbP9kDtaTBBncCw,ken_app_prod,3614b3dcf9d59b25d4dcfa75fe0d543ca3d7675cb4985c4e649d0314d91d1522
4306,2020-07-26 03:33:07.939,2024-02-12 14:26:10.022,pro_JgsncyxuZAmBtRkAWx4auw,ken_app_prod,809d45c27efa7657279db064397ce06262d6c0d9538eb82db7ecc6d1db7e71fc
431,2020-07-26 03:13:36.945,2024-03-14 15:05:40.589,pro_6wLYzCt2FBxEQtTZAg7uw4,ken_app_prod,281d8a3eae86cf0cc3cc21a2bc79cff148d69c1fccb157ecc51710661482c6a6
432,2020-07-26 03:13:37.423,2023-12-26 20:18:16.451,pro_6NxeTHt1yaAEqu2C4usbEB,ken_app_prod,2ad4698c7c831caf2e9d6ed26be87a7c63225d1be5dccb6fc73556d062771868
435,2020-07-26 03:13:38.191,2024-01-11 13:54:10.832,pro_VnntGy6SSwRJf4kU4ugnqh,ken_app_prod,4b8f8f852a25ec2a8b4b8a2cd3bb3606ef21f37dabacf4403b29d2f7896de257
437,2020-07-26 03:13:39.255,2024-01-18 16:46:55.483,pro_REZxj7yQwQHe3VoAFsdSKS,ken_app_prod,0bc8545152d25cd543917e7fc02bb42e602fbdecfc53a478f43dd86601ede5f8
440,2020-07-26 03:13:40.676,2024-03-12 13:11:04.762,pro_6sf11FLKnTWun1QPujtxRp,ken_app_prod,f6f06da4b1bccd7be8cba924c7f75ff6e03a562e183f1212e7231555880c068c
441,2020-07-26 03:13:41.238,2023-11-24 10:55:52.105,pro_7rzmSK9dzQjUmaUx1ZHFzg,ken_app_prod,b4bfd4b88eb6cf27e4861edd1c678912a2e3a0f237b8aa09b69c424028b016be
442,2020-07-26 03:13:41.550,2024-03-14 14:54:25.628,pro_AUmHsyVdYYcWuGptmvUShB,ken_app_prod,70700ad772a97b738b9c71f1fb5280ede28ee1271936d65021b5dc8db88597eb
446,2020-07-26 03:13:42.667,2024-03-06 20:09:27.498,pro_CSwr7e4FxfLSM6DGM4k1b2,ken_app_prod,47a483b73c664306fad148586668009ab8f3a381f42e4256df0028f3fe8ba09e
447,2020-07-26 03:13:43.021,2024-03-11 16:45:01.043,pro_NdMjQbm979wTs8ibE33e9C,ken_app_prod,c52ffb783a9ba685297fb0af089087546f31f0a077379396dadf2d3757d57104
4483,2020-07-26 03:33:49.525,2023-12-05 14:14:09.795,pro_YCngAkmeLWnpQ9TTWpvQu5,ken_app_prod,e6fdcc8ead1db4674bd4db77980de2d298f96659fa48c3c66a40526e6cf5fb98
4484,2020-07-26 03:33:49.746,2023-12-05 14:14:21.761,pro_G9eUARSzZjwZLaGCMhnahP,ken_app_prod,2984ecf09febef06051aa6555fd2cb909f3c0e0d1fe4213e00394cd84c9e5617
4485,2020-07-26 03:33:49.952,2024-06-29 20:10:19.137,pro_Q6WDv5wU7urujGmxg3TsDP,ken_app_prod,c22394b1037d03967c5104b964f986f7cd569358355053a43d7e75b9d61818c1
4487,2020-07-26 03:33:50.422,2024-06-29 20:10:19.137,pro_MMNNaGaCsi3ezSPbyicyde,ken_app_prod,37d8b6075a6d1500e06304863f546c1c4248bcc1ccad057d73dce19bda19174d
449,2020-07-26 03:13:44.378,2023-11-24 10:55:52.105,pro_R2RH1oUWyKQZYm8ScbMu75,ken_app_prod,ea37968d9442755ad2ace00543c834bfa0744945369754fd8906a77c9533b931
4497,2020-07-26 03:33:52.672,2023-12-05 14:16:10.626,pro_X5DDbFipURGJPEeMwfEzr,ken_app_prod,2ee4f96d24438cd4e1505fa85339d5c41f2f759c6bda248f042d25ccdc182945
4498,2020-07-26 03:33:52.885,2024-02-28 14:04:22.670,pro_XZpyumzuPUoWKxAeRszNwF,ken_app_prod,6db895d7b3e70add0ba3fb27b5d4116f4bf6000775fda51af04dbe6deb499b8c
450,2020-07-26 03:13:44.985,2024-03-12 15:27:13.640,pro_59kJQeeG6Eejy5RaTeK9GX,ken_app_prod,99372b1fb23a908b15555045119d58c8973dd9d79f7a86c5bfad9ff429fcc74c
452,2020-07-26 03:13:45.524,2023-12-15 14:50:09.546,pro_2JaQ8JM69qn3xNKgP2SvBi,ken_app_prod,34329ae0a4bfb2ccbbe7b489cee139ea33243ab853b3e16b910fd0c1ad82875c
453,2020-07-26 03:13:45.802,2024-03-18 15:43:36.700,pro_QdS5QHbitAPQ6RNuq5p3Ej,ken_app_prod,e6e3287f7592b7ebc9dee91547811a10e1a30130fc93e6f0a4bd80e92de16eab
456,2020-07-26 03:13:47.258,2024-01-03 12:57:10.342,pro_MYSz9oVfgibkwEQPutpPfC,ken_app_prod,f6f02936724f139eaaa4cf89923a86b1a40bceb6fd73cbd20f3c5da436689286
4571,2020-07-26 03:34:15.690,2025-07-03 16:12:46.792,pro_UFnVVANuVN46FfmMcmbogn,ken_app_prod,169dbfa6b2ff3f7c9b4e94ed5c049ed376a82587787381b32cb08e0941177dad
458,2020-07-26 03:13:47.784,2024-04-29 15:52:17.644,pro_FQSgstbqvfeM8d3Jx1EwrL,ken_app_prod,e5ca69aa37c9e0cec1905c7d02c9bc4efaeb515a2ec1d36981b9483279b277c3
4591,2020-07-26 03:34:20.541,2024-08-16 14:23:34.588,pro_6cwvVUmdQyu4kkALDUGDqa,ken_app_prod,ed4bf2c13c36ed5738c2a6a5e2ad3121c7306484de9ea17fb60662d33fb8c7fd
4596,2020-07-26 03:34:23.918,2024-06-29 20:10:19.137,pro_9qV5NkwiskoiRY5rcyXQGs,ken_app_prod,c46e471285870bcf2001e4efa95a96bef9fc9d8f40a881ff9ae59ab8d1760f75
4597,2020-07-26 03:34:24.140,2024-06-29 20:10:19.137,pro_SokA3Y89uWnJvCMCc3phiU,ken_app_prod,a97109bf91afd637b1fd5562a15b4e37c825f3913afb2b423c17b50ee37b7571
4602,2020-07-26 03:34:27.350,2024-08-16 14:07:42.684,pro_C6Dd3qJ5EJjoFcBEPpmma2,ken_app_prod,e1c2509000fca53f91052b1ab5311471cb457f273435da4ac11ef56cc7de46e4
4605,2020-07-26 03:34:28.276,2024-08-16 13:54:44.135,pro_FPbP46fAVuMnzLgtgDmfNj,ken_app_prod,d831c343f589b28cf2d3c1fd90fb01efad93d8915f74a17d78a0e2b55ab54231
461,2020-07-26 03:13:48.644,2024-04-29 15:52:17.644,pro_9w1L6LVXpjFGirPw9jvLEj,ken_app_prod,620157a8a34f816be72ac07813618a1dedf94ea69b61dd80bffbd726ee9c614c
4626,2020-07-26 03:34:33.606,2024-03-11 15:44:54.071,pro_B9mfKaPMd4jmoNUM4bjJB8,ken_app_prod,209b2184dfd83bcf35217ae64a8c6aafc039f9d21536960511756898f7bd6b9d
464,2020-07-26 03:13:49.395,2023-12-08 16:30:23.221,pro_Cj3fTRZ9NyyvGszKVGYDQe,ken_app_prod,c4f2679263a678c416d4dd97051094e8c2ca7c01a1db3992b79588439b151204
4642,2020-07-26 03:34:37.702,2023-12-11 17:49:07.237,pro_LgowFG1AE4EuGM5EANjyR,ken_app_prod,17d64ccdecf4689bf32d54f5f2473b80519209fc36253ef586c429efe50fd5fc
4643,2020-07-26 03:34:37.979,2023-12-26 21:09:46.146,pro_WPFhqLvD4423xW7XuZgBtt,ken_app_prod,cb9e80e4c1fc3eca0d0d871a54bdc4506a98f0b447fc798c31391850d5b0ac12
4644,2020-07-26 03:34:38.188,2023-12-11 19:06:48.941,pro_SL6WbBW8x1P4kyBUmM2iZg,ken_app_prod,4471ebd91f45a37101afa21130bcf11a9bce8e12d689bf5792d2f39e1a19936a
4645,2020-07-26 03:34:38.425,2024-02-12 14:24:14.815,pro_49FskxntV2UzxcCjfuLM8b,ken_app_prod,2932a55d71d860eff17c62d530786e9539d919f1fe5c3e7d42ca2b28c991195c
4658,2020-07-26 03:34:41.530,2024-07-19 19:21:01.946,pro_FDgqigYAq2NcTnEK7XJ9xZ,ken_app_prod,4a76d421f31e7dfa24e5a89c7c2d5e45ee881afc1d676c08998c493225d16c37
468,2020-07-26 03:13:51.625,2024-03-11 15:19:07.383,pro_VunivDFWQYNJkyPMuszhsV,ken_app_prod,2adad9fdb1f100ad5f91176170222ee545c6a11036570f955337be0787eec5cf
469,2020-07-26 03:13:52.010,2024-01-10 16:06:47.446,pro_XSwsFijUZvzpPxxiMiujpG,ken_app_prod,d47cc02c5ec0144287a9b876e30a59c18929976ddf1899486129c16729b49dc1
470,2020-07-26 03:13:52.777,2024-02-01 18:29:59.651,pro_86gqUhC5kBLeK1g7rypZ7K,ken_app_prod,a2c131d7fa391f9ff8e4f6b12cb5b51d54a3ed88c8e5cbf6c7377f36e76a017d
471,2020-07-26 03:13:53.102,2024-02-05 14:30:03.459,pro_9YnXv7D5YjQFWXtfRb6KFW,ken_app_prod,d51931e12ce7cc1c3ecfd64cc9af492ab56ba2001aa344286503e7376f60d1b2
4718,2020-07-26 03:34:58.346,2024-01-06 20:02:31.486,pro_FvK6S9d4frua75myS89X8w,ken_app_prod,9a78e074bdc2212abf219cfc29b74d7ab15589d495dee8bc0e2d3ee4fe9093c9
472,2020-07-26 03:13:53.478,2024-03-18 16:50:57.338,pro_EywFw5bqQD9mdYRc9RWvLQ,ken_app_prod,5b4126c45eff93a10819b5532b86a399a1cdae12c82d16e4dd97c0e1ba08b0c6
4723,2020-07-26 03:34:59.508,2023-11-24 10:55:52.105,pro_KTnQhHDavRh8EqqzxZAGHn,ken_app_prod,f456e6460741a8dde0862b58bc86d0f562e831dbdc3823486a86dd51418cb4fa
474,2020-07-26 03:13:54.022,2024-02-22 19:26:10.073,pro_YFMCeFHJXrkTNuDshT2BDd,ken_app_prod,997384c11708a028921a7a394dfc396aa96cd6e7b7c6958c6e4fe0939b5fa10f
4746,2020-07-26 03:35:06.792,2024-02-02 15:27:34.767,pro_Hx8xwiYM6nGrWkWLu5ZWgk,ken_app_prod,2f8cae8b22859df5197a77d93919b853f1f3fba1311e1aea29e3c76ffb313ead
4748,2020-07-26 01:35:07.332,2024-11-21 12:09:40.385,pro_BQGYceUZUNWXo8pVgmJwXW,ken_app_prod,4613ef062ed68538f1af0ed047e66ff2dbb79657fe853ff26f9207237eb041d4
4749,2020-07-26 03:35:07.587,2024-01-10 18:24:55.635,pro_UhMtK8dB6mXp8PVPHBontd,ken_app_prod,8df952b8fb847e29332babd4b7874198e07c1f056d84dfa06b892f4d8c5dc64c
4750,2020-07-26 03:35:07.833,2024-02-02 15:53:00.636,pro_VzYtkskznppsXD9XSsng47,ken_app_prod,ff9a294f8c7a02f3ca681118caa81d2bbfcc78f2178cab492d7e660667be363b
479,2020-07-26 03:13:55.245,2024-01-12 14:20:25.365,pro_WhKvBT8oxxPhG4iWAeBqK4,ken_app_prod,f6c07ccef4dad9d154b5b2530f28da95505c18b065eb436f41d25f02f754a7f3
481,2020-07-26 03:13:55.775,2024-01-11 16:30:16.027,pro_8R4gh6oPHBn2ksG1nnYx1i,ken_app_prod,b73b635512f14f71ada166a3ca05c163cdd48ad2f6637e41ede2d0eafb1f7a4a
482,2020-07-26 03:13:56.121,2023-11-24 10:55:52.105,pro_8Tz8BdzZhJcWPRv7v4xwVw,ken_app_prod,668d716d386a7dd8b1ec17e0d21375e639934963978b4175c9aad0bd3b2233aa
488,2020-07-26 03:13:57.688,2024-04-29 15:52:17.644,pro_RggdGWCX4QMv2DJgvt6KHo,ken_app_prod,ea35e03c2089bd500ebbd117c098c48e1f1f748d25e8286c6423041fdeebdec7
490,2020-07-26 03:13:58.437,2024-03-11 15:22:05.432,pro_NEzUWvsLyuSBujUx1pYdBm,ken_app_prod,e2acc1b6c6a0fbb4112bd8c3bb0e45c129695faad54ad3e031417369e5d9369a
491,2020-07-26 03:13:58.853,2024-01-19 17:13:40.446,pro_RSgWLecJ3myBZoYcRCe8iJ,ken_app_prod,0411be9051573e8d324a974a980e3bb065d826d611d98a6a3634c4be6f4a61fb
492,2020-07-26 03:13:59.507,2023-12-28 18:48:59.218,pro_7fPx6kKwbPpoNFemHCu1wa,ken_app_prod,8bff601b19408d040a80b4ba7e68294ed8954ab671933142e5c725563043b4c7
499,2020-07-26 03:14:02.186,2024-01-16 20:17:30.185,pro_QfNhAZFKh1FjAdriVnWU96,ken_app_prod,11dd248cf4b9da96c5b38c0e24e6c057042abb2abb0d1cdbb228b482bdf050d0
502,2020-07-26 03:14:03.616,2024-01-02 17:51:37.537,pro_HuFUMTHCpyvUvQ8LtXEKyd,ken_app_prod,45fd95f1a879a53a8eb4d843409aca9e4870586cf3986fe2bf76e7a4d57780cf
503,2020-07-26 03:14:04.155,2024-04-29 15:52:17.644,pro_H5Vr4HF3MbpeyGFfJ1sp81,ken_app_prod,65a9abd8c329817f7978d8c7e19e0cd3a30886350a7306b508230771abcb1b5f
504,2020-07-26 03:14:05.668,2023-12-04 19:01:38.338,pro_6rpHdrGUD51tj6Am85sWSR,ken_app_prod,99aafedd270cbbb94f417de3b9d981304a72709ff43926448ea3de191277794d
507,2020-07-26 03:14:07.156,2023-12-14 18:49:37.108,pro_NymrQXH2eBBS65ySGy4A57,ken_app_prod,db371e93b7a0a05e56085b6610a7f7e36f0985314fb9019aac9dac4965cae0b9
508,2020-07-26 03:14:07.495,2024-04-29 15:52:17.644,pro_JSJeLCTEKPAP8Hr6HxBm3,ken_app_prod,91ace271a58651a6c608e5c6c7d145c1b14b8136777c684588cade1930734e5a
510,2020-07-26 03:14:08.139,2022-12-22 22:45:35.236,pro_DTL4auFUDL9dvGnmJKKaNg,ken_app_prod,dec1da2226bab29f99bafee1933c6b83c6bb87952b1d1f8ed57bb735fbdb3ab2
513,2020-07-26 03:14:08.951,2024-04-29 15:52:17.644,pro_JNfZXEL6kB5qq8krugHpJW,ken_app_prod,1664dca0f670d16f1a458216caf08ca1f29bc9f238c7df554a5787c38eb06b3d
515,2020-07-26 03:14:10.455,2023-12-01 19:24:48.651,pro_QJPuxksbjY3mSXKpjxkmEM,ken_app_prod,aff6c0737cd5fdf4fbb3175858637ec7a9aa2088abb4fbbed426536ef494b8df
517,2020-07-26 03:14:10.952,2023-12-04 13:40:55.195,pro_NS339tfjsvVoayQBMrZoAm,ken_app_prod,9b0b6c95eb3c8ebb637f30efaf6c9125d937290e879b7a4029c4d34e9faeab80
518,2020-07-26 03:14:11.339,2023-12-04 21:00:55.740,pro_B41qEczY4xrJ3NsLK88SbT,ken_app_prod,dfb45f36addf53f657888cc939f05be0d9ac6c7093860830402ea26bed4ded09
519,2020-07-26 03:14:11.659,2023-12-12 15:48:00.756,pro_xc3co4mQs1rRWmmSHb5Aq,ken_app_prod,a22a32ad398a50209861b33de06e5f747ec5d85dd4f4c8bf95f8895b4b2c455b
520,2020-07-26 03:14:12.151,2024-02-26 15:17:19.418,pro_YcCS7dkj6M5n3Xs9nxsQ1f,ken_app_prod,a5d29d7438b5332bbd14aa2b2578729dde744f8b0a47433900f6dd6f18f67b2a
522,2020-07-26 03:14:13.636,2024-06-29 21:02:46.225,pro_Xq9L7NW9TEzyvKQdjKnrWX,ken_app_prod,58c0c72f5e7f5bfe5659b4aab51db3d184935d3f3a42b2cd0263e9a98698049a
523,2020-07-26 03:14:13.929,2024-03-11 13:20:45.153,pro_VazGz3eucU1XnKYbv1X2qF,ken_app_prod,8f04bc56bb32fc82490a0fe0707c454c0a76693cf09526a6f4a27f3cd70624d6
529,2020-07-26 03:14:15.433,2024-02-12 15:07:16.643,pro_N6LYKkp5wmVoQQqJ7pbqfa,ken_app_prod,50bd30b7d7d9514150df898dc9e7b1b61573c6be0de0126b4cd8268a8c2ecd6c
530,2020-07-26 03:14:15.927,2024-01-18 17:14:35.502,pro_RAHWUL5iVGeTFuXe49rkpL,ken_app_prod,32b8161845e28a149ee81a1cd84a75424d1d70efe95e3565b2d518286f653769
533,2020-07-26 03:14:18.084,2022-12-22 22:45:35.236,pro_RNEMRa5FXya2Rv58THjzSa,ken_app_prod,717c9aef66dc348a2cdcff505b35e8de613825602607a187fa6d109570dcc91b
535,2020-07-26 03:14:19.476,2024-03-18 16:51:23.064,pro_GAtK96LUYmpbB8KDfLwYCm,ken_app_prod,3680bceb6e18184867f84425c8f483f6bec33e5a687ac2feb503be6d554b005c
538,2020-07-26 03:14:20.420,2023-12-26 21:30:08.300,pro_7tKb8xaRktSKEBEefJJK5E,ken_app_prod,0da4675bb40ffbb747a58d807c772ca8cf626a0c513e823baf78983e96c656af
539,2020-07-26 03:14:20.820,2024-01-19 17:17:10.422,pro_HSqZdnnc988ooTkqWSXeYt,ken_app_prod,ab5f3b6bd47c6c3076beb84686858eecbcb66a6c297493dd47ac0b7b77063ab8
541,2020-07-26 03:14:22.401,2024-01-17 12:39:18.078,pro_2oAtDtPG8R3QznbFBLwniL,ken_app_prod,8222bd499ba1f8c76af1c4cea361584cc980fa5fa32c275b40b493f95d4e9af9
5415,2020-07-26 03:43:49.422,2023-06-07 13:06:12.603,pro_BXm4ywKDiq2nKNC6ZNpwqS,ken_app_prod,7864b08329c2cc58cff942a1c35f737842cc36c267162e129f0478fce30a9899
5432,2020-07-26 03:43:53.609,2023-10-22 16:28:57.579,pro_3BHJKsHrVjhKVePZd1jc7,ken_app_prod,82c638f3b3c9d94d9ac307388915b4df53004301b3ef58528a0e8ff27cc5b614
5441,2020-07-26 03:43:55.694,2024-01-30 17:34:37.938,pro_RZ5bu7kXJHLYM98u8AXfHb,ken_app_prod,56acbd389a2c0534b007108a7d09eccf340e5bda1928f0404d7161c129cbc919
5447,2020-07-26 03:43:57.326,2024-03-18 18:46:12.503,pro_5ov8Rgh5v7DzCNqwHK7KHn,ken_app_prod,3da53adc9f89c291d8921de074203aee6ce9942f042e86eca03fa8e7659a888e
546,2020-07-26 03:14:24.849,2024-06-29 21:02:46.225,pro_HJ5PFTmBjsE5kHTYCV6TDZ,ken_app_prod,b470328eec939d1a4c4703f0c8cc0e5898df9081f90372c100414fbb9f9d7989
547,2020-07-26 03:14:25.174,2023-11-24 10:55:52.105,pro_FT37atuqvXp6h6FseHTXu7,ken_app_prod,763c1b8917272bb3de92daff1bb9d55095b893321596d8417d9dcb05f1058e89
548,2020-07-26 03:14:25.423,2024-01-29 20:38:56.447,pro_VXkT5VDnddNNnEGVJCig8h,ken_app_prod,e4c349f88db4b8b7ad25861ca35d8ef58064740c3626712a2ee050e27cce11cd
549,2020-07-26 03:14:25.725,2024-03-01 14:34:50.648,pro_RH2AYAgG9MAWDnr1HsaLNP,ken_app_prod,2f98cd0d8d4c1965839715b05ba72fb871e8bbba44ae1429c244eea779312cbb
550,2020-07-26 03:14:25.995,2024-01-03 17:45:02.227,pro_RV7TyuZzX6CaoJbDnReJHi,ken_app_prod,5ccbdbe3151abbd5d823f063e2418fe7f0cb06b7fd6d2d4af1da8e73bbc5b041
555,2020-07-26 03:14:28.857,2024-01-17 15:35:55.504,pro_7FFqBe1aBQ8p3KDqGocLvz,ken_app_prod,0aee4fa4536ce159eeaacb3b74c34636894fa41207f9b7a585d9154596831cc9
5552,2020-07-26 13:10:20.313,2024-01-12 18:10:35.695,pro_HsjiBddW72HMmrocvNufgV,ken_app_prod,422ce89baccdc15320db6ad886bc816db2dc194653d0da06feb8648db2aa3d0f
5553,2020-07-26 13:10:22.247,2023-11-29 17:59:05.666,pro_TatGQWnihggG8A9r74JEMr,ken_app_prod,f6242306be3e8173b171163a6ccbb6429c520d0b7fa4804571c2abfa21bbf734
5554,2020-07-26 13:10:23.894,2024-01-17 15:53:01.167,pro_7Yrne7vcZ39vTvMzKQLJ22,ken_app_prod,6ba602ac336432eb4480d6440c93fefad77e5ac0e866114488344e74aa4b5492
5555,2020-07-26 13:10:24.927,2024-06-29 21:02:46.225,pro_FUzHVwhcoLHSEf8JmLYsev,ken_app_prod,fd3e5daf5f32f6bfca0a605378ceb7211b3882371abde12f5489927b6e88721a
5556,2020-07-26 13:10:25.314,2024-01-16 18:01:39.034,pro_3fFe6TJdNdyERg87Jf5iT9,ken_app_prod,30a8e5958f9d3901511bd4cb2cbc601d8325be7e33173220beb7b0650be88a4a
5558,2020-07-26 13:10:26.848,2024-03-18 15:45:25.169,pro_P7mYRgv75SS975N8M9TaB5,ken_app_prod,67fed643de1e8eb899a65ddbc6780f35e21d80c73fe9a491e86bd9998de9178f
5559,2020-07-26 13:10:27.521,2024-03-19 17:19:41.183,pro_VBuWWjmfGCQnPbUVZV2YHn,ken_app_prod,312d09de728f4497f450eddc698402c057181d3c170e88314a6b673205ea9f23
5560,2020-07-26 13:10:29.337,2024-01-16 18:13:05.459,pro_3mE5UB15ZwGHZBcQNQUauL,ken_app_prod,679defacf188c0860829cfd20e4261b70a25529e9abb63562d36bdf127275255
5561,2020-07-26 13:10:30.277,2023-09-22 18:20:04.051,pro_76sSxstVFSPu7VxG9xUKbh,ken_app_prod,69e06b7903d0a59787775c9d8a9fad7e871d50d7bf8b8cb3105afd98a6faff75
5563,2020-07-29 19:33:50.541,2024-03-08 21:10:20.500,pro_Ex4jWbf9LWzPxagYwSajkW,ken_app_prod,bd7c48f36a78ca6148fb28d742d00f9015f2b8abdb03b23cb9c4e2a7e38b2198
5573,2020-07-29 19:33:55.886,2024-08-16 15:04:40.102,pro_VhowL98LXVCiBNcnpUeP6M,ken_app_prod,5dc895b2071ef16072fb5bbc14fb999fd1837c8e537cc683294ff9a2f0734c2a
5575,2020-07-29 19:33:56.823,2023-12-20 22:02:34.300,pro_Ad4AoPUcroH7nooAK9WyY7,ken_app_prod,5282053f77c171046be37fb73ce53983de2033c45c0bda8603fc8081b6af173b
558,2020-07-26 03:14:30.184,2023-12-04 19:04:16.849,pro_MBvuePNboPn7RxcYqAi3KW,ken_app_prod,dafe504d98393caf80fd36b5c6dc82ed379db2eadc8ce9e3d9402c7565731ec8
5601,2020-07-29 19:34:11.207,2024-08-16 14:53:14.220,pro_6QV9SJWSaWGXvSAREu656a,ken_app_prod,b56ce5f46c9ef1db853cd588e6273d98489f0a32dcc5d5c0dc35deff67d0319a
5608,2020-07-29 19:34:14.425,2024-02-12 15:08:22.523,pro_44FQYCyMa1UhrtHXAbg8RL,ken_app_prod,2fecff3f5cec6056d067b6c9955b32762f5f0c8db14a122ba58eaf7d2ee36211
562,2020-07-26 03:14:31.780,2024-02-06 16:04:53.041,pro_9h82JHAyoWJVLzSx1GRQ8X,ken_app_prod,3de4cffcc81fa5bd2e668e70e54c1245b598a65e0774f5f9c2109150f94e1fda
5638,2020-07-29 19:34:25.837,2024-01-05 14:18:10.523,pro_R9aZwy2PdCiZ7PLEPiseDy,ken_app_prod,adc0f6c302b24ddf633d1af7d63006b1fb85f8b46c5b5698ff7d32fd6c216054
564,2020-07-26 03:14:32.315,2023-12-29 13:58:50.423,pro_VZPZhBbaomdpSxkHGXSeFA,ken_app_prod,12e33fa09fcff203fc3ec6fe90954617503ccc2b6a86698ab92a57072655dc75
5640,2020-07-29 19:34:26.624,2024-02-01 22:26:49.001,pro_PZN3LSy3tzXw3BLz9ZRqZe,ken_app_prod,dafc20d0f8d73deea964844b56c213962875b20dc83209aaecabbdc2985dccf3
5641,2020-07-29 19:34:26.933,2024-01-06 19:59:45.529,pro_WcD2tMJ5TbNysP9Ccu1ptC,ken_app_prod,588d9ab48382272202927f3a6c6d77b5b86b2fc13d9ffac5d63560ee06b501a7
5643,2020-07-29 19:34:27.653,2024-03-15 20:15:49.297,pro_Fo1TJWafMBosXERgftQXi1,ken_app_prod,47a872570567ce39f2875faeaafb76305df668b1d8b63e6cec51a45eda48a88d
5644,2020-07-29 19:34:28.015,2024-01-06 20:24:13.421,pro_7Em9hkqSvGoiFcFrEJ8pDL,ken_app_prod,e97eb5b041989b3c5a4ec7671e47ae8d6f9c929bbff41defcc8067ecc9fcbb16
5646,2020-07-29 19:34:28.743,2023-11-30 16:22:57.851,pro_LBpLmuvKqUBibrsMjUYJgb,ken_app_prod,0382ce3465744a933d70f7ce29cfb4d1557da6e2b7709388fd745daeec811ccd
5648,2020-07-29 19:34:29.302,2023-11-30 16:21:22.986,pro_4NfwewFkvVv1NLHEgo2vgu,ken_app_prod,91d06bb027b119ed5edd8a94e190f4cfb4d01c11f6a6f220a228ca334951d5bc
5652,2020-07-30 16:15:32.125,2023-11-30 16:53:32.565,pro_NNtFcAfACsrBpsnFiN3g7Y,ken_app_prod,541226e92f86dabca740a9f5b39b874ce7b8403747ddb018045cdce6588758eb
5659,2020-07-30 16:15:34.348,2024-02-08 16:49:00.924,pro_M5zGtqQnEu9z5nj1QppsGw,ken_app_prod,fe87d13b89f2f0049905ff0806edad6faca7f37f870f6b1f91f1a3c7a4d0bed7
566,2020-07-26 03:14:32.815,2023-12-07 20:36:37.254,pro_Y4TguX8nBWAYNYJ5C51bor,ken_app_prod,9144d5433c970dac99e796d2aed8e3ca9d220139a76fe43aa541e5400f122e86
5661,2020-07-30 16:15:34.944,2024-02-26 22:00:17.782,pro_FsR2YC97WCTGWxzGA8Scxy,ken_app_prod,7e1714e55a6a6fdccf6d0c883e4621039d3732400e44be2362234f8d4503cb6a
5667,2020-07-30 16:15:36.866,2024-01-16 21:35:39.489,pro_SSm4Pf1eNyGx3iucrMRXAe,ken_app_prod,a6e5d83ad539140c2bc86465a2e8190820ba80229a4a78acccbcb901867b96c7
5669,2020-07-30 16:15:37.901,2024-07-01 14:42:47.473,pro_R5F5PaLu5V1jTuMrcBn5Uv,ken_app_prod,dd2f71a6a28ab599469ab1cfa6df051f686a16fa903c27516093bdac92f56aa0
5670,2020-07-30 16:15:38.232,2024-01-04 19:51:34.950,pro_kTFNCeE8FKzfHCPq6xB83,ken_app_prod,b5a4089debe6ed4b77a99c85c312bc81b23c8f7d65fea903c328bfb58a286c65
5671,2020-07-30 16:15:38.578,2024-01-10 19:02:26.840,pro_29V49m6oiTkMC3sp5PCU47,ken_app_prod,fc8a0c4bd0849aa7953d1393b83dbcf9cfdb4a99ecced505524d200a79bc4702
5673,2020-07-30 16:15:39.148,2025-06-06 15:54:36.112,pro_KGVDZaiZdCZiuEHNwt2Yii,ken_app_prod,78a8620ad98fbb1e35593dcc29c96f375747ed61c0052fa4bdeba4549045fd82
568,2020-07-26 03:14:33.315,2024-01-17 14:48:28.254,pro_GRkoYGF4m8scqBxfpzfwWE,ken_app_prod,b228a9f77e0869e1a1ce4736beb2799a03ea51ba6d2c0d32ad92ae8273b3a023
5686,2020-07-30 16:15:45.317,2024-07-01 14:42:25.455,pro_7GTaCReN5oqiFu2fN3tTT3,ken_app_prod,86825dd5e27d513043e3eaedbb1dd9dd67029ba83fdb272c68212054ddbbf17b
5692,2020-07-30 16:15:48.352,2024-07-01 14:42:25.455,pro_YapbZxgGLjpqDDgBbcaMP2,ken_app_prod,f24ceb132d908cd3d00713d61477232dd6f646826467a5f556084d677ac82605
570,2020-07-26 03:14:33.832,2025-07-03 16:12:43.382,pro_MHpriMxXvUVJncG5ytBhw9,ken_app_prod,be0b741804e7ecdecf5f1c4b46644b495e9ea37cc70656b2a053b27f2cf99ddb
5701,2020-07-30 16:15:51.547,2024-01-31 18:25:27.770,pro_5Lgj9QjxmEQ2tuZfHmssXm,ken_app_prod,e1212b9b6f4fe9c756ef145bd88f797fa6dc38edcd9dd2064adcaa7acc6e586b
5705,2020-07-30 16:15:52.950,2024-02-26 14:58:00.296,pro_Ax76QAS3w7mtvfq68nVH8s,ken_app_prod,6da0f29c611f61743d6b7851cf70ebcdd7cfdf8a516db32f5319be3afda9f30f
571,2020-07-26 03:14:34.092,2023-11-24 10:55:52.105,pro_FJbFnkZmYfWabcLopooHaB,ken_app_prod,8f63d5bc295a9baf2992d6465f329bba99e3696c8c4836da7ceab121d3d2aea4
5711,2020-07-30 16:15:57.363,2024-01-11 13:53:06.688,pro_XYuBdy3DRK4RBmu4L93FZ5,ken_app_prod,676a370e3cb6f7d72e7c74aa3f25911e878ed1f4dda87b2b916133e089a56972
5736,2020-07-30 16:16:07.147,2024-01-15 22:02:10.164,pro_VXN46LP8PS1bjSHacwzgyL,ken_app_prod,314a56001ad3084e331f9b23e6f29a35efefc1231eb3e311fdc8135f0b82ef7c
5739,2020-07-30 16:16:08.204,2023-12-08 18:23:42.260,pro_5QuUMqGBxsp7TKCgrJUehw,ken_app_prod,f0b72bfb340d16ecf36a2351e710f16000c6151e179021dbe32511fc8f86adab
575,2020-07-26 03:14:35.080,2024-02-07 20:18:19.003,pro_QiuPFygSfRBXY8v4bCT9pr,ken_app_prod,a4fffc3a89a56aa5efccb3689cfc36321b872edbc402fba6171bf1056e7382e4
5753,2020-07-30 16:16:13.552,2024-03-18 16:49:51.947,pro_CsvaK5VKPaGwWCRKrGxwKU,ken_app_prod,e93340445bce1fb07ec6c8a7600107c12ea618c6eff61d714b1e0b08c9ea87f2
5755,2020-07-30 16:16:14.894,2024-06-29 21:02:46.225,pro_3eCLdnTn64RUxrvw2LT7hf,ken_app_prod,fc05f6cf35c441522f408ee3ddcd08de5296fe42d375e28a8136905e98c9dc3f
5762,2020-07-30 16:16:18.585,2024-01-02 16:33:56.592,pro_JBRQKaZybqMN4hZqt7EZ6m,ken_app_prod,b1f62724603e5a222d0d2fa2888fbacea76a5f81044d0d8912b901485688e676
5765,2020-07-30 16:16:19.488,2024-01-03 18:07:38.628,pro_4oR67iKPWMs3zjSet72ER9,ken_app_prod,a3b0c56a4b6b148053a6f038cce6c87b30050e2fa39ad0093ba56512ebe09383
5767,2020-07-30 16:16:20.245,2024-07-01 14:42:25.455,pro_TypidSfS9ch9JPQcncjd2E,ken_app_prod,
577,2020-07-26 03:14:35.785,2024-03-14 14:25:18.876,pro_SXzkyhaiTzWPELyHWqKViw,ken_app_prod,3c2f05cf3392f5eeb14d98c6f2fe033d69bc8f2fa821f6ae3e13afae76b1fcbb
5770,2020-07-30 16:16:21.069,2024-02-22 19:56:42.659,pro_PiTCX7TeCE3iMQ1SdsiPae,ken_app_prod,08e46930ae622f313dfe77b9ee1baf1d4ddb892f28cb0f91f0681ce10e468783
578,2020-07-26 03:14:36.275,2024-02-22 19:26:16.653,pro_YYv55Hx2jUgJK34SjuUh8g,ken_app_prod,ea65c1dc931b26857403915e7833ef68b91e363e41ca2e2f9f5959c8bdf5a8ca
5782,2020-07-30 16:16:27.112,2024-09-09 19:04:25.900,pro_CHX9geN97ZW6UjyA8hhZB9,ken_app_prod,0ca006eb6122e566baab2ec8a1f2a763be34501162fa2a027690d2e678c83388
579,2020-07-26 03:14:37.168,2023-11-24 10:55:52.105,pro_5H5rroPgfJC63vS2heUBR8,ken_app_prod,39fb14d3cb4bd33053f8c78bba3d3f90a0f75d5428a11484d8ec219008703f02
580,2020-07-26 03:14:37.650,2024-03-19 16:50:17.228,pro_H5bk1CVPVX8139PgKM1Ktv,ken_app_prod,63a3f9ab54c116becb7712f72b9c3af751bfc00163463ffd44132565bae05d3b
581,2020-07-26 03:14:38.007,2022-12-22 22:45:35.236,pro_6K7s2fefrGR1p3aeoJyUDV,ken_app_prod,45879bb7f04998c0c7e8dab35469585699049572f61cad7ddb06e6c3316c2fd5
5816,2020-07-30 16:16:40.076,2024-03-14 14:21:55.093,pro_5S488QMwF648kbcNCpX1bg,ken_app_prod,82764fb0191187a213bed37d0870a2f7b9615a2518d9e93f75844790b31ef345
582,2020-07-26 03:14:38.319,2023-11-24 10:55:52.105,pro_2xRNsHPyZNHmEP1Em6zxTQ,ken_app_prod,536ddc6b9caae51d1a7822cf407110f896bad1b74287cb37e7485d0aec4d8d1c
5820,2020-07-30 16:16:41.781,2024-01-23 15:47:45.196,pro_Jp2TtxH8S6cRfQa1XYPYg4,ken_app_prod,1040cc7e51065c8a97b5084f50ca42a83fd79c5806e2ce0542d4ac7454061337
5826,2020-07-30 16:16:44.532,2024-07-01 14:42:25.455,pro_L4RYDAwsF4bqsGrhnsPNHV,ken_app_prod,36b6bf51ef1bb4a68730c2855bc1dc3392499e2274fbd6882164a4d5e2bbb09b
585,2020-07-26 03:14:39.094,2024-01-17 21:55:40.571,pro_EWpZmsf3PsLCaVNq2EiREH,ken_app_prod,1d8283c09ad37d9cfccfd2f888e1b401403a7c02361378bf18bdadf693043290
5852,2020-07-30 16:16:55.223,2024-01-04 16:11:23.369,pro_T5yVeZkbf9yXj2zkwGm7ZU,ken_app_prod,0df501bbbefc51c8ce2350b791e7418cea3b58e2a589511f41707d38a9d55fa0
5855,2020-07-30 16:16:56.163,2024-01-24 19:51:46.047,pro_3yvLYodUckSTxs3fUfiwtJ,ken_app_prod,7f68dfd22bd12b8c6d86bc86c089e8e8cb52bb58baab5df64a5bc46f4598f36b
5860,2020-07-30 16:16:57.849,2024-01-02 16:56:50.920,pro_TmmGF7x3bDkJPxfNs85Tyi,ken_app_prod,8c49b4f0573e7d31d32e2ba3b89a4889c94532d65ad1fb9638e79f71760760c7
587,2020-07-26 03:14:39.600,2024-04-29 15:52:17.644,pro_RNxN2PPci8sAPpSEkKN4Bh,ken_app_prod,c493775dd832664c58b85fb0ff6fe60c725945ce6281b1de76e4ec8851cecce6
5880,2020-07-30 16:17:05.203,2025-07-19 14:35:28.848,pro_SDhK4QhLhdBhtomP1MxsXw,ken_app_prod,5bbd273da17070f5ad9b52d88e448ede5151297481bbbec6e2b364d7bf9540b8
5884,2020-07-30 16:17:06.450,2024-01-23 18:44:35.151,pro_Da3vjM8EF6crrxvuAsAL7N,ken_app_prod,1c64c3c8f305a911bf2c712fda198ac28b082ce07f7be7fa6f68f8be1d311d37
5917,2020-07-30 16:17:18.506,2024-07-01 14:42:25.455,pro_AW146aFV6reKRE9z9XfQfX,ken_app_prod,73677c915e0f5cbba59fcdecfa9b52d94b46b395cf558b276fb0182c39b24af4
5923,2020-07-30 16:17:20.865,2023-12-04 20:43:35.551,pro_CPsB6NLToQKqxbdyTdgiUD,ken_app_prod,9f3d894b971ca94522d2bff5ff5cc4070bf37dc2fc2b8f29396abb838b4661b0
5929,2020-07-30 16:17:22.726,2025-08-26 14:26:49.183,pro_GzZ8u3ZBWNFYtqgNdT2kJv,ken_app_prod,d3170989388d477dea072f05e54b1d14e6900924cd2733df536c41b1bf015ad9
594,2020-07-26 03:14:41.619,2023-11-24 10:55:52.105,pro_B9Q74wCdqicTLPLoBwkkiL,ken_app_prod,a3b7749d13ddb699118a1e8502d0bf40476af064cbc792e52a1c75baa1671495
5942,2020-07-30 16:17:26.827,2024-01-03 17:48:34.367,pro_295pRDPprP5xPE5V6F7SXY,ken_app_prod,ec4f14a4ac603746f532840d3a09dcb2b1560646777243a4fd93b3ff2902c8c9
5945,2020-07-30 16:17:27.760,2024-02-07 20:30:06.362,pro_N7bA9qBnNTiSsEATbxMhbK,ken_app_prod,3a8d06674b3e1faa904481423eff924fcfdf5840e30ef18ce3c535b752999804
5948,2020-07-30 16:17:28.619,2024-09-12 19:26:49.782,pro_9FpbWYy8WSQER6VYXtkucr,ken_app_prod,90e03f0b7c420a76dbe63407cb5cdd670fe9a598bb0566b6804d3a6535cb4d34
595,2020-07-26 03:14:42.560,2023-04-22 14:30:45.265,pro_sYiAZz9Dp4yPKe3yE1heC,ken_app_prod,70eea4abb0f2069d107db16f0f7541dd43673caef314485affd5275208f0f703
5952,2020-07-30 16:17:29.724,2024-02-29 20:54:17.341,pro_EkttEk2zH2cDwmauDChDR5,ken_app_prod,5adc827e6ebf92673ee465a04bd6fbfcf77b3b79ea17abdd7a61834d446ca3cc
5953,2020-07-30 16:17:30.007,2024-01-04 14:27:44.622,pro_C6MErgoun7nigwvPrfvnz1,ken_app_prod,d0b8a7e17d1aa3e34eec613977a1951e77d0a16e1b36f1e792f59b277eb93061
596,2020-07-26 03:14:43.714,2024-01-18 18:38:41.406,pro_B2qTX9T9XqJ2o2wmwNq3ZM,ken_app_prod,080750da5888f86140c41a873c82ebccdc8ff2ee0023dd94edf18f0fbfcb5cb3
5962,2020-07-30 16:17:32.792,2024-03-08 21:52:09.385,pro_N4PkQUMRwiKwMfSBnVJn2u,ken_app_prod,86046f79202fe058a3db8e0cc1f0e05c1af19ab369a47d5a4546a311d06d9fb8
5964,2020-07-30 16:17:33.433,2024-06-29 21:02:46.225,pro_Ncz8dqBZsyNfpVUxAsGuqb,ken_app_prod,b6d0dbb12948aa620d36a9561b0b2bbd23551ebfcee9c2c88ce09ffc6bf82a9a
598,2020-07-26 03:14:44.575,2024-03-12 18:24:26.469,pro_JE6JY2soLA8XbDjKUbZH4o,ken_app_prod,6f991a56cde5a20435de516dd57694121bd7d67224279ca6dc85918be3ce9857
5989,2020-07-30 16:17:45.021,2024-07-01 14:42:25.455,pro_VAndtj8BA1DwUzXds5njkS,ken_app_prod,5e6f7c8b2599d734f2730da885e6ed50e34738cdb0a3db9184e38e6f07cb72f7
5996,2020-07-30 16:17:47.874,2024-06-29 21:02:46.225,pro_DbdeWmJ7qraVr3qEth8Lof,ken_app_prod,dad5ba0c165b36f6ad5747e84726bf62ead0d5dce89bec4e42dbf371843e3533
6001,2020-07-30 16:17:49.468,2023-12-05 14:09:05.458,pro_95nP4dYpbaBAhfeem8syMJ,ken_app_prod,bccd0e57db7d1848879a8679747bc383b736d6d5e03c4eef9977b6d778cf670a
6003,2020-07-30 16:17:50.023,2024-02-07 20:26:34.084,pro_PFZvf2x96SUS1iS9P3Zp1S,ken_app_prod,923055e6d742f391c2b1986694c22ac834e6bc54d7ed7824ecc2bd4d881c86d4
6006,2020-07-30 16:17:50.930,2024-01-31 18:55:18.162,pro_SsdDGZH4Yqs1ZG5czmR4V4,ken_app_prod,284f159881e03329a8a66b31033913b9f2fd4b10e63bcd39142fcb4021adac07
601,2020-07-26 03:14:46.306,2024-03-12 15:24:03.300,pro_HjXTEx2PJD7CMZNJLv2xzF,ken_app_prod,958b9739f72d745e0955b3cd9703ae2f137580fbe3b3981fc4c815c030a25291
604,2020-07-26 03:14:47.085,2024-01-16 21:07:24.407,pro_9UDfWrLVwNULcLHyZ8zaRk,ken_app_prod,0329eb89f5ff9a468b20737b19db3228aeed873a0a84dec31b4533ff877b3ad0
6043,2020-07-30 16:18:05.220,2024-03-11 18:48:04.498,pro_EMMvh6dW7Jh83CHPjdqWx1,ken_app_prod,fb1d78677cb7b25c34e1db5c397e08b1769ace0cc540e54ad9f5cee0626a46d1
6045,2020-07-30 16:18:07.111,2024-04-29 15:52:17.644,pro_YMxZUgc2jXVYW3qzddhMyp,ken_app_prod,29c47c14305810cedf1659a848cb894bdde5cfc13d21e604876286d39a50d0b9
6057,2020-07-30 16:18:13.407,2023-12-04 20:35:15.316,pro_G1epbZeM9LuntzoNzUGYwK,ken_app_prod,4ffeb934580f7c17fc4fcb0198eb1424f43ae9844f61a4064d32a5df66b458a4
606,2020-07-26 03:14:47.672,2024-02-08 14:47:57.141,pro_CoVqR8Fz5vEGcK2wCHSQuy,ken_app_prod,32525831b93242dfe7bbdf1ebbfb202dc0235722f143c85b3109b5c728f64676
6065,2020-07-30 16:18:16.693,2023-12-04 20:50:50.891,pro_iq1tbsExqX6TNPpNFebTD,ken_app_prod,c4e6537f5f36304bb5b71abb369c25bbe3835bdeb233cd930b2a96dc2a090e25
6070,2020-07-30 16:18:18.107,2024-06-29 21:02:46.225,pro_QJ8h6AuHno18rqzMnYgJiW,ken_app_prod,9498458d4d8336dc9576691f44e08792617a151732cefa8824f8b599b57ffa62
6079,2020-07-30 16:18:21.139,2024-06-29 21:02:46.225,pro_TfEwG57ibjc3ys3UaxiZwj,ken_app_prod,2bcf8a779e3bddad364a80a73211ba04337214aedefbd66fe389b66c6a5336f0
6080,2020-07-30 16:18:21.458,2024-06-29 21:02:46.225,pro_SnNc8qLgauYkTJ4AhVQ7bB,ken_app_prod,fbcb7309c1dd939924e2a937b76acae4b0b0b2d11866c1a7257bfa9821a49514
6081,2020-07-30 16:18:21.802,2023-12-05 14:26:34.526,pro_4TjDkpmU9oeDNNMu1uBCNv,ken_app_prod,b111d852013b2040a584617326aa59a8e8fb38ab845150e5c736b17dcc77f8be
611,2020-07-26 03:14:49.143,2024-01-25 15:25:12.800,pro_2otRkikySmsRo5N2s6PKto,ken_app_prod,8d5251055e86c118e5addcfa34c402630a08632082972a9b1fdbe9e8a8249064
6111,2020-07-30 16:18:35.438,2024-01-05 10:23:03.124,pro_5NY9kT9hK2ufbuxANA8pxK,ken_app_prod,03e61b831fe7db3a28b6db429c415ad0c528735a99ab03a3705543847b0a1636
6115,2020-07-30 16:18:36.522,2023-12-04 20:39:11.954,pro_UquodXx94qo8nMpkSW7PZQ,ken_app_prod,27ea9637e94f90efe3ff28162656d14edfa4fc26dfb90272c2bced471ead3080
6124,2020-07-30 16:18:39.524,2022-12-22 22:45:35.236,pro_Ce9wfEj2zJEhzNAtedV5G9,ken_app_prod,2abcabe978aff620f63cec0616d85b8b123f204b95831622253fdc10fdf8a35b
613,2020-07-26 03:14:49.747,2023-12-21 18:41:42.262,pro_wtVN7zeiLhEyis3UqqZjE,ken_app_prod,f37a83d7fdf21fb09f563c2a58edaa90ce29dd41f4141b19e6c147608b72e127
6132,2020-07-30 16:18:41.952,2024-02-12 15:17:29.944,pro_MHr9nWLsgP3v8KsnDA5VBt,ken_app_prod,e58767297c76ebc06920cdfb04f1aea865651796fddd7a0f7a0af44a096a92eb
6135,2020-07-30 16:18:43.206,2024-02-02 15:06:52.154,pro_C8yh5e5X1epn9YEhjKm1Fv,ken_app_prod,eefa040bd7f7c2ef4acb60164cef4b1324837d1dfa6e127c7d76fc96f16c4fe6
614,2020-07-26 03:14:50.076,2024-02-07 20:17:34.892,pro_W2xkgJ22K1wseHcVeieHDv,ken_app_prod,1bef918fdfb54a61fe1b63414b8a3f0b2f511b8f0e7bc911915be102e191b3d6
6155,2020-07-30 16:19:04.529,2024-06-29 21:02:46.225,pro_VAHk7VrQt41hndj7DqDh36,ken_app_prod,e596f6383c88be65a3ed71cc10a4b71d10a3f5367f9d23ee2fbf11179475ed97
616,2020-07-26 03:14:50.610,2023-12-04 19:21:26.998,pro_PRnsWbDjVtvHw2ho8HLtDX,ken_app_prod,1b4c660074e78b70baca6e086e482f406ba32c1a76cc6193e587c8ed6907a0e8
617,2020-07-26 03:14:50.911,2023-11-24 10:55:52.105,pro_PDJzrF8Ve32T1CdrFCyxNT,ken_app_prod,0c7d7b385cb7add973d72d1def84905423ce51dc0e0b067d299f8252c9f1e748
618,2020-07-26 03:14:51.278,2023-12-29 16:25:58.878,pro_4QHrJsQKr6jx4BcWJxL6zA,ken_app_prod,7eed0d1b1668d49084b01bceb5e8635d122fcfb9bc912a4943a3d4a82ea8f635
621,2020-07-26 03:14:52.088,2024-01-25 16:34:13.074,pro_X9NWFfnAf7cnDbCz2wemWQ,ken_app_prod,5f68783ca7fce8d6c2cd190049103ed9cb3697f7760e15f9b0aa3cf176a6eca8
622,2020-07-26 03:14:52.361,2023-11-24 10:55:52.105,pro_7uCLm5KzYFEWJKDC1VCQ4Q,ken_app_prod,474bc38fa770146e853c6d0b2f020c90ce158863de8f26aa4a2fd8fcd3802393
6243,2020-07-30 16:19:32.444,2023-06-07 13:10:56.671,pro_6cakM4oskC2tTBdawy4Soh,ken_app_prod,96713664dde5c4abdc38096c7770e472237a2335d37b4acb57054fa78b3d7e99
625,2020-07-26 03:14:53.483,2024-02-08 21:43:39.209,pro_7pjym5gFuELzEAVxWe5Y5S,ken_app_prod,c8c7a43410a5baabb1cd28b74f64daecad34f896c74a2ed6bacc9dbad3dbbd70
6273,2020-08-05 13:45:44.040,2023-12-27 14:11:22.602,pro_F5jz1dqksRjFFRgDYng3Nv,ken_app_prod,76545ffcac7bb72f95e6c78019cea9618a52f3be8f1d04d25154d24ffcc7e3e6
6278,2020-08-07 18:46:51.226,2024-01-03 19:06:02.474,pro_4fmGgmTaBH1WPDBCtxPyMu,ken_app_prod,6d6fd7780828824fd9d2f46bc752bab7b91335d8b22878dee247700183bf6c4a
628,2020-07-26 03:14:54.800,2024-01-15 20:54:17.022,pro_2wwpv42joYaLJWZhWofoJ7,ken_app_prod,f53010049d3b54f2042156c801c9789cf0262f9941c1224ae7339eb1062d11f0
6280,2020-08-07 19:06:32.223,2024-01-30 17:18:20.781,pro_KzEzS4yyhJHk57bftDzkpg,ken_app_prod,483aae1ab1a42e6ff19fe0f84c3375053935b7263047948f25edf45d7156cfd7
6282,2020-08-07 19:24:38.604,2024-01-30 17:18:20.781,pro_XsHeT3UVpVWZve3N4HWG7N,ken_app_prod,9b41ade9dc55fe892faf795b41baa0e98b348e7c70aab196e0b0a45ee4df07c1
6284,2020-08-07 19:44:25.137,2024-01-30 17:24:33.201,pro_9ZGgaKhrdsrLpkK8ogifnZ,ken_app_prod,f5f2420f19e9adccd887953aaecacdf0433f5690ce84459805ceb008f753d1b4
6285,2020-08-07 19:49:14.228,2024-08-16 14:39:43.103,pro_LJknvduAP3tozgiAjjzaZN,ken_app_prod,3352b9989030de49b7c44a429e177408b6027d7a58981924d5f0bb6692d5a9f6
630,2020-07-26 03:14:56.484,2023-12-04 14:42:02.530,pro_7xc4iLvctxLZ4yf1gFG8YV,ken_app_prod,356b897aa2e00ff9b1a78f6790613ed76235d065d18134fe68c8956c1beaf95b
6332,2020-09-14 13:09:45.911,2024-01-10 18:27:53.885,pro_84znXMBbjW7gnJfe2mkp2x,ken_app_prod,aefe856b82b473ad3beab5530baa99a1e2f22d45475bffae1dbe44d30ff81a70
6338,2020-09-14 13:54:49.126,2024-01-10 18:25:27.486,pro_3TZF9UiV2d5wmug4bXV4b5,ken_app_prod,2ad8a476a278ac4fde1d09854f8f231c2f44dfab01a8621478fd054cef4f56d6
634,2020-07-26 03:14:57.773,2024-03-15 18:43:28.211,pro_TWYMyNqP3qBwREbirnWK7f,ken_app_prod,aeac3271774af4487564810b48d2de5073d691ed1cb72648b6be0f6c3ce91da6
635,2020-07-26 03:14:58.175,2024-03-14 14:20:38.505,pro_GJPqk6GTELMuBNSTL8j2by,ken_app_prod,0d3655b326994144d8d275f1edcd30bbabe72158f0c732fd3bdd735dc81087f8
6352,2020-09-29 18:34:05.532,2024-09-27 14:35:02.935,pro_2TYGRmgpkhEuzXK2Z7RXxR,ken_app_prod,f0782e8c1fb37d728a90ddce79f6be8fa6a7058df54da81b254b37b0e5105307
636,2020-07-26 03:14:58.529,2024-01-19 16:13:37.851,pro_KSKLemCFCVzrofYFXn5WwA,ken_app_prod,2e90421785f73c09a77fdc18e1cbc3b2aa3da175e8d0bb198bab4df3beba5071
6361,2020-10-05 21:14:16.947,2024-02-12 15:05:25.923,pro_2osobrribKhYdwN8sVpGQd,ken_app_prod,8f16ce008a0770b6ffcd40f00d7dd62a7476a23bfea2964721a557a1bdd7c695
6365,2020-10-06 14:09:47.358,2024-02-12 15:05:41.707,pro_5757S7yJ8FiEAqGDsNYHfM,ken_app_prod,525618c6094bd7f384c4c9a38952199e515c4a84372c685b44ef94557683ad46
6368,2020-10-06 14:23:09.525,2024-08-16 14:35:49.357,pro_S18pmG5yvcLgDqH6VF9jhc,ken_app_prod,9fee9fbaae727c6b559140f8f2a60fac149d17f9c6c70b07b2e2167828395ae2
6369,2020-10-06 14:56:21.279,2024-02-12 15:09:59.640,pro_A5XtMLJHp4XcmsyVnQBAVs,ken_app_prod,d4dd6a79ae085701d4ced2be10ef8d1d281bfb74c6e07c86149243af2bf3b193
6377,2020-10-06 16:01:57.080,2024-02-12 15:09:46.173,pro_TLYPrv19gDaFKSn7ecjPwp,ken_app_prod,a13df825374983b78a93a2fd48cd8e0191b9375c48f8f28027aa812717bd7510
638,2020-07-26 03:14:59.690,2024-02-27 19:04:00.783,pro_YaRaQn7e4rQqQRmXqFDaFc,ken_app_prod,c07f76a79d64cda03b4b12a1260a525cafbf3adcd0537fd70ec92dfdefce4abe
6382,2020-10-06 16:27:41.022,2024-02-12 15:12:25.317,pro_2cKAk8FuxiHPLvRCGUGKx7,ken_app_prod,f9c5c1dfd296b5f50b83a3cb64ef5d614367063644c72f90dc80fc7957a4968e
639,2020-07-26 03:15:00.488,2024-02-06 18:49:54.966,pro_WXJufnaDVDuNroe6W5mazW,ken_app_prod,a2be9aca3d180e4d51901669583bff2f4e8bd902c00df746e96b2b486d884fec
640,2020-07-26 03:15:00.916,2024-02-22 19:26:31.193,pro_SbRG5DfXD2s5cZsUsU2zun,ken_app_prod,78b080a29ddf42595cfabcf20932232883ab61787c33e931671c4328c47ed2b0
641,2020-07-26 03:15:01.379,2024-01-17 14:40:16.014,pro_KW2B3sSHN7qss8nWocFPpG,ken_app_prod,b96a4bce5d2be5cbd4ad2ff8b6acee5420cff15e4c12b1e79fbd922b47cc9105
6410,2020-10-13 19:27:34.830,2022-12-22 22:45:35.236,pro_TPBq2yeo7pBjUuUdjL4ZNn,ken_app_prod,f66ddddf912551076d3c9a713b4b3c7669da351bad3f583e012bcd06274bb6fe
642,2020-07-26 03:15:01.791,2024-02-01 19:08:14.210,pro_P8i5H5fHj24xc9AxAu5Nm3,ken_app_prod,5ef8ed9f83d89bba849bfb765e573a06c86001c42c4791860d20c25e1de9b552
643,2020-07-26 03:15:02.401,2024-01-25 15:36:52.611,pro_8wQJSZNeT7yjFavURUEVHD,ken_app_prod,
644,2020-07-26 03:15:02.989,2024-01-04 16:30:35.540,pro_LvxeBAGbYwUXHSB8SSA9jb,ken_app_prod,885c038baf2eeeb75cd7c65d94a24a808de9d9a10a3f17aa06e2c0a634b1d95d
6447,2021-01-09 21:21:08.717,2024-02-12 15:11:54.774,pro_GTY6jxpLnAfbFi9usQXq5u,ken_app_prod,646b78bcf17e83c2c8b4a44bf6a8239dba8c5eec4cd224d2769af5d228b8c708
6449,2021-01-09 21:21:09.533,2024-01-31 15:15:47.700,pro_HXYUA1C9uWTNhSZS5ms4cd,ken_app_prod,c45a0eca56fbd9b66df8c2a305ecfc35a8d5b8785793a9986adaf0fdbb1b3abd
6456,2021-01-09 21:21:12.206,2023-11-24 10:55:52.105,pro_Bwy126eXr2JHM5DMS1DaQW,ken_app_prod,fb3c3f74db2d4583c79281d1e7a5fd87465ed13b910c5a6756d68f52b5f52eeb
6469,2021-01-09 21:21:17.014,2024-07-18 17:07:20.546,pro_RWuSqLzeFsVzweqRmQ8Zdx,ken_app_prod,47b920249a028875db713b277744eaa09da96df4895cf2bf432156208d181c13
6475,2021-01-09 21:21:19.223,2024-03-18 16:48:00.105,pro_G8pHfAKk1WEFRgRvHcKzja,ken_app_prod,24b77a8bfaa4aa814b2484ebdd2f2d42c02e07f9bd6fda0e0c93b30e1e0060e1
6476,2021-01-09 21:21:19.543,2024-01-18 12:45:21.352,pro_RQHxTK7emWfonyHjgjYvjX,ken_app_prod,4a66d1ebb9f9966abe1f0c3077dea1a2ffa294e70208b11801edfea92f0920d2
6484,2021-01-09 21:21:22.428,2024-03-07 18:45:48.462,pro_3hxd2oMqnUVgKUKzSv1pkM,ken_app_prod,0f631051b844dbb9014073f25a268c0dd0a87d2f10a285653ca76f3937df3fc2
649,2020-07-26 03:15:04.366,2023-12-01 14:31:26.955,pro_RSbja27hWzy3QCXAPBZ633,ken_app_prod,0570b2a08e91a52c8d65120f3785013192b1490bc9352f27e5e1846b7bf143ee
6494,2021-01-09 21:21:26.437,2024-01-18 12:46:44.514,pro_8KGfQjbinKTXmD57onn4eF,ken_app_prod,911313bfdd9ceae94ca68b61c33b2adad56c34c3811d05d5185670c9e9a13d01
650,2020-07-26 03:15:04.694,2024-02-09 19:02:23.676,pro_T3nA7NV2tkXXTKxNc5k8dQ,ken_app_prod,28d6b86a79493014e1fd49d1c0de8d5f108e4adaf1c1e82b4292cd0321c4a54f
651,2020-07-26 03:15:05.059,2024-04-29 15:52:17.644,pro_NgCxA8b1CpLByp1fJ7ZNBx,ken_app_prod,398ded5e1091c60ea5a0cab76c7bed00711b3c73594e206e563e079c9719bea8
6527,2021-01-09 21:21:38.031,2024-01-18 12:42:51.110,pro_E14aQArKtCZ1AGD6pJuLTW,ken_app_prod,6e92eb04d52771f31af6c749b1c3e92abee61e1745b9f798eeb9c5939fd2f6c0
653,2020-07-26 03:15:05.607,2024-01-18 20:40:55.672,pro_Q2JwUDbdYkCKqiHEcv3Qdf,ken_app_prod,e4326bb9a69cc1ea94296c723b65b2043fa3fb4ece83f171e44dfc70bdce061c
654,2020-07-26 03:15:05.939,2024-03-18 13:17:58.624,pro_JP9HUSYb6SCbvNBPKohCet,ken_app_prod,3b25330f65eb835a54d59a3996ea73af6cd2b2f0f78f95a7a8bd6fe8b819f5f9
6560,2021-01-09 21:21:50.066,2024-03-18 16:48:11.234,pro_YbJAX7MZ2y9LVP15JFXpZP,ken_app_prod,1f8945f16e73d123db4c180fdb7f773404eda6ba7e7c1ccba61e1cb889fa30cb
657,2020-07-26 03:15:06.946,2024-04-29 15:52:17.644,pro_GtgrvKVHvcYTQzn3edYnpV,ken_app_prod,0666701726c0598a4b247d74132209e05ee1e422eaae8c4b3d3f0de0168eea0d
6573,2021-01-11 02:01:59.296,2024-02-12 14:52:14.900,pro_S9yEwLPGf8fy7owsG8pKsJ,ken_app_prod,4c02cbd8f8cd64c06de7e891c377bdfbe3393a4d6bb9153d6bfc15f32f14960a
6596,2021-01-11 02:15:52.331,2025-01-03 16:31:20.854,pro_C4WKanpdwehNrkxsdtnN8b,ken_app_prod,5df2dbcd7760601c038adf5d4016454e39912c3698c61ae88430a67796402935
661,2020-07-26 03:15:08.055,2023-11-24 10:55:52.105,pro_43asSssKvV2G3ZaRhaqR5y,ken_app_prod,8900aa6e64435f3154723b156f93ef2934b36c5a1194ba89781e3dfb5c58605d
667,2020-07-26 03:15:09.570,2024-03-14 14:21:34.005,pro_RZkjT5787x6ME5h1VnH9CG,ken_app_prod,ae85147e74c3bb14626fa57f813193440ad161cdbdf3a4209866a7114333d6a3
671,2020-07-26 03:15:10.658,2023-11-24 10:55:52.105,pro_25FeTwHn2fzuoif2nzEfHg,ken_app_prod,64af25a95701733b115c1a19b171c9a640bb4722109fa4aacf519a170ee8ed4e
674,2020-07-26 03:15:11.673,2024-02-05 20:28:30.194,pro_27Axk5WLLfM9Rh5yrDmzYE,ken_app_prod,ecdc6985e9d01afb8c23341fd36cbfc1ce4ee82b833b15a2545531a0a64a7dce
675,2020-07-26 03:15:12.053,2024-01-23 19:33:46.984,pro_Jaq2FWtftQtMyEQvhQuQuS,ken_app_prod,d5e5002ea2d583ce26a2d6be637abd7cd3f0aeddf036dda619943ec51e365ed0
677,2020-07-26 03:15:12.602,2024-01-08 16:29:06.432,pro_ER6WqYWg49aHDHqDbu2ZpE,ken_app_prod,88af947214c3cf3e3924dd97c33a9d4b39b85cd90abe35042d64403dc7eb3130
678,2020-07-26 03:15:13.016,2022-12-22 22:45:35.236,pro_J5ZrYRN18new9Lozomffge,ken_app_prod,ee8958e24d2cad81bbc725de9408910f62cdcf463ec729026246ed7160bbef8c
679,2020-07-26 03:15:13.332,2024-08-16 14:59:41.593,pro_4KSArJazNc47X45Q5dnxY6,ken_app_prod,82820cc27530b5352f69f75b3532c4d64d50e8724b46bcffdaed7fa699a554e1
6803,2021-01-11 02:31:32.939,2024-03-20 15:53:00.580,pro_D2JChTRMkCDaUYaTxMqTw,ken_app_prod,08224602e7d5165e57e0a193efacc7c77bfc89682b644485cccac5415143b820
682,2020-07-26 03:15:14.351,2024-01-26 13:52:04.347,pro_KXUc75vY3iWWM5cFryJ99R,ken_app_prod,12005b39e2538dc9815fd4991707810e2fe1bd85cf87ac241b6bd54e495048fc
683,2020-07-26 03:15:15.317,2024-02-26 15:34:12.282,pro_HSDVbLQSyyRHzQHhZzC7LS,ken_app_prod,b977aa9008e3587f92091a443607f0aebb750854d2701594bdb68df8595c80e6
684,2020-07-26 03:15:16.120,2024-03-07 20:59:21.468,pro_CBYo1qEu4UMGtuyvmpd5wN,ken_app_prod,c3780a3b64a70037bb7821041ae11f5db3dcd4832d0f0ddeebe4101b3acbb1aa
685,2020-07-26 03:15:16.440,2023-12-08 15:02:25.261,pro_RDuPC3DNibzr8escLUd8uM,ken_app_prod,15016d75eb9629fdb480671d30835cf1ac11ed85861949abf491f56892f7f3a4
687,2020-07-26 03:15:17.139,2024-03-12 13:12:19.255,pro_2bR8P65vQeg9QZfQYEyPz2,ken_app_prod,fe93630d106985f714703fec48e7f2ada38943ff39091537189747bc63246cd6
690,2020-07-26 03:15:18.222,2024-02-22 18:38:22.533,pro_MDgn8kQXeGACJfRVULpaex,ken_app_prod,21285085909c29e9b2b02d52977a4aff7c6c285f1273af0d0ec3e2aa0e1b6dba
696,2020-07-26 03:15:19.769,2023-12-11 20:48:24.565,pro_6UmkgZVchnLp51Lj9XaMX7,ken_app_prod,42d90f56d705d341f5f40d9e63aca974fe0c29f7846ea769ff37d6de40062623
699,2020-07-26 03:15:20.639,2023-11-24 10:55:52.105,pro_22kJTvrBKCaNWTCmRHu4pi,ken_app_prod,fda9eb1ee5ed3cbf84dc8e16e861493b1b215ae72175259490211310017c18d8
702,2020-07-26 03:15:22.399,2023-11-24 10:55:52.105,pro_4kynzwaPTsiGKWcaHRC5uo,ken_app_prod,95ab29f3a4ecbf422f07ed9096ab4eecc4f2b2a132671e44427ea378e743462d
704,2020-07-26 03:15:24.300,2023-11-16 18:28:37.117,pro_GsM47SCgJS2xTB3pdQ6va,ken_app_prod,3d7983d25c8816458dc38e49ff9c7be510b43e38a731d0aa4e45f8357b242575
705,2020-07-26 03:15:25.513,2023-12-29 12:29:48.483,pro_iNiXmEsNBQvS6mttNHfmf,ken_app_prod,3a1072f6eede3a9d4b836f38f5e8865d1d8804ad73d1d0533516d0b2515b418e
712,2020-07-26 03:15:28.883,2023-12-29 12:30:38.971,pro_HycfHTHAewKzPJLvMETiuk,ken_app_prod,d82b7b6e81f768103be3224a15ea0bbb5c4457c2e00911f8fba3f14c5b72f9ce
713,2020-07-26 03:15:29.357,2023-12-15 18:16:32.224,pro_S7EQZqG5W4BYpoeK7AeTU8,ken_app_prod,94628d431b9d74361e89f68a0b64a070bae94373b82f5eab9805185f7d1fa0bb
714,2020-07-26 03:15:29.711,2024-01-24 21:11:38.017,pro_4hk9hyHqWkafz1CeV5C6qa,ken_app_prod,b2c60402ff99dd231ff381f5ddfa9966c6fe05397df05b96182c6cdccae23321
715,2020-07-26 03:15:30.248,2024-03-18 16:52:30.965,pro_ESvf2CAaX2dcJQm3HeuGed,ken_app_prod,6655d3d952b3cc623dc9c232cfe41541750504ee8735bfc20393c6372dee821f
721,2020-07-26 03:15:34.027,2024-03-11 13:19:45.065,pro_DFrtyZnhCBzevQSWCzZyhd,ken_app_prod,a8dc3f1489e0a0c13a31cdb7f5198dc017bcc2b33f8b511f4dd64d0da9d790b1
723,2020-07-26 03:15:34.514,2024-03-19 17:16:07.298,pro_3KrZY5Gc7zaXh9ktoDUCsT,ken_app_prod,89d69425f347368d6a1028728909554108358f520ee5fa1436b5b42df4fa71e3
7242,2021-01-14 14:40:12.848,2023-12-05 14:24:34.861,pro_D7aaAK1SQZ6upBE7eDb9GS,ken_app_prod,133ee20aba71751df047a95e194affaedde8f556873baabb535580c0769efbf5
7246,2021-01-25 14:38:44.707,2024-03-20 16:00:38.073,pro_QKykv5hHoeFpq8ocfWGDbB,ken_app_prod,3e2b8334dcddcaae86967bf8503c91929a0d6ca06412526e52ad79361ec62252
727,2020-07-26 03:15:35.498,2023-11-24 10:55:52.105,pro_XNkiv1nvhaEQAKXpBYBhfQ,ken_app_prod,25f8a729c76ccc39fb662e2983d20126e3c414418e988a3e9be8b471c8c1eed2
7278,2021-02-21 20:22:35.608,2024-02-08 18:13:50.164,pro_XF25gagvGeonau1b65Dj7R,ken_app_prod,98b14d68804bd3622ec3a1c54556e7d2bfc6314e6dce36a4375b615feb281866
730,2020-07-26 03:15:36.313,2023-12-01 19:57:04.881,pro_KsQMybnVYxmyHNFrr6fENJ,ken_app_prod,7dc44063a481bc48215be9c81a6e855e19081b2facce73ec474008f4ba0f72eb
731,2020-07-26 03:15:36.642,2024-01-16 14:17:58.435,pro_T19FHzCFVWCzQUZKiiz16D,ken_app_prod,a92dc5e3add16fd4e2638b0070c199af6a3787b437405e725aa61cf14880b42d
733,2020-07-26 03:15:37.170,2024-02-07 19:53:20.899,pro_73zC2To8rZBzQhRwT8Fjb1,ken_app_prod,97f1d9898486ced8a3dd343a88c69eeae9084f82ed08e61e21975b7ba819b6e3
735,2020-07-26 03:15:37.686,2024-01-23 18:43:50.594,pro_4Kn9oeCoTAF5NTYRSJD8uc,ken_app_prod,577b2b78ca0d5fd0c8902cd7bc2d726991bc97e2fac3b1c45978feda89128b65
736,2020-07-26 03:15:38.011,2023-11-24 10:55:52.105,pro_2Wwbkq3ebR9s6EiGUZt3MD,ken_app_prod,e04cb55930401164b1ad1acab5cf78873554b036a58684da6215da216f1dda15
737,2020-07-26 03:15:38.457,2024-03-19 17:16:58.299,pro_5SWkEgVvqvZi4hDQBhZcS8,ken_app_prod,e2770d8d0ddb367d2f17a0e4862d344de707964de2deb21dd44e09efcca973d6
739,2020-07-26 03:15:39.804,2023-11-28 18:01:22.394,pro_GqADfp1YDJjFq9nEFUyVXJ,ken_app_prod,0c1ad65768c948541bfd670152bbb952853b6673d5c8295dc6a1d3d364bedbe2
740,2020-07-26 03:15:40.133,2024-04-29 15:52:17.644,pro_BV2UrErq8tAU7BMmbq5pvY,ken_app_prod,cf72a5586020ff4625f04cabc5098b643530c657452beb2e37bfb5e031217529
743,2020-07-26 03:15:40.962,2024-01-26 15:18:30.554,pro_8MQaca1wBGLg1RkY2LERtr,ken_app_prod,61499fe388efd62370e1e10130ed9d652f2f3ebda25ba6f23f569d819b01d51f
746,2020-07-26 03:15:41.752,2024-03-19 17:18:46.922,pro_B3pbPUy5aNTdtMtwK4XhKC,ken_app_prod,ca64a5a320c106658307eb4b981d3a691f5d275c9a7f8e7ba7aa7e589aefb24a
749,2020-07-26 03:15:43.238,2024-06-29 21:02:46.225,pro_MpPEBCVzLsDLG1ZF3wqg9J,ken_app_prod,696f064b4fd0f511d039b34f6e14945017231ad182c5cfd666b1059e3ab1ffa2
754,2020-07-26 03:15:44.542,2024-01-16 20:41:28.020,pro_WPkPd6Rw2XZd59kbbXQ8tm,ken_app_prod,cfa3c2591924db092f8cb0d6b41767bbb5bccb10a70716c3c50340deff650943
755,2020-07-26 03:15:44.926,2024-01-16 15:25:12.991,pro_2pHT4cEGFSbEcTK3eJu74d,ken_app_prod,7b0d9984590be944f70d2fed685be6bb7f5b09c7643da2da7aa6c8958ad42f8b
756,2020-07-26 03:15:45.191,2024-01-02 16:22:39.409,pro_S7XNzHGC7erLybpFzC5VeC,ken_app_prod,ed045253a646c10dec30798187eabcae0a7a61260b5a5b3c2dbaacd3a052efd6
758,2020-07-26 03:15:45.788,2023-04-18 18:46:59.910,pro_XWiCzkRWsPjQVeuGXAoAoT,ken_app_prod,58f60ca54554b82e0d2df37b21119261697136598978c53db333a264800f7a4f
759,2020-07-26 03:15:46.355,2023-04-25 16:27:54.224,pro_GtqL8qgBLZ8z6W676dphHP,ken_app_prod,a533cba8f68599a754c5dcdab880dd8fe1343a0e5a2435eae9e90deecdf7fe1a
76,2020-07-25 19:58:34.012,2024-01-31 18:53:42.348,pro_XEhgsffqQEukvLt1nz6EZT,ken_app_prod,3ef1dc24da233784886b86cdc27b90d4dd01a1cd950e8cd75d1e54e04bb63d68
761,2020-07-26 03:15:47.702,2024-01-26 17:55:36.019,pro_BivYn81MYZtDP5ctMjmQkq,ken_app_prod,2d78bf6d2e7a66f32032e56f8e7272d8fcb434f5927827fc33072523f1199742
762,2020-07-26 03:15:47.969,2024-01-08 18:59:11.433,pro_6eviL5b1WFzhmzs7eGVrfN,ken_app_prod,bc270853315b92926db2b42333a17cffa33ab0aee59c62bd661778662a71581b
763,2020-07-26 03:15:48.250,2024-03-07 20:58:08.115,pro_NoaSXyEeReJz82NWFAiYf3,ken_app_prod,1f380519722438ccc0a26ad0b2fc50123258d2a30fadf66d58fee22f78e3abae
765,2020-07-26 03:15:48.750,2024-03-14 15:03:55.941,pro_YUhPcA23wEBRNbxNtVU3nP,ken_app_prod,f42f35335eaacf6bcfb7583fe15ac6bd17d686c3a188a9b22dbc2fb8655964fb
766,2020-07-26 03:15:49.053,2023-12-01 14:37:17.106,pro_MNYfWy2hQq3q1PnoNZMa1g,ken_app_prod,19d903e1c7d3a7bd746ec80539f4efca2f3358217d8dcc7a1aba569ce2b20a90
767,2020-07-26 03:15:49.599,2024-02-12 17:09:58.531,pro_Gtnyehvpi94yvV19romkmC,ken_app_prod,076a13a6f5ce94e3ba875487b2d1e25d3a3f040542d5f91f2245695ef6377a59
769,2020-07-26 03:15:50.903,2024-02-08 15:21:31.537,pro_DpLo5orZoNEfCv2V9h42UE,ken_app_prod,c56e6096e0a3e60a5d94166f93ea7d6a7a6778b78073902fe3e3c3e4f7d18cd5
77,2020-07-26 03:07:18.991,2023-12-11 20:52:19.896,pro_UnooWnMmnUpuTXSDHM7Kst,ken_app_prod,46dc431eccc30f83809da334951e2d1ff2bf341e380e14a31db5d39155418f28
770,2020-07-26 03:15:51.211,2023-11-24 10:55:52.105,pro_HDHikj1aY4bELXdmrUnAfL,ken_app_prod,cdbdddac47458b762e780f3dbf69b4ea69118cc1a3b686bf4be13d7c61612489
772,2020-07-26 03:15:51.819,2024-03-14 15:08:22.912,pro_P4S9xpuQ6HVtneVqqiUiiU,ken_app_prod,71e349235c9437decb6fd64b65479c9968e4485b12a0b97ca6d2a2414ed0d094
7727,2021-03-31 11:35:38.874,2024-01-31 18:27:24.720,pro_RSYxfEKicUu5JPt7Ev8dYr,ken_app_prod,53e5ecbaa95a741d12a3eb80adfea6fc59d42e062f6e4f6bd33f7b4dc1c630db
774,2020-07-26 03:15:52.325,2024-03-18 18:05:51.624,pro_H1H5MvKotR9Zf4fWeawasN,ken_app_prod,3b59ef211f98e4abf47a8e30ebcf5dcf8b7fd975871e2418b514085c924d48f4
776,2020-07-26 03:15:52.842,2023-12-04 14:39:23.250,pro_5goQrp5HFmjSGCocX6AAkz,ken_app_prod,4698810898c159291b4f3521ebed3776d80958895f36f4923625f3b34cad4fb1
7764,2021-03-31 11:37:51.267,2024-01-31 18:27:37.854,pro_FQUefK5qdR6i4mzVNgPGCi,ken_app_prod,59dfeeb9397c9884fef6005b2e54d5cbf27e9411a700d857d04eb9c9e2fbde05
778,2020-07-26 03:15:53.458,2023-11-24 10:55:52.105,pro_LziB29LcduHhoqPHACo9zo,ken_app_prod,b85d860eb94ceb6d22e4ffc15774a105fb1d6156b4db089763378b229c8c5414
7780,2021-03-31 11:38:45.937,2024-06-29 21:02:46.225,pro_RSfdvHgc8Nz5b4Dn7VW7D3,ken_app_prod,b48dbf0c4f13b94aee8516fbf1dc8d759b4ed99bd3d1f5f8a0edaed58bfda0c8
779,2020-07-26 03:15:53.824,2024-01-19 13:53:54.223,pro_CnZoTZPuvPpojuR1c8zq6N,ken_app_prod,2c0d627f0dd80af50a053463bbcd52724c16ef62c5063fb8c27e271bdf9e4ac2
78,2020-07-26 03:07:33.636,2023-12-13 20:37:04.682,pro_QgH3x6iQMgi18NSoQFn3JA,ken_app_prod,9362e50f7f2697d844a5ba65421d64adf13c85d0738a24607a56e2d19a9e79c0
784,2020-07-26 03:15:55.110,2024-03-18 18:47:25.817,pro_DSsixvsAPA9AtqyqPM15ef,ken_app_prod,38ae874d71b124a495099e9aa21ceea311c743df37887d3841a59f0f0c2f7f30
787,2020-07-26 03:15:56.492,2023-11-24 10:55:52.105,pro_C9bZfn8mH8WiqxuTFhfcLS,ken_app_prod,c061254a8db5c9e2d4668391da2aaf838c077ad1ea562de3f16950a2103fbc6c
789,2020-07-26 03:15:57.015,2023-12-01 19:46:25.002,pro_VARmPBqtymMsoicDo91zyt,ken_app_prod,706a4151c4e49aafc5dec8d67fc2b3c0eeb07b4efaad35666931c3ce62d47b33
79,2020-07-26 03:09:57.513,2024-03-12 15:26:11.467,pro_9HixHurBeEvjGxUhxU4K2u,ken_app_prod,4619e7273c3ffbc49861f77e0c27d1f435a27fffed31639a651869602ca94160
793,2020-07-26 03:15:58.047,2024-03-06 20:11:07.723,pro_7Zeqt1cVAQi6WiyhkamVYx,ken_app_prod,8515f456f3aede62584c6a09df885c34db1c91eec936a24cee8cfb730fc93df4
795,2020-07-26 03:15:58.712,2024-01-04 12:42:46.259,pro_RbFtCkdjfa4x1Fq2fm2epM,ken_app_prod,0d26d610370d623513bcd91030b0beafd851a38a849c67ab0e90782612d0caa1
80,2020-07-26 03:09:57.924,2024-01-19 16:27:03.542,pro_P6LepFvhqWTitWWSkmrTai,ken_app_prod,9ea93fb5f41dcc8270cc921bfc8f5eeeca5923d97ea17a5fb9bca81f3f347adb
800,2020-07-26 03:16:00.030,2024-02-27 19:52:32.410,pro_MZUVvwNWqTm6BxT783JQZE,ken_app_prod,92fe16e61c49d3e3d76c713c3ce5693532c247854dea36b29d7be054f8cdb21b
801,2020-07-26 03:16:01.168,2024-03-14 14:21:04.368,pro_T9LnXYK2nR81BuMraC7PAA,ken_app_prod,0701f0145d266f23669d3173fe569986641c19cf1272fbb4e13a350b730e62be
802,2020-07-26 03:16:01.557,2023-11-24 10:55:52.105,pro_3oXi4jQ6LB9Y854cFMX5rh,ken_app_prod,b9024b4133c151c823e4b0f9fce73903d613d5df922229e6664e8527192582cc
803,2020-07-26 03:16:01.883,2024-01-29 17:38:10.167,pro_9iq1LrMT4UdjHCTn3pxtBe,ken_app_prod,c5d2963639666f0368af8ce3e1bb86aa0d795b513001aaa7b6de38593612a819
804,2020-07-26 03:16:02.184,2024-02-27 14:37:26.845,pro_5V94FJvntUHyQmFRmb8KKH,ken_app_prod,65e261628477a7edc1aa34d8b478af27dd828cf125bb3acaf6885e21440cd36d
805,2020-07-26 03:16:02.604,2023-11-24 10:55:52.105,pro_KqcFeCJgNhVPrmzPHXdQW6,ken_app_prod,436588b7f6266e61246e30d8c941ae4e6bd23f0f8a4a4e0bee600be8e6a3efc0
808,2020-07-26 03:16:03.418,2024-06-29 21:02:46.225,pro_N6yNqhHz2kn1rRA2ccZdt8,ken_app_prod,0a15e7be855145bf07ed6d9609226e21e1d46d9de39db56ddf106a1d01b65e63
81,2020-07-26 03:09:58.310,2024-03-08 20:11:20.640,pro_AKyW1GLAFBtog9bReidWWg,ken_app_prod,571f1ffcab44b7f01a64fab41cd8549f8840ca4a698f12a18cb3d2b1d3143a3d
810,2020-07-26 03:16:03.915,2024-01-02 19:54:25.761,pro_JrZRf3qT3PvkviGs2NnYVJ,ken_app_prod,10f65db685eefbc2e2e3ed11d4ee066257d559afe285dbbc7f30649cf5a0df8d
814,2020-07-26 03:16:04.922,2024-03-15 20:23:44.396,pro_GKr2McAoPG2kp52WQ82Dek,ken_app_prod,808ed84d56d2d9970056b3ad75ba14a58baa6d24d960e7b2112907199482bcd7
816,2020-07-26 03:16:05.410,2023-11-27 21:31:57.335,pro_XWzbkUPH9vfgmkuPGBsXsf,ken_app_prod,fa0fcbf044069b5901ca60f9dfa3eff31c64e8454b5a7d61f8b07801fcdb4d2a
817,2020-07-26 03:16:05.735,2023-11-24 10:55:52.105,pro_Vpz4Z5SMN8PCdK38EhZz5M,ken_app_prod,10deb142f8249289591e07d7ac0fdf87bd9c11405d11d0cbfe35790e5d516755
82,2020-07-26 03:09:58.816,2023-11-29 19:02:05.175,pro_UQDTRDi6BAhTRmYLFshvqQ,ken_app_prod,b94c6694055c357d10f8e6a782c7159f5f07e7bca146b4fb057aed5b0cf1274a
824,2020-07-26 03:16:10.343,2024-08-16 14:41:14.691,pro_KSeDJBzS8tqY9H7UXsxefL,ken_app_prod,c4d4eb671e34bc1d33e02725252639aa95e47553898b41080ba727112b41d752
825,2020-07-26 03:16:10.718,2023-12-21 18:53:18.568,pro_48gL4tYJS6C5WtXMgnqaKX,ken_app_prod,9f913aa3797b5657c091a3f263f5fe32da04226ff4b06ffa1bc131199a0d60a2
826,2020-07-26 03:16:11.064,2024-01-25 15:20:29.139,pro_QXJUPcDpTR1qJSDe2d9WZK,ken_app_prod,f8f21b35ebdafe70bfc1243e9bb376d57be799e628ee06abfb187c66fcb8ccea
83,2020-07-26 03:09:59.283,2023-12-19 19:20:43.183,pro_P5fqLJQHRdcEajbwbKsWrp,ken_app_prod,65ecdd0c453cfac71586ba3dc047d78d9f13d548184193f8b38e51475f57bd78
830,2020-07-26 03:16:12.361,2023-11-24 10:55:52.105,pro_ErkncuP1bKnMpg6RJMWn5v,ken_app_prod,57a052d72af15332bfd2b195c3d661c74b9150064b85ec443fb448f46b681f44
831,2020-07-26 03:16:13.008,2024-03-12 15:18:21.728,pro_VsboE6atg8zpdPnohqxyL6,ken_app_prod,840226834695f9b935dc5ea254a44eb7426bbc47f7925944d3c0d398ed88539b
832,2020-07-26 03:16:14.399,2023-11-24 10:55:52.105,pro_Pg5tdLMuuJG2imqL9tE1t2,ken_app_prod,9c2323bbc4803ecf0df6b22b086586637a963892151b50059ee7a4df443506f3
834,2020-07-26 03:16:15.911,2024-06-29 21:02:46.225,pro_Nb9tcRDnR6uvWbsPdHYYW9,ken_app_prod,f44ce70675bb97a0b6f4e031bda3fff29d0026fd6692c8e369594236c4a47620
835,2020-07-26 03:16:16.208,2024-04-29 15:52:17.644,pro_KScXKR4HfbeqK4LXeutiTv,ken_app_prod,837db35a6be91211b86bcf35a2ac738a16ab4b47315bb65ebcd16d9bdb101a76
839,2020-07-26 03:16:17.112,2025-07-03 16:12:55.827,pro_C4vqpRbsf3ehzLPmeVJAs5,ken_app_prod,cc1ee36d5ac6c1defef359110db5fd6857672427799e347e09bfd5e790ed927b
84,2020-07-26 03:09:59.718,2024-01-30 21:25:04.950,pro_AcdCXg93SbMdXnV8ay51hS,ken_app_prod,ac1a51708eeaad8070878bf03f796c07eb76fc38a0f38245012b887f49751381
841,2020-07-26 03:16:18.557,2024-01-16 20:12:07.702,pro_MX6HMDkeuKy8ewUysfj1DS,ken_app_prod,c61b73fcfe80caf2c7a136dab24f0317c476842c19ff50ec80cf0c9397030e65
842,2020-07-26 03:16:19.255,2024-01-16 19:21:47.592,pro_2tCdWkioYH7JWxtK3VYfNW,ken_app_prod,a335c89bb28743a27fcb86df435b23557c84e13beae84d457c644d048fd0bb67
844,2020-07-26 03:16:19.929,2022-12-22 22:45:35.236,pro_BANT1PSRxT6Xb3LZZwk3Ki,ken_app_prod,56d427034f67552b779ff4d8285157a5653cb79758c7cf9e112645d45c66cbac
845,2020-07-26 03:16:20.253,2024-06-29 21:02:46.225,pro_GQ5f7iDqkCRLsrNcncHYkD,ken_app_prod,0eeff960c814147eacf0705f59ce62fb7e27cf6c385c72817bc117a44bcc46a4
846,2020-07-26 03:16:20.548,2024-01-16 18:38:36.493,pro_N3vGCdnWbRBUok2tRd5Ygy,ken_app_prod,69160c730e28488ad5eae10d5b630577e177a97077f11aa5fb5435123950c759
849,2020-07-26 03:16:21.577,2024-02-07 21:45:31.709,pro_ArSd7nQc5axFs5wMaBDV9j,ken_app_prod,53b787bc7d5e3e9b58b2e77d183f849bc76ead7922c210102421e37cdabea6f6
8492,2021-05-07 16:35:55.220,2024-08-16 14:28:55.403,pro_5FjNi9M38bYmcCdbCri6h1,ken_app_prod,5bf662483e4d7a8ccbfe8419bf74f6f27a4c0d41da5ce0b8f018caf9e3215b52
8498,2021-05-07 16:59:02.158,2024-08-16 14:43:08.992,pro_Lfswvh3uC7TZY7BcdFF1cq,ken_app_prod,7c5ec2ba87e9481a8904e1d18ca75b7503c14188eb8afd13e1397cb8b229219e
8499,2021-05-07 17:02:39.155,2024-08-16 14:48:17.059,pro_UFqehKaD5zgo5uU5byVb6,ken_app_prod,90f56fb120c2eab382f14ae927bba5dc7f539eb1ca1d20c25a7791d05039958f
85,2020-07-26 03:10:00.025,2023-12-29 12:23:20.590,pro_SzsjkNDzKPFrAbxbrCKPsF,ken_app_prod,f1856bbd4ae08882a88f6281079a919c96c344cb5efd554c0273e1ee1ef8bd55
8500,2021-05-07 17:03:55.401,2024-08-16 14:20:41.779,pro_2GxTiRwfJwpjtxQ15tUVtn,ken_app_prod,11ba196e0a5209254057202718e6940060b2e60b30cfab6d45e5836287b016fe
8524,2021-05-07 18:58:30.107,2024-08-16 14:43:55.483,pro_DTBnogyNVSNWcdyBZTqXzD,ken_app_prod,533af11c3f79a71474148df3f9791f068c4f078fc6ad4623bdf70b6eda6f9af4
8525,2021-05-07 18:59:45.227,2024-08-16 14:18:06.241,pro_7DVX9QgGcSpTX53Cq4VvKp,ken_app_prod,375b97f7721fa0d2bbb11564373af0b4dd69515ba72b4826a9cffd76ca248427
8526,2021-05-07 19:06:57.658,2024-08-16 14:18:35.065,pro_XryPMR38PUzQETQRp9Tb9B,ken_app_prod,05c0bb5780a1f2041a2eb322a0b6fcc69039615768f93484dcbda31c163073fa
8527,2021-05-07 19:08:15.472,2024-08-16 14:42:46.740,pro_Wh8ve7HoFhioEsZKxSWf8N,ken_app_prod,71b8f358bfd635dc51744cf8f9e8c3e9fdb2954cca45894ac91d57606f1e95ad
853,2020-07-26 03:16:23.139,2024-03-14 14:55:00.835,pro_FTkj5jVf2A1tTJYAsynt9r,ken_app_prod,6440f78fb434ecdc643803ba452a8bb78d219cb8970f70651b6c7ea19da4839d
8536,2021-05-07 19:37:27.551,2024-08-16 14:46:37.368,pro_XRkpGhsAcFPuLXQQWeMrft,ken_app_prod,6d868d6084b990fcd6bbf8d352eb0c65b1bb7251efa2530e75290228f9a77796
8537,2021-05-07 19:38:26.380,2024-08-16 14:43:38.816,pro_M9CZVmwq4n2MDM41kaLXhb,ken_app_prod,263ada8bbce225286c1af3b6418a8818277c13740bd66bf69ea75231b5291430
8538,2021-05-07 19:39:38.044,2024-08-16 14:34:22.473,pro_Pst22FXkQmdonTR2xaCxtj,ken_app_prod,ce84376ad2b85a500fca175b459580277576befbfe819f65e8f74bb554371752
8539,2021-05-07 19:41:04.947,2024-08-16 14:49:57.875,pro_5yRYHbwRULQN1KYwMvcxoo,ken_app_prod,71af17da12b07d23869be855968e9879fb46a7030b5f292a2d521c67afa1e1ec
854,2020-07-26 03:16:23.524,2024-02-08 12:51:14.845,pro_BtvNx8sC4jErTaMDoNTvPL,ken_app_prod,f29ba7904482d75c111077b2b9898ff205ea76dbd22c892227108424b55c04a0
8540,2021-05-07 19:43:07.938,2024-08-16 14:51:16.819,pro_9BvDxghXAJ2oFSRCykaYye,ken_app_prod,b6ce5c39c35ef12c3b42bf3adbad088f28c8a300fa6a8ddba63c77aa594e76ee
8541,2021-05-07 19:46:53.573,2024-08-16 14:45:25.474,pro_6iwuyHZzREskgpEpsj9aYd,ken_app_prod,65c02867460227a78b3bfad7042bf01408c808cb16476aee457580a458f5d002
856,2020-07-26 03:16:24.623,2023-11-24 10:55:52.105,pro_6AB5V13cvPjiwTHwLJZTDj,ken_app_prod,bcfbc00aade286ad2d43eff4354911df2e5c8832d5755b567adceb8432638e14
8564,2021-05-19 18:04:31.779,2024-02-26 21:27:35.042,pro_FczK4xmu2zByDQHQjLQgkz,ken_app_prod,5542c8b4bb18805c13134234ba5ef0fa215caec99be63a6661ceaea7d8888913
8566,2021-05-19 19:05:23.593,2024-02-26 21:24:09.764,pro_XNTE7FjHKJJFriqKfTjVPF,ken_app_prod,a350b7c6c5e8e2e5fa49968c2dea75732bf841b198dc496dc90c310567c45c94
8567,2021-05-19 19:11:45.596,2024-03-14 18:36:33.686,pro_7FojSRLEiiuKJWKKdud7ZM,ken_app_prod,bff721d6f7423a2e643b6136176a49e581ed8649c0129a0a4525ca9aabfd67bb
8568,2021-05-19 19:15:38.994,2024-02-12 14:26:46.787,pro_G3M8GeFEtJjNh57TQMVcms,ken_app_prod,822eb0f609d82681568425bb91666b219ef39086d0a1fd6e6ebc4421206026c8
8569,2021-05-19 19:19:48.458,2024-03-14 18:33:27.746,pro_V3zPik8n1ifG3GSrFkivKL,ken_app_prod,5de609b33c7e8a5eb46e42cab73fc826227405f7776c3fb09d58cf0a78d1cb78
8570,2021-05-19 19:45:12.165,2024-03-14 18:32:47.356,pro_TdfoQepGRZGs43YKsG7Xza,ken_app_prod,dabdb9855b935fc56cb38ddeb6b2d630fd0ce1ce520e0167d4d30a0d7f5923e7
8571,2021-05-19 19:48:54.750,2024-02-26 21:25:34.889,pro_XJ2aVxbVnPd1G6FfDC4DHV,ken_app_prod,f91840b5966ed9d6ee137acb8bd0bdfd22d6d770480787b13c97a581e5837208
8572,2021-05-19 19:49:40.102,2024-02-12 14:27:03.214,pro_CJ8ugrnYXQHhdBVqYJXn3N,ken_app_prod,9c50a72bef13137ead785470e37e39f15993aa65fe33a0508ea2bbeb99180f15
8575,2021-05-26 20:33:22.280,2023-11-24 10:55:52.105,pro_2qFTpif6C53thXvZk9DrS5,ken_app_prod,dea2f04e1197befa6761dcb7e87c333418477e299e76ba76ed15691a21ecd209
8583,2021-06-03 22:53:40.614,2023-11-24 10:55:52.105,pro_TRxx3pPzVZk6rQNPtpGHXv,ken_app_prod,7b0e5a17a8b8c43f00c1e612f430d0dc4d3723727c7e113a0ebfd3824c4dbfe0
8584,2021-06-03 22:57:37.128,2023-10-22 16:05:42.883,pro_2aSyZARRxg4c1b2kad3bwu,ken_app_prod,2512d53466f92d541400fe65d6ba75d70cbf80b0688f475fcca455c38c12068d
859,2020-07-26 03:16:27.281,2024-02-27 14:35:37.329,pro_3Hs3q6zpPFm9eu2yXx5Ruz,ken_app_prod,0363cbba0f48232e7bd27663c54af2d2696a53b27a400cb0b9ead0c91b28b611
86,2020-07-26 03:10:00.441,2023-12-01 18:11:27.684,pro_CTsGhV4H8SDjiKhGy7xCRv,ken_app_prod,db89263fc3f425bd6fbcfad8795adc630bc3015de670d40392672e91bc20cee6
8607,2021-06-22 14:09:52.090,2024-01-16 19:02:28.865,pro_4P5SUxLZ1d8EeUrTNZEpne,ken_app_prod,757fa3cce0539c86c33e74e8750da93743385bb213bde48c4cf26c5c2b256a9c
8608,2021-06-22 14:39:26.517,2024-01-30 17:18:20.781,pro_JDjbfzsNUQQMExKbPugWPS,ken_app_prod,c8606b22f5c38f9a3852c53cb636a7efdcaa5bf4c900cd4a5463e239699113e5
8609,2021-06-22 14:42:25.088,2025-01-07 13:46:40.128,pro_JiVqjW8GPYH1C9FegQqzAM,ken_app_prod,447c32a28e61937aafe2d2fb5857c72504be0be5a81daea91c24c7abfa8f87c0
861,2020-07-26 03:16:28.158,2024-02-12 14:55:35.978,pro_QAcYarev8mPDrqK2yH2Mie,ken_app_prod,583fa783f0c494d79a9739d2a369e904901e7c790247bab4550d35e95741a0d6
8610,2021-06-22 14:51:12.978,2024-03-11 19:23:51.253,pro_A1tvERMjZBwgBf5vMXUk59,ken_app_prod,b3f21abd0e49b8d3ce364a57e4c1efdb63532c04eaa04458838392aab2c16f42
8611,2021-06-22 15:08:27.275,2024-01-30 17:24:33.201,pro_9V6H8Q2kPpN3W7dN39VXq8,ken_app_prod,6d4a2ab9daaa03138e5c165213de83911e8126800162bdbf8a31b2c49e919c3c
8612,2021-06-22 15:13:08.203,2024-01-30 17:21:40.264,pro_9Jfejs6xGmVuAvxWYVHwQ8,ken_app_prod,d97b3ac0a03f0756856f30b9ae83e0bafbaa11e8bce357d8f20de5b5336af840
8613,2021-06-22 15:28:33.925,2024-01-30 17:18:20.781,pro_R9nzWzCPrh6MucFPsgXhm3,ken_app_prod,d14b98ca359d7e9ba36fc7649a17ac895ffb56bb19f768d8622b5c099e836edf
8614,2021-06-22 15:37:33.852,2024-01-30 17:25:19.429,pro_5K9AkUgxkKcGaJpxZYoV1b,ken_app_prod,4992a1529ee3f7204abd9c466b4b7dae2e47817b1fa0b10d0866c8f7c96eb430
8615,2021-06-22 15:41:25.653,2024-01-30 17:25:19.429,pro_RfYKpDS2gDzNZaAcjM3c6F,ken_app_prod,73347ce0c7e7774c4bf1aa9dc029541ac1023b9e59a938df78d41bebd4c1d6b7
8616,2021-06-22 19:16:23.783,2023-04-21 15:52:00.758,pro_TifwZb5pVA3syqdeFyyWFH,ken_app_prod,86defba7cfb9f5e600184d0d69b5e66ff27520cf12537c574b176e1dff029024
8618,2021-06-28 13:33:55.613,2024-01-30 17:21:40.264,pro_GxJ3d4ibX189dgkLM2hmpz,ken_app_prod,36a713ce9c20c648696702ef08d8e23dc8fe6ac40196caa5bc02bf1ee234ffd4
8620,2021-07-06 19:56:27.982,2024-06-29 21:02:46.225,pro_9GossyUG95ESs6vzoAK7Zs,ken_app_prod,fc2b7fbcb534f3b7fd96b1007189096f1b1cff490f47f09d6e805cca5df66e18
8621,2021-07-07 14:33:06.169,2023-12-27 17:10:15.558,pro_8NNNRMy31UF1rdp2q5dWGQ,ken_app_prod,79310f0044c90ffd8d7fc248dba8adc24d6bcf1482a649d320955f70d259cd2f
8622,2021-07-07 14:35:10.580,2024-01-09 15:38:29.326,pro_RCaYJDWH935VWujiKvVoA6,ken_app_prod,51f03b49d58a46ac87fe4f09b312a77dbcc9a4bf7247bca7adf96c4647e89715
863,2020-07-26 03:16:28.918,2024-01-26 16:01:52.109,pro_NYiptGAmrwBxg3YuZsMUYw,ken_app_prod,33aa78a080d5a183e163a83e4e3609c7a4c942ddc79c3447da0b78b039e59c84
864,2020-07-26 03:16:29.300,2024-02-12 15:12:42.023,pro_Q1uZ2rsjtqasHst4qfcbpw,ken_app_prod,6c94e693a99de7d05b112a9ece0f6203700aaef5f0db2d41e3e921874631c832
8641,2021-07-26 23:54:44.883,2024-01-31 19:39:12.813,pro_ED1tqadaj6jA9X9v2Zs2Dy,ken_app_prod,0115e71f9c637833680194f461524c68529a931ada7e6e2f371f09d38686e5ba
865,2020-07-26 03:16:29.960,2023-12-11 19:45:04.717,pro_4EKmvLSDjRD9tXQJhjbdXK,ken_app_prod,3dd2a16e3ef7f81863a296313b0682e8cc57136dfce8bdb70b3ce0328bb7e906
8650,2021-08-03 19:10:16.066,2025-05-09 16:54:40.033,pro_9uDhnV5vM9APesvtAwdeuF,ken_app_prod,c404ab2aef238ec76f19fac6d2635d6d99869156c68798388ffd9f777508a301
8651,2021-08-03 19:14:48.763,2024-03-04 15:57:27.123,pro_FVsLKV729umJxKVvBMCn7q,ken_app_prod,ff5fe579b4cc3aecd1f125268772323b37765559b6f76cfd5daaae0e567e385d
8652,2021-08-03 19:20:21.258,2024-03-04 16:06:49.954,pro_3z3orxssToAfgCBkABSP83,ken_app_prod,182659e0650f042ce67820346684840577ffb3629e1f537e95a298e25e9dabb1
8655,2021-08-04 20:24:26.472,2024-06-29 21:02:46.225,pro_GDRLgcANJAEyoEgULZNA9m,ken_app_prod,72deea64671d3f10624cff3c55cd67c8440b9ec60f42ed59f7d01b39d1ce0289
866,2020-07-26 03:16:30.367,2023-11-24 10:55:52.105,pro_Qe3LU34i2rN4eZtqMpsE1Z,ken_app_prod,039a04f06e119602d670a183a7e1a6929817738307b22bc349b7dbdce67d4d1b
869,2020-07-26 03:16:32.280,2024-03-18 16:51:56.235,pro_KjD5cZH8xcJErYhstNmqwt,ken_app_prod,6dede1f5d9009cdc9b2db830ac8798cc80a00ef62016319701341ddbc2e2420c
8693,2021-09-02 12:39:12.091,2023-12-18 18:17:01.671,pro_ApXaCWm6VCWiTQpLhfi7hN,ken_app_prod,3d3f267f7e9d8ee8225dc6d5103a45289d68ef682cc0ccdcb17c948dada6a711
8697,2021-09-04 22:17:59.412,2024-08-16 14:49:42.540,pro_Xs5M2bxe7fiK6VmrwAFqmA,ken_app_prod,d4d32a1c2f151116668eb1d018de8ccca9c84d0c0831e786c432720bcb71e22c
8699,2021-09-04 22:26:59.430,2024-04-29 15:52:17.644,pro_VGtTdGBbtNj4HoMwZipVFV,ken_app_prod,d5ad54a77d2f2b537eb6094343f107ea5462dfd1041974529b3e707fc07a5b1c
87,2020-07-26 03:10:00.849,2024-01-22 19:43:32.752,pro_PR2Rwb3UEFhLYR4LsxAKkk,ken_app_prod,52e6d9d7d80ab07425abe0ea685086571f6bf7cb8369a7661da0a1f6ed356a8a
8700,2021-09-04 22:31:42.915,2024-08-16 15:00:36.130,pro_2C2BT4vsak6K23zVFGB4EH,ken_app_prod,bd0c18dc4aa633b0b1de752fb93ed2623cfe0070134760b3c5e7099d106fa2eb
8701,2021-09-04 22:34:39.633,2024-08-16 14:47:31.803,pro_RbqK1FNv7r9RW3sLVXGP3u,ken_app_prod,136cbbd0b362e96dc4f5301238252775212d997561974ea8496ca3507b6d1dcd
8702,2021-09-04 22:38:10.578,2024-08-16 14:44:29.927,pro_WKqXYkFt1tWoZoKCujJGdW,ken_app_prod,a6ddbf296bc0c6842419f021f07d516cf997c73753401f9a6f3b7efe7b56706b
8705,2021-09-04 23:07:25.884,2024-08-16 14:20:26.270,pro_K7k87XQEW312dGGJNwuJz3,ken_app_prod,1a3f6824b39c98ad585a11a8ad5ef169890cfc78d9d31a778d5271c1468f2334
8709,2021-09-04 23:17:46.145,2024-08-16 15:02:21.244,pro_WhfdPHDmCyzLvqsXyuiMUp,ken_app_prod,65c6e8cade743ca159d5427b91bcf0440c554f69be6efab1eb9efbb509e9438f
871,2020-07-26 03:16:33.966,2024-03-01 18:23:50.135,pro_GoUZckxKdnwvmBUy4E3zpD,ken_app_prod,26fda97b0ae0af34b11688db77fe100b685e326aab671ba4d8c7f744ee21df59
8710,2021-09-04 23:19:31.132,2024-08-16 15:02:02.853,pro_FKzyjWQXigAbWoPNRLaPme,ken_app_prod,7a577cff09948ac80d80c7e30e5ae87aff96135c1a49a23fb7f578bbb4f94d7f
8711,2021-09-04 23:49:14.626,2024-08-16 14:50:52.067,pro_SyexpFqTXK9RzVNoHjAndX,ken_app_prod,b9d3a00da814ecf653a2f2d294bdd1db904d0ae850ce4a71b369e2db42e7b967
8712,2021-09-04 23:52:51.993,2024-08-16 14:38:41.478,pro_SC1UCeviEMfKT4oFqKkFJi,ken_app_prod,6e1d7e428dcb8e908b25b9034c79541f8524ec373d6564c657fc6fc137d9c92b
8727,2021-09-05 00:45:22.978,2024-08-16 14:41:32.810,pro_QLAVKPeWy51xwigmm8ctaC,ken_app_prod,692763cd2559ecdb33d2aa3818b6d9012d0601e9f72e52fcfc7035125526063f
873,2020-07-26 03:16:35.344,2023-12-28 14:43:20.049,pro_YEbvZjRKqR1nFA1cXfHZwc,ken_app_prod,9eb2795bd866241c13c74a3d47e8225f1e7a4cb0b0073fc598e8d344be9aa07b
8730,2021-09-05 00:51:35.760,2024-08-16 15:06:51.974,pro_2dUsVYff3x8mz1VYSrVwco,ken_app_prod,5decdef1517a2e5f2b5686e3264cd9cc99ecc407449cbb7ef2ef9ee5050c1ca1
8731,2021-09-08 15:05:14.643,2023-12-04 16:09:53.859,pro_UAsWgxMthNF4ubWytUiAGb,ken_app_prod,46f725a90dfdfa25395e9e292cb2f9ccb9224e508fadf5b5ba8a33d5c91b7cb2
874,2020-07-26 03:16:35.614,2023-11-24 10:55:52.105,pro_6c1TggVm28rHNbZreuduhm,ken_app_prod,12e03ba2b7e4059eda8ad7e16adfafbd661976e19c437fc3cb5557f372ff4832
8746,2021-09-10 20:38:55.986,2024-08-16 13:50:14.720,pro_VRQoL9ebHUJqbMfrcVL1fR,ken_app_prod,84fe5ff4b2f9e28a983298bd1ac07d8fce76a1af541341a9808b09b6afe7e7ad
8747,2021-09-10 20:42:17.772,2024-08-16 13:48:42.778,pro_2Qn6aqK1CUdubooqSw9vvv,ken_app_prod,67cf0f7cf67c130ab10d7b3255533d61fb1544dad4cfeadadd6da7fee90e02c5
8748,2021-09-10 20:43:24.723,2024-08-16 14:38:58.365,pro_SZZdr4V4XFcVqnm1pRo9g6,ken_app_prod,c67dbbaa4280a949d6f5fbdfd314146866193a26dd45cd66794ac27896c853da
8749,2021-09-10 20:44:51.006,2024-08-16 14:50:12.966,pro_YUUsotRfSTQzgN9AcgP1mo,ken_app_prod,36276062d7a8d3574847e5a750173850f03272492fd4ba7513688873ccf5698c
8750,2021-09-10 20:46:26.467,2024-08-16 13:48:09.782,pro_9FZ3cguvGBRwCHANr7P4KX,ken_app_prod,202f94c3534b61a04091f258df0678d948d12fbbaa9ca931c5ac2f2c760d7db6
8751,2021-09-10 20:47:22.903,2024-08-16 14:25:14.224,pro_8AhfjzpX47gyUVeC4wAQYR,ken_app_prod,bb4e1abc3a0d8543443ebed4261879158b2c2373dac9305b31f7125a2c87e5df
8752,2021-09-10 20:49:50.764,2024-08-16 13:49:08.944,pro_M4kxjHDwzS5xBNjyAQ48u3,ken_app_prod,4ab462ed3b40acc681abd8021dc6c566ea27c8f87765b9e2cd4545ecbacda03d
8753,2021-09-10 20:51:54.076,2024-08-16 14:53:58.619,pro_AXMNJvEPeqwjTYwJt4kNEe,ken_app_prod,8d422b1c8a6d6ccb007a0c8335ff8cbf37adbc7745f9a23b2faccc85182bd0cb
8758,2021-09-10 21:06:43.661,2024-08-16 14:41:53.280,pro_NnGVGwmds6AFC8FotXkrUm,ken_app_prod,fd25b2d50baf615ca299c568316210fb05a6b612b633c6a196ed12f2754336f7
8759,2021-09-10 21:10:14.377,2024-08-16 14:39:21.170,pro_87w4JVgk8CNHofDCxMiyz9,ken_app_prod,7a5cd7faca9e04077866d8b976af50bd38fe96d7402b7629a26dc9daeadc0250
8760,2021-09-10 21:11:29.871,2024-08-16 14:28:15.609,pro_KekUVUwLWAzfNLEsF6bcUS,ken_app_prod,92011fd83ebb43560e2321d7b133a79d0fbfdf5dac4e0f76cb5d94db08873466
8761,2021-09-10 21:12:47.891,2024-08-16 14:31:23.814,pro_MCLz5aGrjpeHxwJHM6tddY,ken_app_prod,70c18a5d42e3000c95cec8df2276d51c02905b4b540181094c17202ede2a0401
8762,2021-09-10 21:16:13.979,2024-08-16 14:46:52.827,pro_HGeinSyyTvky4SXeYTZFwf,ken_app_prod,019f01ea787ad77f6cf13ffbbebe9be87a185f943f72d2e7eb5fc8fd79889599
8763,2021-09-10 21:18:06.173,2024-08-16 14:45:56.389,pro_HFMG88xEhhKzhTm75U7naE,ken_app_prod,694d6ffd4d1fdb23577c3d98e011d55a14b34a1d375f543db5ec3dd2aef46b14
877,2020-07-26 03:16:36.484,2024-04-29 15:52:17.644,pro_V7JLgqztC2eEF1qTCNu74n,ken_app_prod,7c76f130988a817027bdc70c2baed4d4c2c7d74eff92d8e04911eeae6ade3afd
8773,2021-09-10 23:38:48.171,2024-08-16 14:50:31.668,pro_S3h32ys8Y65S9rGML7Lbyn,ken_app_prod,5835d55da1815d2668ac99eb938c28ed1e84c63668e9e20aba432e0ff847df6c
8775,2021-09-10 23:49:14.777,2024-08-16 14:31:04.841,pro_TV6HzrxwkHXfuo4jGxZ9HB,ken_app_prod,30e11119b08e96e9a536550a867e93d2b33ef0dde13e74c408b5c1b6d5fab5b9
8776,2021-09-10 23:50:54.552,2024-08-16 14:44:14.462,pro_8AUpoioDeU32oCwPSqFxWx,ken_app_prod,e010076d9cd1567759c4a24a66ea773a8742b788025da3d33c0c8025555d7e8c
878,2020-07-26 03:16:36.821,2024-03-06 20:10:11.212,pro_Pp5fqrcTwdBN2eXbK84EPh,ken_app_prod,ebcf776240b0fdddf4aef427a0aef653a379cbbf5528ce304338698fed069971
88,2020-07-26 03:10:01.359,2024-01-17 14:37:59.840,pro_BCcLKgRejbKMhWTT6kRkxi,ken_app_prod,0c0eb5b84d258af8140648610cb1ff0404f3d2897fe2148d7e959178bf5f37e4
880,2020-07-26 03:16:37.601,2024-06-29 21:02:46.225,pro_8F3AgUnL3ZEPeoh6DagJfe,ken_app_prod,735710949648693c287bf8eed6babcd541eef3b16197412c2ec958b4e4dec89a
881,2020-07-26 03:16:38.731,2023-12-04 14:21:09.163,pro_8uNyLWLMxFn1YvQwrSCnE5,ken_app_prod,599b0e5e97ef0ec5d25041d856b5a820330dcb3b5bcb72025a57b59569a33dec
882,2020-07-26 03:16:39.703,2024-06-29 21:02:46.225,pro_UU79Ey8cuJEg6cagm7Wus7,ken_app_prod,7bb1afc882f819cf23a764a85140ffa60da537352dae57ea028b7a6c302dbe43
883,2020-07-26 03:16:40.053,2024-01-04 15:57:15.268,pro_ShMxWgSxqquv15R89kFBf5,ken_app_prod,067ff133e789dc0e5fb7cecf2f2e06ffc85a466477b6cf500fcee9d66ad664af
884,2020-07-26 03:16:40.430,2024-03-01 14:35:21.868,pro_MnB7DhhVRaCdKZc5dGunsX,ken_app_prod,8b57322311575503b2c1513ca6e24e4b8b1c8b4064584157a0c636f752fc640d
8885,2021-11-02 18:29:56.869,2024-08-16 14:28:31.290,pro_Qvk4WcfpQb3KmRKqUn247s,ken_app_prod,f1e186e9f10b7f33fe0c2d36a36124f886ef0668c21e117af72ad725c554cc18
89,2020-07-26 03:10:02.092,2023-12-26 19:18:26.263,pro_7nBzGYP1Ut9CpkvGCgDTdQ,ken_app_prod,ace082de8d63f23dc7513300003a64c16e5a2a0dcb9b928e0c57b0488e73eff0
890,2020-07-26 03:16:42.035,2023-11-24 10:55:52.105,pro_RuP8EBkdqBbxikR3tHEQGD,ken_app_prod,3af1218d3fed6983c9825a2bdb64c297706d4d928e116b6b9daac4c36b02c3aa
8901,2021-11-02 20:06:08.873,2024-02-02 15:36:17.725,pro_BsD8aPcby6YiTCgs2iYJrH,ken_app_prod,735c70f1d79ce43a3fe212e307ba8af5342887efa753d39b9a5cc5bd38bd089a
8902,2021-11-02 20:07:24.006,2024-02-02 15:35:53.525,pro_NWNMssKBD8AGmuCmayk2ZU,ken_app_prod,815aea181a036b6e750a8f609616486875604f9c8deff5aa2a9e357936b7e4ad
8903,2021-11-02 20:08:43.636,2024-02-02 15:36:41.861,pro_MdRsynSBRy67D2hcqCbTWf,ken_app_prod,f9831856dd5c23ab964a4306e3e4c3bee5623d454f628230402568313113b433
891,2020-07-26 03:16:42.516,2024-06-29 21:02:46.225,pro_UFmkhgcEBiEk1spfohpQR7,ken_app_prod,2936fa5877ef425cc484e4fed9a7e5af8b0e1105da631d4292d89cdfc7d6fe5a
894,2020-07-26 03:16:43.383,2023-11-24 10:55:52.105,pro_JmXAHB58qjBy3ppy3gJY6i,ken_app_prod,bcf56cd45b17560ce451ea3112078c048395aba14d24b2350cd09f111cb1b5d2
896,2020-07-26 03:16:43.864,2023-11-24 10:55:52.105,pro_TSvyKdP87cdzG5J5rUUQmp,ken_app_prod,74395d1983351f02f1527bb43077e190749cbf58efe759d9656f75db87a7ee06
898,2020-07-26 03:16:44.473,2023-11-24 10:55:52.105,pro_UoavKmAnQoumykLmmkSgrr,ken_app_prod,7a51f05200435b29ddd82e5d9413624af461f82c1e3f850219da40f37cb5ec0f
8986,2022-02-10 17:10:22.088,2024-03-07 18:47:57.873,pro_CSahvcVWFpKQLNFAbxDNWt,ken_app_prod,7a91863e6e58fb04f88488e081d4d3313c5525a0bb4419e5911572a30a437d6c
8987,2022-02-10 18:33:00.052,2024-03-07 18:48:13.010,pro_HZs4N3BiFFQsGmaZymkNcn,ken_app_prod,278f6a8fdef689182f9bfa581e7dfb99f0dbfb52f0047765ed9395684ac1b0f4
8988,2022-02-10 18:52:19.549,2024-03-07 18:48:27.875,pro_Ls6k6mvJoCQ9i4mkxMfZLj,ken_app_prod,b19b4128b795a2475eec00cdf7f6492730abc7f4064bdf9747f4a4e7a02072c9
8989,2022-02-10 19:48:52.959,2024-03-07 18:47:36.744,pro_EV4Z8ojS2yBAp41qfa4kKJ,ken_app_prod,73fa2e741ab9b622cdc29d7e0eebbce321ea525baff6b8a4fca7f4ba6ef3fda9
900,2020-07-26 03:16:45.071,2024-01-17 14:38:50.145,pro_8otiVsphNFYvhD6bgAE3eP,ken_app_prod,9d36fb20f8059622c7abc426d3e50c2a76c964be58902e209997c4ce0e0b71c7
9030,2022-04-01 20:08:47.749,2024-01-30 17:18:20.781,pro_KxSuEkqG2V2p3xPoVnJsTr,ken_app_prod,c7a9664554c093faa6c2dbffa49c69b581424a3a6777a9b55740005b72133e95
904,2020-07-26 03:16:46.291,2024-03-19 16:56:44.981,pro_QBXcPVW486XZSYqN53DwXY,ken_app_prod,4e65fbe7395483245e3a2e9f407d350c5bab6a4a211babd4cd7480e2c1e0c3f9
9041,2022-04-11 14:27:12.871,2024-03-01 19:29:56.927,pro_8r2g5iFpQkPTpjKqwEUy6r,ken_app_prod,8d42e0e2f504aa809e59ac6d1fac4d75a3f1ffdb1a6be5d159ea5fd63f8c0f1f
905,2020-07-26 03:16:46.567,2023-11-24 10:55:52.105,pro_9V4PinixFxu21xLku27BUz,ken_app_prod,3fb0379da57ea3432f8565bd6ffa603b76c4e5279548e6199ee425fe08c446e5
907,2020-07-26 03:16:47.265,2024-03-18 16:48:45.259,pro_27ppsQEVEoM5H91HELiAEV,ken_app_prod,b3279aa55d7c89861f052ad578159786c83f0a3196103dc0092744c85c247c3d
908,2020-07-26 03:16:47.587,2024-03-13 19:32:59.834,pro_3V5pf4GDSx7ZMfi7xDVrx4,ken_app_prod,2675d8cbe9c260a2a8032dcbfbb92079e1d41e09f4ff035d012b4a2754ffe25e
909,2020-07-26 03:16:47.908,2024-01-16 19:15:10.747,pro_WWdzn1SUKJ1n1Fx4x2Hrxc,ken_app_prod,3f7c5e007d6772ccd3baae0755bf40bf3a31a10e9c097dc34b8f9d02d51b93bb
91,2020-07-26 03:10:03.315,2024-01-04 19:39:18.965,pro_NMachurBDokjggWKqdn1ki,ken_app_prod,bb4fd42e216035f0db2f714243205f2a8e9aea12e5cd420acd1b6618dc4d977a
910,2020-07-26 03:16:48.218,2024-02-08 16:20:53.124,pro_Gyiocuex1UHztvEPvqUtxN,ken_app_prod,5dc1f0f20af5e975c9c9d71cf1068844a5e5e05c7c68486f6645d454a08a730b
9113,2022-05-19 13:59:00.618,2024-01-05 10:23:03.124,pro_GZyhawthwETFWQGcAYRo4T,ken_app_prod,9e9403de06d92676cd1647052000bbcc1ea74a8e4a6a5d7f4e226ee1856c6cf4
9119,2022-05-26 17:39:28.491,2023-06-14 20:13:27.729,pro_TuxqtsysCtcABguNx1oWY1,ken_app_prod,f0596b9162ebb116da60365623d12f0302ddf501f83361230b0b80c163b29d9c
9121,2022-05-27 20:43:25.676,2024-02-07 20:14:48.301,pro_Kuh6i3cTjbGRZWbMzZG2TR,ken_app_prod,d1a845351ca80419d5290aa2b0657fef578103fa06ad79283a292cfdf8dd3ecc
9122,2022-05-27 20:47:38.693,2023-11-24 10:55:52.105,pro_KXYYhDuMXGahkqrtFE5Uiv,ken_app_prod,ada93a500783d79e19872e4234734ac60432e9cb41875019d226f2197be7ddff
9123,2022-05-27 20:49:47.007,2025-03-18 20:35:37.681,pro_8M5SsuwVMVP5jeabiKHLUM,ken_app_prod,c51c3c4c61a8f3353c84ece3d1a7a386e236371101c53cf0fa0228026772a7e9
9124,2022-05-27 20:55:01.139,2024-12-11 23:54:37.286,pro_MbeNs5omKLtaiDExWe85Kj,ken_app_prod,c86e3f47556b5fc3d0af134f1fdcd5a15bc6dbacd30876b9fc2461fe0ff6ebc1
9125,2022-05-27 20:57:36.682,2025-03-18 20:38:26.845,pro_7U2J2X9N888oCC5ssR9Sfq,ken_app_prod,e1ea88a054d72489bd36ee90e8cfe5dd411537d697a1b6e4b8122a4810d791c7
9126,2022-05-27 21:04:53.267,2024-12-11 23:56:55.332,pro_VbWhYuwsr55dUQmcDEF5WY,ken_app_prod,9c3737a3e0a199011e96318c5f7379819e0b277018a74d124123f573ab34b9ec
913,2020-07-26 03:16:49.194,2023-12-05 16:33:16.451,pro_AmeYNSWEJp7rafocizmc7q,ken_app_prod,4295fec019a1405e5704bc4c21501ef44e439b6ddd6a1802d96e88420899088e
9132,2022-06-07 17:15:18.153,2024-06-29 20:10:19.137,pro_DywsgKF6W5TuoaKDZrB3yo,ken_app_prod,48a51159597e52e176311ab32482ff583b7632edd92b5cc57fd421cffdf89837
9133,2022-06-07 17:22:26.759,2024-06-29 21:02:46.225,pro_YamLxbw1DsL6axuMzetbA4,ken_app_prod,a891d90133aa2d8358fb04bef815b7f63cf007a60040da695b6c61a052c8a19d
9137,2022-06-14 20:15:34.399,2024-06-29 21:02:46.225,pro_Jjc2PsxvJ4BhuVBevw83Mw,ken_app_prod,970a32380a937e4653f655b51367107773ebc6979f4d1b0fa386013a144c27f1
9138,2022-06-16 17:24:00.660,2024-01-30 17:24:33.201,pro_3yw5owH4si5km2AN9PtxWa,ken_app_prod,d36ca2fcaa99fa98017d3bd99c5ecfe51d2560dc492fab20a6be5828a1ff647f
915,2020-07-26 03:16:49.833,2024-04-29 15:52:17.644,pro_TXnPA18rS29NUxt6H9piZ,ken_app_prod,7808d96dcaae733f3ea2c89b271df6ddc42e07197aa843019131c3705a3102c0
9150,2022-07-20 13:36:34.154,2024-02-01 22:28:08.668,pro_5gYLRQtVe54GhdJ3TKt2EE,ken_app_prod,394f9eaf5b32ceeea7729f081163910d73b484eaca9530355ab393fa4edf27dd
9156,2022-07-25 14:17:34.427,2024-01-30 17:42:33.751,pro_3iXDgaZgvjhRX1LmsLma5e,ken_app_prod,ee8ddc7572c7fc65530e8b29b29739e4d99360844dfeae2f3e06af9b4ca473ed
9159,2022-08-04 14:19:07.141,2024-06-29 21:02:46.225,pro_Xi9Jiv25rJNxz6DcttUEdm,ken_app_prod,637b507b4b5788b789dd5ac3273758f1a39b83d88aa50c17e444809f27bc59ee
92,2020-07-26 03:11:10.178,2023-12-28 20:10:37.749,pro_FVm646ZvEoq2WnBiNixH1b,ken_app_prod,1f0a212feec09c5341f8a8378c70fa20c4901a376dedde034867309c4ca3d27e
921,2020-07-26 03:16:52.718,2024-03-01 18:25:59.635,pro_3eVDcp3tUEy2UnU4viJfmE,ken_app_prod,d5cb373b159d4ccbd484082dea33918d25603e015b256ad9ac224c929cf0bf84
922,2020-07-26 03:16:53.793,2024-08-16 14:58:41.208,pro_2VQJWt7fDn1vq8KLCqVEsb,ken_app_prod,72b7a0b440d80c3f9a4310a5bad7ea0662db0b07b3693f1e1b2df81e5be6d8a1
9234,2022-08-24 14:57:58.741,2024-03-18 16:52:51.888,pro_ER6vgZwbe24rQvKAJSFjgA,ken_app_prod,044685e22fc11642e41cb80a94e4f116b422b3484050cf12f1d4b3e468ff8909
924,2020-07-26 03:16:54.390,2023-11-24 10:55:52.105,pro_5VnA6YgqwxEBio8zgXTXB5,ken_app_prod,2cd32a13a6b6942bbcaf46280d356d8ba24dd42a88b724c399db68cde71a6bdc
9259,2022-09-26 18:32:55.895,2024-03-18 16:49:17.628,pro_NX258X8ZYTT1SKqjeSWoUQ,ken_app_prod,fdd38ce51f91deb5437eef54b52f0693d424aa9c9da512959d66714ab81439a3
9260,2022-09-26 18:40:43.507,2024-03-18 16:49:25.719,pro_MYvRR38rfCbUM8rCDJuBsq,ken_app_prod,ee0583a07eb52c8d0eeae9be56f0f5683cc6315e803b865dd84015a3feaf5209
927,2020-07-26 03:16:55.469,2024-08-16 15:03:02.621,pro_Ku6Umgp8j3wViEuqiJfEJc,ken_app_prod,e33c01c373e462faa61c94152fef1e519135002894a0a53197d958e72a15d7bd
928,2020-07-26 03:16:55.708,2024-03-18 18:23:17.049,pro_CFD6zQmUJJSKNJQcgBk3A8,ken_app_prod,d4616f8c1bde5b5ec33ab7ee16f7058c3e469936b6fc60d1ee4640de578c7b2c
93,2020-07-26 03:11:10.777,2024-03-20 17:22:10.441,pro_2ku3bpxn6K4i8YjgnfXrX3,ken_app_prod,ac004956ed1b5d2a034ceb0573d46e352953f3d0f51961a91ed783739dc2c65f
931,2020-07-26 03:16:56.510,2024-02-29 17:17:43.414,pro_B2BMHys6ttrGv1Z9iBHMCv,ken_app_prod,80677f53077dbdeea43a229ca40f60b765feeb22368494dd9bf13f984c4584c3
933,2020-07-26 03:16:57.115,2024-02-27 14:39:36.883,pro_DPuggxE6Re6WDMPjekHQhr,ken_app_prod,b1d4830e588b2b3d9fc618ad399ee9439f52eb1bcf60cddec7c56057f2402f55
9373,2022-11-23 13:42:21.440,2024-02-01 22:28:48.089,pro_KWVugmcTQ977LwfN3e11EN,ken_app_prod,21ff7befd09e50c311a8f329a8fcc9201991b1391c7f3a8a024c20cc635b8cfa
938,2020-07-26 03:16:58.472,2023-11-24 10:55:52.105,pro_2btQYRthRpSFpJyiJCrq4p,ken_app_prod,6d75dd880f6284e5c093fb4b68cbf2a684a62c5fe32fa2d60dc638a27f1f2a0b
939,2020-07-26 03:16:58.867,2023-11-24 10:55:52.105,pro_2MRV1MiNsmzQRWSXc2gdzf,ken_app_prod,07e8d9335a8796c4c081f8274c30989bae320bb948cf36d426aa43f9695a1230
941,2020-07-26 03:16:59.639,2023-11-24 10:55:52.105,pro_V1PP73fX2PBzFhng28TyhC,ken_app_prod,1f320aa759c838eb3f6ffc9f746da44506fe771cd09a99ea0997e73e8aedcbcd
948,2020-07-26 03:17:02.898,2023-11-24 10:55:52.105,pro_KcxFgxNZXhskMDrmTrkVyk,ken_app_prod,d344af80275475d438f78c76f244cabfbe2999baacd675552be737c5961a66da
95,2020-07-26 03:11:11.470,2024-01-17 14:39:45.071,pro_Aq9JPR8xNRt1PwbAZG9iYC,ken_app_prod,d76d3a217c8f428ec7f4df9ac7804808cc1363792131481e78a2fded4e26efd4
951,2020-07-26 03:17:04.497,2024-03-18 18:47:08.336,pro_Npx79Ea3APbMijRwyntRP,ken_app_prod,a0a0c7bca52cc65bc3fc0402c2753d29f10a106fb94f0eaa112979f91f7b3702
956,2020-07-26 03:17:07.019,2024-06-29 21:02:46.225,pro_RnxCNyF4LYdpKCET9g3poU,ken_app_prod,0091e65d034e7f8319fdc2a8d67743215b04f025dcc4581eb348fbbba47038ab
9561,2023-03-11 14:12:22.584,2025-08-19 14:16:41.202,pro_KpNAzU8QEhx4mf9tLa5UXy,ken_app_prod,6dbab3bc6855ee4439a79264ad3a33ee45b685e035de37a439961c2b661f2cf3
958,2020-07-26 03:17:07.546,2024-03-20 14:38:36.091,pro_6WWBEQoTq1fAHk4rJQQCs4,ken_app_prod,272c21386f5ac24753ce698a1d75f582e23bc13367a25ce2eb9eacc97c03a368
9595,2023-03-13 18:45:01.602,2024-01-30 17:21:09.673,pro_NoDaBHRrNFYUgKBENzcYRy,ken_app_prod,0b0e16ffc7947e29df402106cb88b297365caaf5331e788826e3da91862898cc
96,2020-07-26 03:11:12.303,2024-01-12 18:12:05.518,pro_CThfiCaUT8FTGTcxN91FYu,ken_app_prod,171cfb36d3339adf5669c2d86ef9936a793c947a1b8f7694c957cb1b1b79f6b3
9608,2023-03-15 18:33:37.725,2025-08-19 14:16:42.609,pro_Dij1ZKtN4AjH6QmGsGLqZC,ken_app_prod,33972fdb14f93e38f9b4eca395661943424fa85793b244cb95cc58ecd93c3e6e
9609,2023-03-16 16:09:06.990,2025-08-19 14:16:47.300,pro_D6WkDuVwy3eng8KC3DQcNG,ken_app_prod,9146d72e31c87ac3b10bb5394bc23e39065e282ed112bf6ac6aa271e6153ebcf
9610,2023-03-16 16:14:06.346,2025-08-19 14:16:44.509,pro_MibxMG8M5qNZUHkp7mRLkV,ken_app_prod,842b1e6b59338d21e3e044ddddbd17540e963dd62c7240414300d8b2ef651740
9611,2023-03-16 17:05:30.835,2025-08-19 14:16:40.720,pro_LpQkxSKDEvYh2kWAN2B8Sq,ken_app_prod,23849e788f6e31ded66d0dc311548c42989d7d8d4e603ef750efbf0f340381d3
9617,2023-03-20 15:35:49.078,2025-08-19 14:16:43.589,pro_WV3PnqvZApBrTwmW8mbK8G,ken_app_prod,0dfe83c08a84c88829aa857e51337f9afad65080c25350798289d48dca627e50
964,2020-07-26 03:17:08.897,2023-12-04 14:18:34.634,pro_KmDDZETrjT4oZzxC9u52hS,ken_app_prod,afff80367b51ffc9968e93be17d5b10f43a4cb748bdff31f2ca43cdd5c9764f4
966,2020-07-26 03:17:09.412,2024-04-29 15:52:17.644,pro_NRBde39N45xQ82gcdXn4Wp,ken_app_prod,29a5203fc06483b5ed1dc0d576547210e36eb1b54b0fe564afd90214e9493276
9665,2023-04-24 19:19:48.319,2024-03-20 16:08:57.704,pro_BQmzoK6RAeSYFQkWg3u31K,ken_app_prod,4cdc570c435ea425380aa79ef1b34de129ea4381e162e476e5c3354dde9ea461
9676,2023-05-22 15:22:41.476,2024-03-18 16:49:00.042,pro_5srLAJ3kALyvavX5Q9eCrY,ken_app_prod,dd3f53b060add1c1ba4afc9fafe40be6697e48145bba578fcd040aae07c82650
9699,2023-07-26 14:00:40.695,2024-02-07 14:36:02.848,pro_GLrNiYSM2tMCAHtT4ptnBb,ken_app_prod,51e68d5f33c6e6f3c5236fabeab6206dd86c6ca70fb91ff54036931dbe31dfee
97,2020-07-26 03:11:13.375,2023-12-15 14:17:24.408,pro_2JB4EfTh5UMPpKMceiY7AG,ken_app_prod,1b88619174fdc945f193eb6db8dd287ff8c53ee45293c537e0fc6abcb0f658cf
971,2020-07-26 03:17:10.687,2024-02-05 15:20:45.462,pro_QBMbdTe4fyuEwmX5Hzok59,ken_app_prod,5a1296c65ea667169934a6918c033ff085b580686e8880b3758d5bf5aaacb761
9712,2023-08-11 14:15:42.239,2025-06-25 19:09:19.212,pro_WBLT4qwaNm1JXYRsw3Umnc,ken_app_prod,5a9deae362a03777dfccb0c85cf31764e4a5c8d88fbbb5d5f9e8c4cca288cf37
9727,2023-09-05 14:10:02.193,2023-12-13 19:12:29.342,pro_2ypAvi2nsw2wKMmjZsvegj,ken_app_prod,ddd38814fd61dd86599ff1a8192587f158f5a69045f937824b248c88c8f5d2c2
9728,2023-09-05 14:17:34.701,2023-12-13 20:12:18.621,pro_P9iXT65y9qfiURNWJFFnuB,ken_app_prod,075de8787dc2119de06699274428079d4486436f8f7b975559a1b6297edb7ab8
9729,2023-09-05 14:21:22.567,2023-12-13 20:01:20.146,pro_WgeAYKezTNyb4wDq9ENj7p,ken_app_prod,4f15234f9905ab17a1c31217d307e0f1240510350bcd54a1a543543ac4c322fe
973,2020-07-26 03:17:11.218,2024-06-29 21:02:46.225,pro_9uTmNhvnTfoKBdXJqd4Df5,ken_app_prod,fc286ce6ee84a9b96ded34ed97e65ed5b8f30ed560dc566df69af4f2a0aaabe4
9730,2023-09-05 14:32:00.751,2023-12-13 19:16:25.745,pro_5J1Ya7Q5RmLx1SGstWf2xN,ken_app_prod,a432fbe17ec9d621c733f58e13aa662e0175497066251efe1e561120ae99705f
9731,2023-09-05 14:39:50.642,2023-12-13 20:22:21.372,pro_Fgg2vnrkc1TMsomkvyBaiC,ken_app_prod,1383ab7a3973c98b78d9db4ac2b65f652c604d0199fc5ea9e46d73336faf1cc1
9732,2023-09-05 14:43:38.475,2023-12-13 20:19:50.130,pro_Kcz6MiyaH7ALz38DG5gKkp,ken_app_prod,0ebea24080e054bc562ece1644fb8a80ecdae3115c81d86341dd6841a830800b
9733,2023-09-05 14:46:18.075,2023-12-13 19:25:11.207,pro_DjaGrCEx7HVTwgVWBphh3r,ken_app_prod,cfd3ff27b4d217e58203e678deac988dfde82063cffc5a9ff1c6be0a78f22367
9734,2023-09-05 14:48:51.305,2023-12-13 20:09:44.895,pro_Dxe3fxpQJTdsw7X6rHsbrm,ken_app_prod,3d0f531aa694f687d992641745f71f9ed9c6c4363fa65e014c0db37e4db8ef8b
9736,2023-09-05 14:54:40.192,2023-12-13 19:22:03.530,pro_3CRfA2wafAeercMJhdQDtB,ken_app_prod,27034fb7d6831e55575b4caef8949f7ba49ed9d10cfa64cf48f8adbc5fae4211
9737,2023-09-05 14:57:50.984,2023-12-13 20:07:15.643,pro_7gs4ch8rP6RWhA8Vzf68Bg,ken_app_prod,a6dcdaeb490ed67aacb22f3959451e22612f3f194bab4038530d5c54ec1ef30f
9739,2023-09-05 15:07:28.369,2023-12-13 16:23:18.039,pro_61V9qF3ao62m2DSGFosrD6,ken_app_prod,b399d452d53c2df8baac1d86eb3ec748f75882a0c35ce90457895990f66b994a
974,2020-07-26 03:17:11.488,2024-03-18 18:21:00.293,pro_45Ln2ffZEjnixTK7cW9LvK,ken_app_prod,9b493e28e46055591332852929297c17f8773fa88b14a7b574da29f2b534254f
9740,2023-09-05 15:11:25.122,2023-12-13 19:47:24.746,pro_J9qpausErvsYtM267m3tqu,ken_app_prod,90c9b41bcb9bd98142730d65ab4c69750f973385e5dea394c4e29497369e25d0
9741,2023-09-05 16:36:58.805,2024-02-08 14:28:45.326,pro_C4dSivXti73mjxJAVqaFz3,ken_app_prod,362fa279e92e9bb47b8a93169b3264ae3704660aed01d48470fa62d7834fea56
9763,2023-10-06 14:53:58.842,2024-03-06 15:44:28.462,pro_UqBMicnoYzxB9F2XQY4CvF,ken_app_prod,3f1ac91a1d6f784058bdcbc60c3f95ce9e3c5852b0699a7ea4b892fbaae2c0ef
9764,2023-10-06 14:56:23.997,2024-08-16 14:32:39.023,pro_51FBdz7bJu3HcRaVS2BaQG,ken_app_prod,78248544f4691c822390374f0d49ea8b9740249dd8bc4faf84d2d75dcae59e84
9765,2023-10-06 15:02:33.774,2024-03-07 13:38:55.241,pro_AWqwV5xuJx94jUbuTKvYB9,ken_app_prod,e87335bed3ef204a680a556356e245d22c36393407634fa401edd20c994b4bf9
9766,2023-10-06 15:07:33.921,2024-03-07 13:42:09.798,pro_THmiknG2NaNjAgRdQAAwQ2,ken_app_prod,b28682902e4358e97a8cdd05ae8c2bff90a13d364581b1c9c13e28fbc5dfbd15
980,2020-07-26 03:17:14.513,2024-08-16 14:38:09.206,pro_565Yxpe9hS9MUkmXQJq7rq,ken_app_prod,1495d6685462911961a9fc955ee41efb27767fbd8427e8ae8991f2442c054720
9812,2023-10-26 23:12:25.117,2024-04-04 12:52:34.886,pro_QE9MZbteB2pz1nxYhiYr3v,ken_app_prod,b60cc2ea58833a894449acccf86d75931f9f3fcb5b189eff92a5c581032055e6
9813,2023-10-26 23:25:08.323,2024-04-18 19:41:14.491,pro_GRLXg1B9DQ2QJtUq2pa8kE,ken_app_prod,ea8589f5a27130983777698f0f3a92c54240d189fb833fb9167bbda3a7bbbd61
9818,2023-11-03 13:27:35.667,2024-08-16 14:34:56.086,pro_SBSZyqShu9YyGrZ2PcVrTa,ken_app_prod,fc3685a92cec7aa0f0a8682792ac703b97d3d536b6addc59704c5f553012bd70
9825,2023-11-17 22:20:06.886,2024-01-25 21:52:15.070,pro_Prpk9Jkp2pWmJq4W7eVABS,ken_app_prod,93fc6018f723ea27a0a940ef5926bcd05357f688a7d2775b1004106cbb061122
9833,2023-11-28 22:02:59.399,2024-03-07 13:40:28.551,pro_7z3hFAfH6coDEmrwY4CaZF,ken_app_prod,753d5827a5caa011651353b4ea997d5fdbf745821addedef40097895338e7591
9844,2023-12-14 19:39:10.260,2024-03-12 18:37:57.294,pro_YYgK1WG7eJWCYFpk8yXz6o,ken_app_prod,69ed4144065729287ea1b4531529d4ddd6cdac76f12bcd796f7808cddfb1364e
985,2020-07-26 03:17:16.784,2024-01-29 21:08:03.355,pro_FJN9r3ojYZbfcug7WohnH,ken_app_prod,67e5642c48352ade0aaaa087dd455459bee004f2d7259081f137f58a6034d97f
9860,2023-12-26 14:59:26.854,2024-11-20 20:23:40.691,pro_4qxTz1pugQTvVV4on4Qav,ken_app_prod,
987,2020-07-26 03:17:17.358,2023-12-01 14:30:14.243,pro_Q1Vdjj49ps9CYFCdVkjB3X,ken_app_prod,bf3b1702df6bee9bb83a7b4918db56b04a5bbbeec4bf02b8aeddb668216d505b
9882,2024-01-29 16:02:21.172,2025-06-30 14:40:55.833,pro_8vhEFqyxMhwG4KtuEMwzqj,ken_app_prod,5f40a10dcefca0cd2f7e1efbf5c241d47b15f1b66296a86b1e22d95a8e248e10
9886,2024-02-02 19:31:04.545,2025-06-30 15:57:18.446,pro_SUi212jLERKjDs9nchYxEs,ken_app_prod,e250d7b3569035f0127862e91ac8a4051c76de9d0d3fa544577d276861ebcbe6
9887,2024-02-02 19:36:51.021,2025-06-30 15:30:41.843,pro_Ek8bhVb21bj3FAP5EoePdt,ken_app_prod,4853cb36c3a6aa697802481cbc47035d753bc380fdd8c58099c92e3a8a010c8b
9888,2024-02-02 19:39:52.164,2025-06-30 15:45:46.572,pro_6xHP22NsEEL1y8KgipRKGY,ken_app_prod,95ba5b5a9995f4f659a86187c1054b03f75c06f870633a05623b1c51da931d82
9889,2024-02-02 19:42:27.401,2025-06-30 16:02:03.552,pro_32N23236tKhtukskndKopj,ken_app_prod,0184e19a87f2c6c9fefaef6ade9cf6dca6ea96483e6b4de9f85baa0ccdd3da84
989,2020-07-26 03:17:17.943,2024-08-16 14:54:28.568,pro_W8433mdvn7k5fZFusSGvye,ken_app_prod,e7e2c1031574347e3a838112b73ed611760cd992088fad8737ff3947295a4481
9890,2024-02-02 19:44:21.657,2025-06-30 16:31:36.145,pro_2AsovYTBHVWvkRk252henk,ken_app_prod,29352bef18c816a46a5ba809a426ea41ec73e489703f333c1bea92fe06afb682
9891,2024-02-02 19:48:13.196,2025-06-30 14:59:15.380,pro_W3Y5RuYbhNJQdYeuqQq6of,ken_app_prod,235ea6a9445f9df5a5f29b49a5d933a12b11964112b0a24d6be610daa53292f8
9892,2024-02-02 19:49:37.796,2025-06-30 16:12:52.908,pro_QUdGBVPiJkwbgbGqs3RTVL,ken_app_prod,ee34be1d33b106b1dc63d90830a5457e467e4e77b6e1044eb340542c16b30f13
9898,2024-02-06 22:20:11.718,2024-02-29 14:08:35.781,pro_PT5Zw33gYMNC9uFTdPDaWd,ken_app_prod,0c9e369a63e2147fe1dd2ce78b64c38f8f235d8705340f0702cad675bc7fad4f
99,2020-07-26 03:11:13.972,2023-12-04 19:48:27.191,pro_7253NtNvasNw2cZeSJwUts,ken_app_prod,8b172a496793c7ae2f0faa82d76f3b30d8d4a3b69d3d13c1cfc29e260748d48a
992,2020-07-26 03:17:19.081,2024-02-07 17:44:30.626,pro_Etab2n79RPUYkz16d7EmPs,ken_app_prod,d64492a1226d48da6c9632dd5620d50db86ca255b1c321c86e8e5f71742cb814
9945,2024-05-03 17:30:29.831,2025-08-19 14:16:44.940,pro_FBfjsKoVnVfnXM3Uf2Wt5S,ken_app_prod,58b0e55a97a1ef3f0fd2ae3876d069ca798d039c1e3deb017c3c644178ecd49c
9946,2024-05-06 18:44:30.661,2025-06-30 16:28:37.920,pro_JAUNXBU2NAeAxu5SCVoX52,ken_app_prod,8b575f1757e2909d5efaa407d59dc9b32d2cac85f7302dba41c8c964d84db070
999,2020-07-26 03:17:21.008,2023-11-24 10:55:52.105,pro_Hj4wv4E2FgGSFbWGBPR6xP,ken_app_prod,4bc8402325e9d7ece1b3fd7fdf88c88743916cc7ffd8a75b9289e2942cc77802
