id,updatedAt,productId,installedSaleorAppId,dataHash
UHJvZHVjdDo0,2025-12-21 12:16:53.026,pro_9yrE2HzKqmYbLp2x9GkdHN,QXBwOjE=,cef935b5af3ad3160b3ff136be91cf53bbfb7b270ef48091a60d2979a6f5a162
UHJvZHVjdDo0MA==,2025-12-16 18:24:11.817,pro_44FQYCyMa1UhrtHXAbg8RL,QXBwOjE=,158519f27fec939f62c44610d134aae1197bff5789c9ef6e0166213d00f5f81e
UHJvZHVjdDo0MDA=,2025-11-23 05:02:31.304,pro_T7g9NnEDpns4E7Gyvn9eyA,QXBwOjE=,250a16a5ed3da76387f7c361c668cca458499c84ecf29c6e4ebb57462313dfa8
UHJvZHVjdDo0MDc=,2025-12-22 01:00:11.983,pro_AkG7Z1CwAoPBTBBNLFQWjL,QXBwOjE=,afb141cdedbe9481e000d318e9168d2dfb29462b8bb88add6156ff55d7522d8f
UHJvZHVjdDo0MDE=,2025-12-21 05:00:37.284,pro_2bwoSvsustpdCCr7N4N5Yy,QXBwOjE=,7fcc0ed67d09dbcb8d286a4dcd0ba69bd3f44368ff36bd2e0c9406515cb4e8bb
UHJvZHVjdDo0MDg=,2025-12-22 01:00:12.605,pro_6Q1uC8hXV6zi6vtSTZgd5L,QXBwOjE=,48af1ec58c447857782e3dc2984ecc4bf445f7bb3368c23d42de512d9c475ddc
UHJvZHVjdDo0MDgw,2025-12-22 01:00:13.300,pro_Y9fVwBbJsGo5EBgjLV7hio,QXBwOjE=,
UHJvZHVjdDo0MDI=,2025-11-23 05:02:29.191,pro_En4R9U7xT5tToZx4FQ6uh7,QXBwOjE=,b4c129bb0f78cf378707e84c9a14210cd7be514c76fabfaeb5ac00e93323e19f
UHJvZHVjdDo0MDk=,2025-11-23 05:02:32.014,pro_VMXJzNRVvcSVKUWbMLZi3t,QXBwOjE=,5c2a304d61895deadba8b026dbdcbceb36db95786831706f8fceb1dbf30d696a
UHJvZHVjdDo0MDM=,2025-12-16 18:34:01.133,pro_LgowFG1AE4EuGM5EANjyR,QXBwOjE=,8b68373a0f026a92572e61d52d6a070a611fc68bfa183b91f5afc3acdd270797
UHJvZHVjdDo0MDU=,2025-12-22 01:00:13.899,pro_DJLs8JyUXM3HuGW9AKgPyv,QXBwOjE=,72c4f6f5d299696242c38fd0a68f35d8c5a45553400f5496bb102d579fb2b722
UHJvZHVjdDo0Mg==,2025-11-23 05:01:41.375,pro_NYZ15eV6otGCHpgTZcwyxT,QXBwOjE=,8e3b7dd335782b2e7eeb15174d39c970317e6c0c3ed1667f10eacbc444d8fe59
UHJvZHVjdDo0MjA=,2025-11-23 05:02:11.135,pro_2D4rpJY24KEqVYaXwmMwgC,QXBwOjE=,1f6b3b9d51d97a28e0f3ef7f11cbfc40bf22ea6c4d71f3e2f8b18386b6d3c45d
UHJvZHVjdDo0MjA0,2025-06-06 19:44:23.475,pro_F6oSKkAexpYeYZB5C9V81w,QXBwOjE=,2d433a8b5d33f7f6a12e1d5b019949825d7353df61465f9984df9107809dbe81
UHJvZHVjdDo0MjA1,2025-06-06 19:51:55.091,pro_FBNCRj3mNXJLoA5RYSBGFB,QXBwOjE=,e1c81f04be9a55bbad921a953f7a59e8be57867097d47bd9d4958cc7e878faef
UHJvZHVjdDo0MjA2,2025-06-06 19:44:24.453,pro_FFDvV8NfqjHVA6ffvF8J7K,QXBwOjE=,f878ba81927007b38b4f1501d17d6fd07963476fcd1c01e6dc35207ef85589d3
UHJvZHVjdDo0MjA3,2025-06-06 19:44:20.981,pro_Fz9wgcYBcLhDhsAN4w32BA,QXBwOjE=,d84346ed2f9e5b9273dd5b5c7ced0f9b596f2ce67cfbb197482ca18c4613fcb4
UHJvZHVjdDo0MjA4,2025-06-06 19:44:19.728,pro_G19GvN5fx3FU6X1FrJo2fv,QXBwOjE=,40d9300dcd43bacd31dbbd8135fb5d4dc02a2233c442548a8d1439da032c5852
UHJvZHVjdDo0MjA5,2025-06-06 19:44:21.814,pro_GkrWsaR6M4L9RKNSkCYLLk,QXBwOjE=,f161bcc9e3f398f079045933a2e7489fbe16806e6fdcd102c0e0c20a74ef5ed9
UHJvZHVjdDo0MjAw,2025-06-06 19:44:29.735,pro_DMpL2GKq436zGi8RWbP64g,QXBwOjE=,b7c2b87c3715908efca877c710ae68a9dc07cd023e629c9c4cd808f409ba291b
UHJvZHVjdDo0MjAx,2025-06-06 19:51:53.139,pro_DzC7xfm5FPk7E8aEUf6TyY,QXBwOjE=,0763f662c3a8a93a9edb2fa1f424769b9093b3cd0fd7c0f0ce5ebce23c3d266b
UHJvZHVjdDo0MjAy,2025-06-06 19:44:30.541,pro_EBZNzq9VFS2n9wLPYPqGU7,QXBwOjE=,2c7c6a382d25f4df4adda994b1830c3efe1d1e75f2e22049a5b75eac5abe28cf
UHJvZHVjdDo0MjAz,2025-12-21 05:00:35.935,pro_EoJ57dV3kvSrmqXAtkmRqR,QXBwOjE=,9cdc43fd9066bd78a053fa2a4bfee2aa10ae6fa423cd16a98da22d55dde3acd2
UHJvZHVjdDo0Mjc=,2025-12-22 01:00:14.594,pro_DDpdWpDp7dzMMiiRwmfJKY,QXBwOjE=,8d71365af0492e0e781023c0489a8c919d39c06c73ab0f9ff850954deeef6195
UHJvZHVjdDo0Mjc0,2025-06-06 19:44:18.251,pro_TKFrxWDBJzYEhhmMuxtVX,QXBwOjE=,288208d07be49f5279e8aac96595ddb000b30ce7aaeb4e63527351cfa2c6bfea
UHJvZHVjdDo0Mjc1,2025-06-06 19:51:52.647,pro_TKQDkNwHJU6R1TPn9cbroS,QXBwOjE=,64263fad9ed850a00958f2804826e64c904665c7a5cd9f84485d8b8720811e65
UHJvZHVjdDo0Mjc2,2025-06-06 19:44:25.003,pro_TvBM6WeFcNrT4AWzisoKsq,QXBwOjE=,d887ee354f521c7a4c4af00ccfa2bf49019fb4f0099715d2a9687826f3bf87f6
UHJvZHVjdDo0Mjc3,2025-06-06 19:44:27.241,pro_Txu964stxyiwHYE3baDwjR,QXBwOjE=,ccbc0c9ab718a9f802c5f5968a5fcf7d07a1d7dd8c4041b54f79bc8d25130e48
UHJvZHVjdDo0Mjc4,2025-06-06 19:44:27.805,pro_Ty6RGFfjGfnqD2THR6vaYA,QXBwOjE=,4bd9c5b2b84b6d366c1322ae8402939182537dc9d6317ea262bb2760222b85b2
UHJvZHVjdDo0Mjc5,2025-06-06 19:44:22.504,pro_U1yXskkx2VnVbfTRquH8Jp,QXBwOjE=,b96cdab38c08c064f7acb32c5987bd28447aca883cdce7df2ea766b9085517c5
UHJvZHVjdDo0Mjcw,2025-06-06 19:44:25.149,pro_Sx1zX4UN1oVwn9ZqGmkAxw,QXBwOjE=,1c4931a038d47834166cd80ae37a35263845785cfd49a60c6d09350f2bf09693
UHJvZHVjdDo0Mjcx,2025-06-06 19:51:59.119,pro_Sz8KGA8vacmbxBp5m8itQv,QXBwOjE=,efdbc7575b5a59470f9ee764e2f63beaecde5dded29969a28fdf969c65a8d740
UHJvZHVjdDo0Mjcy,2025-06-06 19:44:18.393,pro_TAkZr4Z2EW4kkRCGzfftY1,QXBwOjE=,d4e58f980721e5146d9fec503a6c09fff8c9944e1c89eeba71aa1e59e911bd45
UHJvZHVjdDo0Mjcz,2025-12-21 05:00:27.156,pro_THjUiDry9QG8uVPAs73655,QXBwOjE=,9d5e771f6ea1a17bdb2cada4b3bde67834346a31bbe50018d30758176a1af39a
UHJvZHVjdDo0MjE=,2024-02-06 17:21:35.953,pro_Tq9C8f5c7UNv8UMSYDjHvF,QXBwOjE=,
UHJvZHVjdDo0MjE0,2025-06-06 19:44:18.787,pro_HnhApb8UPgUCAxeAm9zhxH,QXBwOjE=,421736512b9c128850b7b040bcd9193fb188f0e58daac4ff9c56f25791d6efe4
UHJvZHVjdDo0MjE1,2025-06-06 19:44:20.135,pro_Ht6bWBqdvjvjnhJn3jWaoZ,QXBwOjE=,93dc92f601217a84a1eb26168f509f9c25663b823a4cf3fffacd438a32cd185b
UHJvZHVjdDo0MjE2,2025-06-06 19:51:58.050,pro_HTccoSR7t8d2smbGRt2TcK,QXBwOjE=,3faae833975f70c5ce22ac8b4f019dbc9c04189afc0863e3bf937a386aa29d90
UHJvZHVjdDo0MjE3,2025-06-06 19:44:25.753,pro_J8ERpALbvvQDa52VJieH76,QXBwOjE=,640f50a223a938aa1bf1cc61c319f9528871f88b4d90b0a64ba479c175f93bbb
UHJvZHVjdDo0MjE4,2025-06-06 19:51:52.407,pro_Jtkxjk7TTdW4rEKxo8B7mN,QXBwOjE=,161bd5b58c1224a506b1f5a9c723e9025548bc21fb83a3b2ae293d692bb5ce0a
UHJvZHVjdDo0MjE5,2025-06-06 19:44:28.384,pro_KCQ4sZX1LrD1tuijapci66,QXBwOjE=,11eb710ce85440373416e619758265dc29fe910f31857651a714d47c6ed7af5d
UHJvZHVjdDo0MjEw,2025-06-06 19:44:32.041,pro_GpMGYEoHXfPNMGbLYU5NzE,QXBwOjE=,dbeadc963d50321cf862c467d81349a9bf233c6a1c705b3fcdca67836196e9e1
UHJvZHVjdDo0MjEx,2025-06-06 19:44:23.198,pro_GTATfrmFg3HF34iV6Yh68G,QXBwOjE=,1b9b9c3b560ae16e7a7788a5b5ab7fea0b94d4cab65ef6aa995225477292d65f
UHJvZHVjdDo0MjEy,2025-06-06 19:44:21.392,pro_GyZy2RMhRBwJRVSyS4N5Ty,QXBwOjE=,215eb1dabd6b0eac1b53a1c144f39d8f5e2ef5bbf9af929be964dab4b2ad2adb
UHJvZHVjdDo0MjEz,2025-12-21 05:00:35.695,pro_HnEZmN453zipkhoMFEQjWK,QXBwOjE=,f281683c0e55d7a6a916a1f79ac254aa74a8c87c2007ec8f9d8426e21eb24b54
UHJvZHVjdDo0Mjg=,2025-12-16 18:34:45.645,pro_H7BZdKQyBuJVNnncr7aB7R,QXBwOjE=,7b276ae8fdbe7fe79ddf6ce82c2af10b2a7ac4df8c04c4f9e8f16067d8a96869
UHJvZHVjdDo0Mjg0,2025-06-06 19:51:53.386,pro_WcGLNpFjLE4nKnnKJXofWV,QXBwOjE=,4a5c70f23f1295abd9efad250f5468e5fe2e46b9a2766a29fb1b60c820e3927a
UHJvZHVjdDo0Mjg1,2025-06-06 19:44:16.378,pro_WD76qR5oejdi98cCXHJv6Z,QXBwOjE=,2d800e54447d1be9238acbe80136c68adb1bf4a602a166188317c8d4119aac0c
UHJvZHVjdDo0Mjg2,2025-06-06 19:44:23.621,pro_WhggLhdRzCxACk1B1pqHXU,QXBwOjE=,f99a81b8dc97cec56b6c699539f32dedee6303948f7a34467802b2dea5a88ea4
UHJvZHVjdDo0Mjg3,2025-06-06 19:44:27.511,pro_WzxzpSU3KmxU8YgVqktv7U,QXBwOjE=,d6307bbd6f1f4af8a0538200f2ddc5116938817f66c449e11586091d72a56ee3
UHJvZHVjdDo0Mjg4,2025-06-06 19:51:56.033,pro_Xf8thcBG2EnwCdw7EQF4iW,QXBwOjE=,f421839ce857815f416a391e31d8fe779022356af884457a2c7500261abed214
UHJvZHVjdDo0Mjg5,2025-06-06 19:51:57.362,pro_XfGvsTyKM2aJCFhw62tbm5,QXBwOjE=,319656469c9476c353b87fc0166c0d9591109968b7790f16f891effb7fd81e13
UHJvZHVjdDo0Mjgw,2025-06-06 19:44:21.259,pro_UyQAHEPtGZ2RxJaFLvLsb6,QXBwOjE=,71d0646040624c066d0ac412517cb12eb442b6473d0f3af9ec8ecbed1ae6aee7
UHJvZHVjdDo0Mjgx,2025-06-06 19:44:19.454,pro_VBxKFUuXqaoomCExT1ox9j,QXBwOjE=,e600c1c3e0eecbf4ac51d8a67705317f096426697dc9327c12dc4c4e50f82fc9
UHJvZHVjdDo0Mjgy,2025-06-06 19:44:17.037,pro_VyeV3rBMsCPGULfuPatYj7,QXBwOjE=,67f559d63667b277a7881f05a24d637423eb3153368a81888fea4289478cb434
UHJvZHVjdDo0Mjgz,2025-12-21 05:00:26.570,pro_WBmivYHJSHm2o1Kxkw3UD4,QXBwOjE=,21583287c6a5293f1201fd53a93ffb58aefc59e3b4e87a71372b833a365f9e51
UHJvZHVjdDo0MjI=,2025-12-22 01:00:15.334,pro_2JB4EfTh5UMPpKMceiY7AG,QXBwOjE=,78d7b00fed67992c7e88b30bf8f96a5f90414b4f1c903d94d2b3cde37e175975
UHJvZHVjdDo0MjI0,2025-06-06 19:44:25.892,pro_KYyLmG6iXHnAcojo8V4azi,QXBwOjE=,fc32a5dde933d3f9a4bd57c78f5e84166470aae4d06bb21bfe11bd77ae905e8c
UHJvZHVjdDo0MjI1,2025-06-06 19:44:20.283,pro_LLrB4AC6o2dE62MuqRkgjX,QXBwOjE=,0d02b3dd2b41ce83e36d5fd3dccf7e7bb2241c1c39e34d3cee91747b632f7d5a
UHJvZHVjdDo0MjI2,2025-06-06 19:44:28.663,pro_LQx5TMUuVHkVivZ2HvjroC,QXBwOjE=,1640d118a203b86f983bac0395d273f8342d88540877e36d7bd84f5eef51116e
UHJvZHVjdDo0MjI3,2025-06-06 19:44:22.791,pro_LvqGyD428EFdwLZJWm79Nj,QXBwOjE=,d7707143d5ff2b0438f36a022c64bd059d0fad53b8d34ea03227f03b646d901a
UHJvZHVjdDo0MjI4,2025-06-06 19:44:18.527,pro_ME89vmmMRtQRkNB9N2sDxw,QXBwOjE=,02ba75148a93c3ae80413fc2ca759e1fa150f2691662344d5457ba0b0b956f2c
UHJvZHVjdDo0MjI5,2025-06-06 19:44:26.593,pro_MKLCPahYzv9WdDacCpntAS,QXBwOjE=,6ee80d2b7c6f5ccbf8569726bfda0e8a3803746ab1625cf3f8267b21f3c44ded
UHJvZHVjdDo0MjIw,2025-06-06 19:44:17.300,pro_KEoteV1UEzgGAZ4sco3H5Q,QXBwOjE=,103789a3efec8a50380da2ff626ff441ce8b0535b8ad7c32244d0af99e7d1aa9
UHJvZHVjdDo0MjIx,2025-06-06 19:44:26.851,pro_KKib94pxnhhec3nhEFUyPZ,QXBwOjE=,6603749c5e0600c211496f593f6fc6a17d9e18336458c505c0dc5dda63b2a014
UHJvZHVjdDo0MjIy,2025-06-06 19:44:27.653,pro_KNLe6LMUk98vLLgAXZP8rD,QXBwOjE=,29bc56a64bd2dd3a037aad6e12ba6c1acc2a090224ad5de7b421c61f714625e2
UHJvZHVjdDo0MjIz,2025-12-21 05:00:35.746,pro_KTWzLsJ2jcQasmeLgrD8sv,QXBwOjE=,9020b97157b621db4fdd49e85405940bbc9b1aee58f9fecde92f3e6aea7deb73
UHJvZHVjdDo0Mjk=,2025-12-22 01:00:15.955,pro_WPkPd6Rw2XZd59kbbXQ8tm,QXBwOjE=,46785545ca71f01c42f1c268ce536da26ad2db1766d89abf5b12092375743daf
UHJvZHVjdDo0Mjk0,2025-06-06 19:51:54.119,pro_YFA4GFusvGBza5MHbrLubc,QXBwOjE=,0ddf7f8cefff8aceefd7537ce2af8bb338ee56cb17e5b2bb7d76b059efb6b177
UHJvZHVjdDo0Mjk1,2025-06-06 19:44:19.048,pro_YNrN6EU82N93YdaUiWp6AZ,QXBwOjE=,5561bbd4b393d6fc3877285f6dc5e419128efa51e26637df5209b339ee18fd29
UHJvZHVjdDo0Mjk2,2025-06-06 19:44:18.914,pro_YTWiF3HZcTZcz96p3jgwTb,QXBwOjE=,db38482eea83abc25cec2c040dcd3e66deb58ce5dff4056390506a06bcbab3bc
UHJvZHVjdDo0Mjk3,2025-06-06 19:44:23.900,pro_YUnnRsQX1G9wReYsfQM9LF,QXBwOjE=,cb50c566a6d10a0bfddd283dc3272a0cc2ed5a0ee0372694b3dea26ee10089d4
UHJvZHVjdDo0Mjkw,2025-06-06 19:44:22.652,pro_XTGZMeMLPupupMdxiY6G3F,QXBwOjE=,a32b238595652dee313d7b99a715383cc51a810d81e3648f85752301fb5a3b05
UHJvZHVjdDo0Mjkx,2025-06-06 19:44:26.459,pro_XZQ1bPiqUXe81WTRVEmGYB,QXBwOjE=,ee2339f44fb789d16629b7374b3a52e5a9cef621066062d6de440fddd76e9ec0
UHJvZHVjdDo0Mjky,2025-06-06 19:44:16.512,pro_Y5Yc1RsKaTWU9GhDFoEjHg,QXBwOjE=,611b88ada6e06e3d5f5c1b248beec622baca1978f6038e98b17b264e7f8f819c
UHJvZHVjdDo0Mjkz,2025-12-21 05:00:26.490,pro_Yap21SiMHkAHTbmJyrcXs9,QXBwOjE=,0436bf3c2798ea4d65f6f465c77f1fee7751a3c27d6cab2da68b97515de18533
UHJvZHVjdDo0MjM=,2025-11-30 05:01:33.191,pro_3z3orxssToAfgCBkABSP83,QXBwOjE=,2d15fadb5a1ba36b210446ceb34e6f5f09f225d632929405249b53ecbe96bdf6
UHJvZHVjdDo0MjM0,2025-06-06 19:44:19.595,pro_N7PRvhBXnLSnYX44tv4oN,QXBwOjE=,83ad79300323d63c4db4b442e3cd81aca12871cf5b1582d791831e00f361128f
UHJvZHVjdDo0MjM1,2025-06-06 19:44:23.335,pro_NBsZipZLxayw4Z24YZLuwW,QXBwOjE=,ae3f9e87eb834a2842b14b11d30a606c02c0d0f6811912b35e6f1e402c7b8ded
UHJvZHVjdDo0MjM2,2025-06-06 19:44:20.420,pro_NbZDNpyUTVbB5qQjRTy7UN,QXBwOjE=,54b9fad401d5e06f1ca9251f6cfa92b4aeeb90e16eabf935483fa8dfaf5d7bb0
UHJvZHVjdDo0MjM3,2025-06-06 19:44:21.951,pro_NgwfxP8phuvzzDn2f474dM,QXBwOjE=,f4dc3775181d1c2322ed996e0c745b656f036cf432f9a5cb374c32a0c2b5c49a
UHJvZHVjdDo0MjM4,2025-06-06 19:52:13.621,pro_NMqk2VQrKLk3j7xKcX8vK5,QXBwOjE=,f79858506d0d647c6bb90435e1429003b3d89e996fd730d1d8bea923dc0a30de
UHJvZHVjdDo0MjM5,2025-06-06 19:44:16.254,pro_NU7k9n3KzX9kVpGhjZAv3x,QXBwOjE=,71195d8813880e7b36798391adfd37638ed30f847605efc0517d156d37a453da
UHJvZHVjdDo0MjMw,2025-06-06 19:44:23.757,pro_MLC1ioZ1Aq7LSoZYfmH7MB,QXBwOjE=,2858937ad8efdfc395e1c0f2300ea090ec9f95720181c38321cfb7ce4cf615f6
UHJvZHVjdDo0MjMx,2025-06-06 19:44:24.034,pro_MpnCWSCcmax3VBv9PQawth,QXBwOjE=,b3a6035641eca6eb51818139928fc34e4e62942b6408bd05f52402899d881c5e
UHJvZHVjdDo0MjMy,2025-06-06 19:44:21.121,pro_MT9bm9r94TAYA67NKv9pZN,QXBwOjE=,0f40492927f07691aca7dfd376651f5a9b8c1ce32c6b93aceb93cde1850bfc40
UHJvZHVjdDo0MjMz,2025-12-21 05:00:28.763,pro_MtXW9UoYpu1Nzg9FgT4q85,QXBwOjE=,369b9083a3e2d632d93290c0bf1e0b7f7d91886f86e72cae7a52fc33a92263dd
UHJvZHVjdDo0MjQ=,2025-11-23 05:01:39.823,pro_6nB58KjKKMM3frxyBgLYfA,QXBwOjE=,e19870f4fd9e373d1adc324fa31167fdbb70a875291a762cb74d6fc042eccff2
UHJvZHVjdDo0MjQ0,2025-06-06 19:51:53.630,pro_PWX2c5EZb6RvATAFZULY9R,QXBwOjE=,177d58716b4307ea5e04d0af78fb1c4f894c2d4564a19a900a0e7a6b2e9822e8
UHJvZHVjdDo0MjQ1,2025-06-06 19:44:29.868,pro_QB7J9Qc831yFKUFeTrMQ56,QXBwOjE=,dc53ed791cc51ff2fb7a55d55597019bb6d4f11974d1e59240c0f803ce4cd7e8
UHJvZHVjdDo0MjQ2,2025-06-06 19:44:29.476,pro_qbsBaoUY8HcLVYddrzbkE,QXBwOjE=,f4c0b41d93659b9604e11f7404c5797652908d010a31625f345b95f9138ea3c7
UHJvZHVjdDo0MjQ3,2025-06-06 19:51:53.880,pro_Qc75kZwwUcBSMHNTnDUrDb,QXBwOjE=,4764594bf0ff56d6671f69248ef0645c5032675cd755940b97d2b562289280da
UHJvZHVjdDo0MjQ4,2025-06-06 19:44:28.526,pro_QEoY8LTMwbgyZGAZNXBdpS,QXBwOjE=,0cda95994e3b24e9df01dc904d9c3cdf7de790702d52bcfd735c5bd4a3b1af61
UHJvZHVjdDo0MjQ5,2025-06-06 19:44:30.410,pro_QijgwJzKpxrNLYXCKVXET5,QXBwOjE=,334b6c0a0070463e8266b8c6f1dea74e767c3eaab5991815ebb22d3e93344402
UHJvZHVjdDo0MjQw,2025-06-06 19:44:24.737,pro_NvmpA4smW8mNdjCWxdmzWQ,QXBwOjE=,e12c9a505128b7fdc3d63789f31849ecf753f156e08be195dc89940feb720e87
UHJvZHVjdDo0MjQx,2025-06-06 19:51:51.872,pro_P7kJL6iGXCPakeEf4zuoUi,QXBwOjE=,cd93413d058a476041a67c36f5102beed9043306c340f367bda2943c0ec1b95d
UHJvZHVjdDo0MjQy,2025-06-06 19:44:30.136,pro_PjaosbdfQjoRqdpu9PDPFG,QXBwOjE=,eb1db5bbb1a4b4ea2e66f23b610730b878a4be721b50db898226b55becb86205
UHJvZHVjdDo0MjQz,2025-12-21 05:00:35.937,pro_Pn3L3chSMAzDt91gNkEiC1,QXBwOjE=,7bf45d1470ca7b441694478b0d9c614a682dbe00537b7b574b9f094bb5124b6c
UHJvZHVjdDo0MjU=,2025-12-22 01:00:16.683,pro_2tCdWkioYH7JWxtK3VYfNW,QXBwOjE=,e8e3559bdd0b95a42c338a14cc99b10dc3c9b8eb41dcd011573b26dd13ba661e
UHJvZHVjdDo0MjU0,2025-06-06 19:44:26.975,pro_QWM1kRCER7KQNaa62TymZa,QXBwOjE=,9cff2dc01a7a314a954c2f3ceee954312ca2f3bb7de7f15d1a494df7bc264532
UHJvZHVjdDo0MjU1,2025-06-06 19:44:24.867,pro_R2Gc37cnHmit4dfYRygDya,QXBwOjE=,a1406f68f9bbc822913156f09cfbc212f18b0eb1bb14bbd4742bc3765b6ad9db
UHJvZHVjdDo0MjU2,2025-06-06 19:44:28.253,pro_RAKD6Vjvu5HGQJZLPDLykd,QXBwOjE=,756a6a4964602254fde9e66a1c9ef72c67244798c0992218d29f4ca4d649b72a
UHJvZHVjdDo0MjU3,2025-06-06 19:52:04.634,pro_RBWbDbZ3XVSroM3J2Xc1a5,QXBwOjE=,e917d0b18a3274871e261317d5845373092bf2e66ff17dbdbc6b5558d58a4dad
UHJvZHVjdDo0MjU4,2025-06-06 19:51:52.891,pro_RE8nSx2CsDK3Y6GERuia2P,QXBwOjE=,58fe7169fa6222d391d803c100ec29dee9365e84d66120f932a5ed081fc6859f
UHJvZHVjdDo0MjU5,2025-06-06 19:52:00.021,pro_RghQnYDoJQrEq2NtWokyX1,QXBwOjE=,64a618cf5dbc7683252568ad88def192c7d543e5654c38e5e69f1225b92607c9
UHJvZHVjdDo0MjUw,2025-06-06 19:51:59.557,pro_Qn9YDKtdwV1a4JoFnj5ijG,QXBwOjE=,d80d4c0aade8d8aef7ca538efeda1de5e7fb668e1338999e1919a70896ffeca0
UHJvZHVjdDo0MjUx,2025-06-06 19:44:20.561,pro_qPEQHYLZQLf386vNAyDUG,QXBwOjE=,2a3e6271a708a1198e8bd3cedb5d3b5790d4aaf07f471449cb78dc11adc3c7ca
UHJvZHVjdDo0MjUy,2025-06-06 19:44:24.308,pro_QU7mYXXdwj57yKJH8uoWcn,QXBwOjE=,818c44c350f74b348418321b1996cc6b2f6036d3152ebbb73fb4a29f9f0690c7
UHJvZHVjdDo0MjUz,2025-06-06 19:44:28.934,pro_QwJYvFX9bTaux3LpTEmDH5,QXBwOjE=,40f7e768ac0e6561939243e95b42dc5dfc2c4b40821b818c13dabe5dfc46c832
UHJvZHVjdDo0MjY=,2025-11-23 05:02:47.792,pro_u5vgFryN374PEC2ji2exB,QXBwOjE=,0f34a5dcd893b5ec1358386a49f2a1ce6be85b8c468ca29c6e09be423a238e42
UHJvZHVjdDo0MjY0,2025-06-06 19:44:21.532,pro_SE1VGomZaLZuLyF4cUTpNb,QXBwOjE=,b1f3507374544bf5cb3a0ae2f5346c68515acfc422de63dd56e4a6554dc80579
UHJvZHVjdDo0MjY1,2025-06-06 19:51:58.605,pro_SoCjcaYuWogAHj4EjBztRo,QXBwOjE=,15e58a9dcd3a49025b0854ca201c7ffa2231669a70432ffdb21cf2d2a0469936
UHJvZHVjdDo0MjY2,2025-06-06 19:44:19.991,pro_SPJmWuyAz4dW5QMWzs6F1z,QXBwOjE=,4787a70e015b6f417958d81f46fe5ca4d2a857e922176a1952d2a522575feea6
UHJvZHVjdDo0MjY3,2025-06-06 19:44:27.108,pro_SqzubkkyRPuTQFRvbdHevF,QXBwOjE=,8396970e5f61e3bf2af2bb6dc09332e13513833951f2275da18fd7e7bc217fb2
UHJvZHVjdDo0MjY4,2025-06-06 19:44:29.201,pro_SRhHhiRnpnAJBQLnRSCddq,QXBwOjE=,a95e0486df46dad4d0c1426dbbb851a4d3ee19369775e8fb0eb9a036507fc86f
UHJvZHVjdDo0MjY5,2025-06-06 19:44:31.626,pro_SRssWdB9pVo6mvy4aFHR8F,QXBwOjE=,2e0c2ebb78cef8c28c5488571606ae05b65662a2df76e6b02a3707be42ed1ac3
UHJvZHVjdDo0MjYw,2025-06-06 19:44:29.603,pro_RMTmS841jdUxcKkhRahuMp,QXBwOjE=,0835734b572d923b74a0975847ef61c301baf437d9924f4a0cfe58464984c55d
UHJvZHVjdDo0MjYx,2025-06-06 19:44:20.851,pro_RzzoAQAsduzSbTKy6ZVon1,QXBwOjE=,1686a0225020d4d087b65fe0342cdbef55fde15ea00c41df76e0504da74be30d
UHJvZHVjdDo0MjYy,2025-06-06 19:44:27.373,pro_SCA74SxGN4QGvRZjMdPVcK,QXBwOjE=,06b75c87c761a1fcb1265a5e32286ad880d3e875851ae1460da80cb700bd7152
UHJvZHVjdDo0MjYz,2025-12-21 05:00:28.831,pro_SCv2AU5PW4co4F6sqqqvKM,QXBwOjE=,17776f3c3cc7f7b23d8d89d22f0bf8b0c51b0f8ea5c3ddeba7e8fc6f4ee56609
UHJvZHVjdDo0MQ==,2025-11-30 05:00:58.516,pro_4n3punkTd8AUqAGiczbGAG,QXBwOjE=,4c1e1c705d8372b68f0aef5c49ff93ced7bcbaca2d6480fe89c4c96c4d4a11ea
UHJvZHVjdDo0MTA=,2024-03-19 20:06:11.725,pro_5gMhR4qoX5crtNVs1ns8Qd,QXBwOjE=,
UHJvZHVjdDo0MTA0,2025-12-22 01:00:17.599,pro_9uDhnV5vM9APesvtAwdeuF,QXBwOjE=,2e0e6de13749bcae45c6e70f18be9c2b0c49e8a0f3535897bdf5754afc0ea438
UHJvZHVjdDo0MTA1,2025-05-22 09:25:53.859,pro_CiuPC9q9Xgamz9Ngcjdar3,QXBwOjE=,dcb77d2d9c660a4cb0cc392dfe5d8412d08809daf41924e5a2bfa9b089708a4b
UHJvZHVjdDo0MTA2,2025-05-26 09:33:37.082,pro_VVjsJzsDRTtLED9XfbiMr,QXBwOjE=,713cd611b853f595c6ad5765e740213ff7f46b08c898593c814ea13e52fa35a3
UHJvZHVjdDo0MTA3,2025-05-27 15:37:05.665,pro_YbDQvmTPtkGPNkr5QwfCF7,QXBwOjE=,90151216659360c42ad17479d33f696338143c04916e543c8ec618d1374c325d
UHJvZHVjdDo0MTA4,2025-05-27 15:37:15.400,pro_7eAnEqA4hgGUWznib4U6UB,QXBwOjE=,12d183c46426f619bc1eb9dbabdbe26206be4f12bb008530454d3b2c8480d10d
UHJvZHVjdDo0MTA5,2025-05-27 15:37:08.973,pro_7kYH4YPoPMxWPspw1cPdEQ,QXBwOjE=,4ff4811e28c985dced581fc90f622cb971a7f1679867a8d78bee5b7b538b466c
UHJvZHVjdDo0MTc=,2025-12-21 05:00:37.303,pro_JHfKCf6ZVgoSJgrnNJgKKM,QXBwOjE=,0976be855d30c175fda9fb213dc794bf615222e40389ec3777d273541b9a0484
UHJvZHVjdDo0MTc0,2025-06-06 19:44:30.674,pro_6cBBRLLN6Dzf4c6qbQPTu2,QXBwOjE=,1ac57261a9fe5cc4b3a65e293af9c60a7c94d76095ab0665e59fd8fe1df8acce
UHJvZHVjdDo0MTc1,2025-06-06 19:44:16.774,pro_6MSgorXWMAHRUiuFLZw1qa,QXBwOjE=,4a4b02800fae8ff4121b2352c70564a41b51aa2ffa7cb4a27765ac921be83e3d
UHJvZHVjdDo0MTc2,2025-06-06 19:44:25.448,pro_6qw5QHw7fDzk3y7aBpqBBy,QXBwOjE=,d198919ebcd61ac7dc4c7c2b34edbb0563947cb65ebcc61a84535209d51f2894
UHJvZHVjdDo0MTc3,2025-06-06 19:51:54.757,pro_76gsdhnujGbrLh3oyRKvUi,QXBwOjE=,28c1fb5f9f9d4dcce8fc62b5f9f1d9adb111016bdd74ed6cee366f37a53ae286
UHJvZHVjdDo0MTc4,2025-06-06 19:44:17.708,pro_77vozstoQNXF3cc1USGYie,QXBwOjE=,906e03f6530902e55bcde1c37b5a9cc123fd477f144318c92e9f29119c63d2a7
UHJvZHVjdDo0MTc5,2025-06-06 19:44:25.307,pro_7iTpHYJocsix99iKYX8JNj,QXBwOjE=,d61c3ecd6a5b0ed63f56533a8a8b0a6b23eb7afef181ae4bacdc89d4a24b7e07
UHJvZHVjdDo0MTcw,2025-06-06 19:44:31.478,pro_5K89JbvBk5M9eRZi56GPtw,QXBwOjE=,fe7bc3236338a3b33160958e54fa7bb2cb8d3b448ee9e3084b2f44c485f9250c
UHJvZHVjdDo0MTcx,2025-06-06 19:44:30.275,pro_5mcJikTagkTpJe6jv2EouJ,QXBwOjE=,63e72b6829f3e6c52c9a6e84e99b9932a91c6b9ebb321dd8c6fc155cc582464e
UHJvZHVjdDo0MTcy,2025-06-06 19:44:31.765,pro_61yBApZqsZ8fVC2DCC8etp,QXBwOjE=,f55649bcabc2517031e340a675297175c4fe422dbfa867905d97f7bb705d0d54
UHJvZHVjdDo0MTcz,2025-12-21 05:00:25.591,pro_6aGAMPwWvSU4igpTwPJtg4,QXBwOjE=,dd319a83b1d32ad88df33d6ad520f27b7258c0efceaaad306494486487baa181
UHJvZHVjdDo0MTE=,2025-12-22 01:00:18.482,pro_QdKB9y5agpoQzsLjYxtLE3,QXBwOjE=,ac6de8f2aecedb06144a9a74843d704c06ba89066db036df41bf25445e83504b
UHJvZHVjdDo0MTE0,2025-11-30 05:02:59.906,pro_YX1t3rdvDuoB5sEAL4uBrz,QXBwOjE=,7fa074a8d89cd4313dc87f86454ddf76cfd1cbc03915501ecc055b880d814c52
UHJvZHVjdDo0MTE1,2025-12-22 01:00:19.331,pro_KGVDZaiZdCZiuEHNwt2Yii,QXBwOjE=,9443d7690b47fa60e407c45615cd4575c8aba2ccd19700b4c18689c5031d8f05
UHJvZHVjdDo0MTE2,2025-06-06 19:33:42.407,pro_21sPYTxFq2979JB7GTeTpL,QXBwOjE=,e80228036af2772284acda65c0b5d2b48619cea099cf34bbc66c6003d194c02a
UHJvZHVjdDo0MTE3,2025-06-06 19:34:03.844,pro_2Rtzfaz4iUQRjVEBYDwzXD,QXBwOjE=,7af809fab7ffdc37d5dc4ac1d7505a2b0fe851a263d3cef5b906e6203eb0c60d
UHJvZHVjdDo0MTE4,2025-11-30 05:02:12.004,pro_2tJg5nCjNo181J6kgcowUK,QXBwOjE=,a80f652fc8985e00bc6215d9e80beaacecbcae7dd83c823c373c54210f5db356
UHJvZHVjdDo0MTE5,2025-06-06 19:33:55.065,pro_2zbQSYi9hkCazKCSCvbv4H,QXBwOjE=,aab74572cb334971e7c869ff81046ed3836d0a87c55b00ed666cb37f8d52a697
UHJvZHVjdDo0MTEw,2025-05-27 15:37:06.456,pro_WmU3RYoMpbLNfkd33Vd6ge,QXBwOjE=,7282d177a487aeef7cb7d20d634641da93693c5040e5367a5552bee8b208f3bd
UHJvZHVjdDo0MTEx,2025-05-27 15:43:17.335,pro_Xa65RJFSqfpVUTWFS6St5f,QXBwOjE=,8885cf8aa7f2614b1997b755e7f725b267c8504659aeb8218e61a38b74732fd7
UHJvZHVjdDo0MTEy,2025-12-22 01:00:20.097,pro_YErxc2FyGwzQU9DuzjHtxA,QXBwOjE=,404ac6586e1c299493f057d4ff3f18542f1e0e95b4eb605b34e1afd9985bc9e6
UHJvZHVjdDo0MTEz,2025-12-21 05:00:23.170,pro_VZXJ28Jujh8M2r89gRs8x9,QXBwOjE=,46697ec2238f2c04cc8e794bf828ff95187b06556137b533f2e8f1b0f058964d
UHJvZHVjdDo0MTg=,2025-12-22 01:00:20.991,pro_SpsbzpDUCXvBGvZV8qfCEg,QXBwOjE=,ae0f64c1285957379f295059558b647aae54418aeba49871b98cc421e372816a
UHJvZHVjdDo0MTg0,2025-06-06 19:44:30.938,pro_958hMpgBxuqFr5uURvMbXX,QXBwOjE=,c2028ecdd185440880e1e4fe59f5d8c832b7dc1e3c30d47fa0bfddee929278c3
UHJvZHVjdDo0MTg1,2025-06-06 19:44:26.722,pro_9BiTdxn8o6B7c5uuvU5pP7,QXBwOjE=,796f6b74d1924ba71af5cd6d905dca816aee388bd3ddd5c1d9e10edf867dbf7b
UHJvZHVjdDo0MTg2,2025-06-06 19:44:17.972,pro_9DkLXYAyhn5Vw9jYsFCFs6,QXBwOjE=,6cb320ca1b72020aa7c43b017cf884125dc138fd5b78309c3f47644361e57ac9
UHJvZHVjdDo0MTg3,2025-06-06 19:44:24.598,pro_9fxHLi5RM7Zf7Mm6vgzzQT,QXBwOjE=,e6a554d64e59e45ad83f311f99c777c8111cbb35f82fb207d12669ce5bb787c3
UHJvZHVjdDo0MTg4,2025-06-06 19:44:17.432,pro_9poCYWCbzgeaNzndN4gcev,QXBwOjE=,dc25cbd5d619b5935eb3bf8ec1777b77a023e63dd0ba098213f85b3347f3c63f
UHJvZHVjdDo0MTg5,2025-06-06 19:44:30.805,pro_9TkFrocpVUsRp5AZmYLGwZ,QXBwOjE=,5035da0cf7a2c9fa1efdca5350800dd9ddc6ba5b63725a9bf81c48ef4df6ffb3
UHJvZHVjdDo0MTgw,2025-06-06 19:44:28.800,pro_8aSxCVK7zJEnWZoMwgr8rw,QXBwOjE=,1b67e65e65caa8b2f6400bb20d2067663d792a1e38e4f6e87415db46b95ede98
UHJvZHVjdDo0MTgx,2025-06-06 19:44:19.177,pro_8hn33M8mFeEqgwoJDiv2WF,QXBwOjE=,9af29eaa7d345f2f53b2c5e98c46a5eec3a863fd01a42c862afc279ad6531072
UHJvZHVjdDo0MTgy,2025-06-06 19:44:29.340,pro_8rKPaoEHyfGkga4P6QZ4zQ,QXBwOjE=,7214d1439828b89071009a8ddbabf0adbc5c0a225c4ff0106098433470ba4a02
UHJvZHVjdDo0MTgz,2025-12-21 05:00:28.103,pro_8rZtAZQKf7P4NG4hAZgfAt,QXBwOjE=,34d6b95c45ab3f3895ac9871e001000d31156e66ef4785ed10586aded20b6da8
UHJvZHVjdDo0MTI=,2024-04-09 16:31:14.795,pro_YCngAkmeLWnpQ9TTWpvQu5,QXBwOjE=,8bcef13402219ecabf93cc6964e78dbcfee99c207f9b2d76e1ff19632dbfa218
UHJvZHVjdDo0MTI0,2025-06-06 19:33:53.140,pro_5W6urQ17N4d78cwAJEs6De,QXBwOjE=,f2480bd61e754a7249f7e588312d67526064cee846c4beaee8bf71408d89c993
UHJvZHVjdDo0MTI1,2025-06-06 19:34:20.074,pro_6g4LA9otyke9bWejwgz54u,QXBwOjE=,28d30c40d84753ae3a07186cdb70da68824266df6803edcc8d1e0bf966c2f31b
UHJvZHVjdDo0MTI2,2025-06-06 19:33:42.106,pro_6hJaUUqYuwT2j28X9c8Qxb,QXBwOjE=,2c577983fc7dff0c2b6ea54fe56add3226aaee815c7a6a1555693d1d195de28d
UHJvZHVjdDo0MTI3,2025-11-30 05:00:59.626,pro_6Twcx8kncoDWR86Fp5BHkb,QXBwOjE=,ee75509f5f3105449b1e17b59cf03f4ed52f737f32e73382c525390b55146343
UHJvZHVjdDo0MTI4,2025-06-06 19:33:49.943,pro_83TM2TByZ11ojMBzAgBuqk,QXBwOjE=,8bb67f7785ecbb16387089c669de6ce17c1204c68c34eb383800caef2c6b5928
UHJvZHVjdDo0MTI5,2025-11-30 05:02:09.550,pro_96DkRcWvJfiqTJ75yvyw1A,QXBwOjE=,88029aeec1fefc1c46b5750721075029b25c090ff25d84c969b154b99019eefd
UHJvZHVjdDo0MTIw,2025-06-06 19:33:46.849,pro_3hC3pAS56R6u3HznYvjtc3,QXBwOjE=,7830e8f41920a5c2c7c1a11669a64f958201b0780ee3d53817028e77837e889e
UHJvZHVjdDo0MTIx,2025-06-06 19:34:01.551,pro_4bq57S8Vy9m8HhrMfhqRwd,QXBwOjE=,84e84514d20c534a8871a3a9e210a639fdc74cc1423b8e2005b5323f9c0292f3
UHJvZHVjdDo0MTIy,2025-06-06 19:33:56.649,pro_54cCCmCpYQXAjxrJJKzDMw,QXBwOjE=,c85651c68464021c0223471b530e8c5ae6d1a9fab912b750df15fb58061c5ad3
UHJvZHVjdDo0MTIz,2025-12-21 05:00:24.471,pro_5Pt3iB52qQjX3f97XJcbq8,QXBwOjE=,15e194cac4a764bbd6c45d7b707712ad27ab5b48729d3070094df8cd0b1b519d
UHJvZHVjdDo0MTk=,2025-12-22 01:00:21.734,pro_ER6WqYWg49aHDHqDbu2ZpE,QXBwOjE=,8318d3fc6d34e316381a248bf10398511d51037e0832f95c8e9f3733fdb695ec
UHJvZHVjdDo0MTk0,2025-06-06 19:51:57.017,pro_BuhdZq3EsACFDX8SsGxCWW,QXBwOjE=,25fd43296d0d304e5c215b3e0c06bf23cda5203eec86aa54ee2a95c7f5cbb934
UHJvZHVjdDo0MTk1,2025-06-06 19:44:25.605,pro_CFPWLaXz4RhUmEY7DadVDd,QXBwOjE=,b393b78e897f4c59fddb2430beb6954656d9ed63848abed15fb11ef89e5dcdc8
UHJvZHVjdDo0MTk2,2025-06-06 19:44:22.367,pro_Chq6UpiUDvN36ApttEVVsS,QXBwOjE=,93a939653bb5527a699bd7833804a95475b407ccb9d1491ca5267415c75e4f43
UHJvZHVjdDo0MTk3,2025-06-06 19:51:56.547,pro_CTf5j147Ka6nQcXZnT7eSd,QXBwOjE=,acf8b566b91a7a6026143a66e4d1af4d5b66a32e7e80758b07567683c3533d1a
UHJvZHVjdDo0MTk4,2025-06-06 19:44:31.070,pro_DAHu6jYmnqh6paEYtcipR,QXBwOjE=,15db6edf0397126ccffd3271d3f90b80f1d139c3d19c0e0ad955df6fd9621f25
UHJvZHVjdDo0MTk5,2025-06-06 19:44:27.967,pro_DfuhNLVbDpc1NTmZF3Yy2U,QXBwOjE=,0d7e2ff09e348f4a61eb367cff35c9cad8e6bbac0eee4014b6984648e376443a
UHJvZHVjdDo0MTkw,2025-06-06 19:51:52.147,pro_ADGVxVRnjWkx3RUVsJNAvY,QXBwOjE=,c86ff94f0f12906ed30fa26db829fa75250f0f14224c0b46fb452b3264bba5fb
UHJvZHVjdDo0MTkx,2025-06-06 19:44:20.712,pro_AFQS2hXFw27GJza9wmAkjc,QXBwOjE=,3fc109732b75886b42858509dc293c9fc63e6b68e5aaad2e65069c2e7eaf2bae
UHJvZHVjdDo0MTky,2025-06-06 19:44:21.666,pro_bBUnBHNgxFtHw8xVdmBSt,QXBwOjE=,44bda92ffb2f1ab6170c05b528697810c49a6e2c855ac46cbc634c39846f4571
UHJvZHVjdDo0MTkz,2025-12-21 05:00:26.537,pro_BMvcMNAGbrqTsk6Ugs8pxa,QXBwOjE=,1d93345935cc9040e03c0b09446090f0b78ad553f70c4d996a18289e2ffeca01
UHJvZHVjdDo0MTM=,2024-03-19 20:06:16.816,pro_R67fHrG1Qj1copqQMfQGAb,QXBwOjE=,
UHJvZHVjdDo0MTM0,2025-11-30 05:02:11.765,pro_DvqtZzmAsTTXaDfRWczMvm,QXBwOjE=,f742004377da69c30ba1b53963b3a63af49f476f58525e736bf279da0a3d81f3
UHJvZHVjdDo0MTM1,2025-06-06 19:34:21.836,pro_EGZCEkzkcbMzcGBRNWcRio,QXBwOjE=,2ee808ffd9d7ad7dae2239adb7d8c225e09e761bfc78f4102673fda003a87584
UHJvZHVjdDo0MTM2,2025-06-06 19:33:53.457,pro_EtMEprasmHLSqKiRfXdnRk,QXBwOjE=,64c501b35caf7de0f690c611a76226600a9376d9e713ecc5c87b2eb692bc607e
UHJvZHVjdDo0MTM3,2025-06-06 19:33:41.528,pro_FQekQ9ZeUfSiRartRUu7Qy,QXBwOjE=,bd635c21e3e2a60381e3b527b7ce0cf31dad4c9dd13840a815e6894e2c5845a3
UHJvZHVjdDo0MTM4,2025-06-06 19:33:29.630,pro_FZ5aAxP9aP5SDsCNHfcrz4,QXBwOjE=,6b0e74894abaa4526c58086f67ad89aa058d57297b1728d778e917cc05091f1e
UHJvZHVjdDo0MTM5,2025-06-06 19:33:41.200,pro_GET1Ha7yiRrbVijcUvdTq5,QXBwOjE=,6736952287dc4b51d6f00e39550781b823c251ecb69d11f7354f26c478ce81d1
UHJvZHVjdDo0MTMw,2025-06-06 19:33:54.070,pro_AKFc2SP1FbS5b86ECXrXg8,QXBwOjE=,1ed25b7d89895bb1d26ace08b237125c6a4ec93f70a72421cbaefb6baa921e65
UHJvZHVjdDo0MTMx,2025-06-06 19:33:40.915,pro_ATN3aC4yezo9cQPeXg2DgN,QXBwOjE=,b8a6b83164c7c2ee25fa4eb92d8fadbad19a53bb8b49b821a1a0d234b694149d
UHJvZHVjdDo0MTMy,2025-11-30 05:02:11.100,pro_C84rrMYAVHRpE1ATnwcFv5,QXBwOjE=,acad1d764667a201dd37b1b93126611ae5a9a9b956227b6cd3d9d925271b0d4e
UHJvZHVjdDo0MTMz,2025-12-21 05:00:22.045,pro_DgskbZBuSnBiZnLbQpcYvF,QXBwOjE=,879cde7fc9e356f598219600ac0d80ba51ad3bf88a20653bbc3013c0bd76e842
UHJvZHVjdDo0MTQ=,2025-12-22 01:00:22.385,pro_YUhPcA23wEBRNbxNtVU3nP,QXBwOjE=,ae1766bf73e877ab67f3af728f204e076394ad0dc0c295acfc1b3b6fd11bc17e
UHJvZHVjdDo0MTQ0,2025-06-06 19:33:40.273,pro_MJctvrPUUpD1z7fo2dERgb,QXBwOjE=,3b89b572067dc7412bbadb6906508b0548b001f5265e6037fce523e1a759dc0b
UHJvZHVjdDo0MTQ1,2025-11-30 05:01:16.942,pro_NjancgMDB15eqr5oFjBxL6,QXBwOjE=,65f85ae2f31aa52a30cb017a488ab80a482d45a1cce41b123d679952640bc4f8
UHJvZHVjdDo0MTQ2,2025-06-06 19:33:44.420,pro_NKSu8P9J8vtbndwUZabQbR,QXBwOjE=,0ac61beb62804b4ed6a1a1fdfe2a8aa18a327db2de84cd0934678677b0992972
UHJvZHVjdDo0MTQ3,2025-06-06 19:33:41.837,pro_PWDRA59DAgnEAwwV6caCME,QXBwOjE=,d92f915f229cc80c0fdafb5f2611504f53509a65eb6ab884d4e11e769ae67c09
UHJvZHVjdDo0MTQ4,2025-06-06 19:34:21.525,pro_RgjtFwtJbXHpSscywvQAim,QXBwOjE=,12300c0d82d8f702a7ed64665f18192c118ea94671bd7c36cb1bc6df7921e979
UHJvZHVjdDo0MTQ5,2025-06-06 19:33:43.527,pro_SK8k8MeLJZLGUtSh5kFpC,QXBwOjE=,bb249854f19ee2213c25692a93a09928c52b4c13f562c767d3ee3d7364bd6427
UHJvZHVjdDo0MTQw,2025-06-06 19:33:43.225,pro_GMTeyfrdb9TSU37ZDofGi9,QXBwOjE=,02a0481a317e3ffab9cc4b8854b2786d992364892be00e0d437d0e3088d63a0e
UHJvZHVjdDo0MTQx,2025-06-06 19:33:44.117,pro_GP4uQXEkSx4VZGGiR9D2JT,QXBwOjE=,67b881936713529e671c2f97bc373e69b9e2355a0580053bff79dcf1e7f7eec2
UHJvZHVjdDo0MTQy,2025-06-06 19:33:46.006,pro_J5msXayRQmZUh855q6wYpN,QXBwOjE=,ab71a7247a20d62b76f4f8e0bd011c1dd04d43871d1ea2b4944280463425c9a5
UHJvZHVjdDo0MTQz,2025-12-16 18:54:50.981,pro_Lg5akMUGicWcvvuBdwJK7H,QXBwOjE=,8e46b66320443ab672d2dbbef01427784ce7b444bcc3a628930c9b0274b5ab87
UHJvZHVjdDo0MTU=,2025-12-22 01:00:23.286,pro_ECJaHQ1uj4t734vFGt5c77,QXBwOjE=,dfda86309d201b60bc7da71204a7c5eca9678ffb757ec82e1c8542d0ff98d3a4
UHJvZHVjdDo0MTU0,2025-06-06 19:33:40.632,pro_WeJFqAVsgLQ1As3L2YFbSq,QXBwOjE=,47722b11cb938c569a59e5b8cfa599f242ab507a07a007d0492ebe4fd3b76c9d
UHJvZHVjdDo0MTU1,2025-06-06 19:33:30.747,pro_WFsVQzj7ut1xD49XKeKZy4,QXBwOjE=,a0e881bcb09be8c50fbd07c933eba72739f6b446c7fba930d13e46fd2c6729e8
UHJvZHVjdDo0MTU2,2025-11-30 05:01:00.002,pro_XA8SbRkxqjqnyZwJG7ivCS,QXBwOjE=,8acd0e574b5095d814406555f78909e4ae16a4d38983466e9e26c02c9a4baf68
UHJvZHVjdDo0MTU3,2025-11-30 05:01:15.915,pro_XqF2CT6nkEm7QgcEPB8ufQ,QXBwOjE=,7168c48180a4d612e18c597fe64e60bfe7866ec8cc7b6f9275ec29bf704669f6
UHJvZHVjdDo0MTU4,2025-06-06 19:33:56.056,pro_XynTRh4yWCqfWxh8kuvMRg,QXBwOjE=,16f79714b376f1fced16dfc7533579bb44e2909bbf1ea04b3ab43dd6b2c41acd
UHJvZHVjdDo0MTU5,2025-06-06 19:44:18.650,pro_2KceBjo7puzfN95kLVRS2c,QXBwOjE=,8d3f367c90724d6c7d59b2085fd3e8602379acabd8eb426a8d239c4a4b0601b8
UHJvZHVjdDo0MTUw,2025-06-06 19:33:43.813,pro_T6pc6ZJpy6MGXQHfvGDtBn,QXBwOjE=,d7608c628f5eef5815e977ab1c5085f6397bbebf9e13ac1b58319f516db0567f
UHJvZHVjdDo0MTUx,2025-06-06 19:33:46.600,pro_V27C8uZ8YzwwYNJ531mNXU,QXBwOjE=,b796bae0b7c707898312f04bf72347b94e83e3cdad39a877cdd0d15d188cba5e
UHJvZHVjdDo0MTUy,2025-11-30 05:01:08.126,pro_V3EENpDJiM61xVgFTzKTxt,QXBwOjE=,6f6ce4c4f86ca5be65c28708a524f38d4a0ad0ca6dc2d261d2564fc3b2fc11bf
UHJvZHVjdDo0MTUz,2025-12-21 05:00:24.729,pro_VmpwtZ6uDHGVMvqZ8mLg4Z,QXBwOjE=,e070b8a9d40fd78edc26da442b6d8c6a74156259ad82e4dd8a9f5d1b9fdd98a0
UHJvZHVjdDo0MTY=,2025-11-30 05:03:08.050,pro_X1WaopYwikbeg4Eq6Uie65,QXBwOjE=,bdcd95de5e141acab843791bdd964909827cada5897f2d37479f6dc9aa94b3f4
UHJvZHVjdDo0MTY0,2025-06-06 19:44:29.070,pro_43XG4ZXtW4pbyaQVrU3LkR,QXBwOjE=,e34cf74d1ae3946b62fa2b02a719cd071dcf1606c1ee5211586c0dc1241cfde8
UHJvZHVjdDo0MTY1,2025-06-06 19:44:18.113,pro_46GJVTwFCX4CxRaeCMueKQ,QXBwOjE=,b0d2271a1562dff194ea07b04c21b316551f2f7acab1e6102802720d0b8d3ba3
UHJvZHVjdDo0MTY2,2025-06-06 19:44:17.165,pro_4imzQkPw93FXvjTpFbSqRx,QXBwOjE=,064e7a3b289428f13a2cd7c4493057d776e657ddf30563f669169e60f0e78c57
UHJvZHVjdDo0MTY3,2025-06-06 19:44:19.859,pro_4XpTDDNunveqQ8chiBN36,QXBwOjE=,3aa6009b27c98dcdaca2e2c9990a2f90560dbe7de5c1b505c584805c2787f7a9
UHJvZHVjdDo0MTY4,2025-06-06 19:44:32.181,pro_5Bz29Vt45ctQof6yfYD9iC,QXBwOjE=,c9f92a4757b78bad1f61f4fcd7bbfb7a3275e029c0c6882995b9fe8907f4691c
UHJvZHVjdDo0MTY5,2025-06-06 19:44:31.344,pro_5BzF9PKVNNbZBmBkQRKo7e,QXBwOjE=,bb78e5213739a5e8f8840dabdd36bada95c8b6e9cff49faf2d568f7c6b1c386f
UHJvZHVjdDo0MTYw,2025-06-06 19:44:23.065,pro_2Ztgvz4gRuszEy4LvpLei5,QXBwOjE=,831fc85d9e682215cc49b7d4782a9da5007b748fb7015ca535442defd8321ca9
UHJvZHVjdDo0MTYx,2025-06-06 19:44:19.316,pro_317Fm882FqQvfWv6cf3DRy,QXBwOjE=,a421f797a869825d8b3b34a100959a7ae35b3e68999cc34546c4b411302e4534
UHJvZHVjdDo0MTYy,2025-06-06 19:44:24.171,pro_3baeKH66kSXojGpxVxMsZs,QXBwOjE=,b5d05a7003b9a37947e513f791828f224cf39ef162c93b96665ca5448a270c4b
UHJvZHVjdDo0MTYz,2025-12-21 05:00:35.696,pro_3CB1eXdecd2B6yU4hSHp75,QXBwOjE=,b490a88928cebd711ab022caa981b602068b21c0a69c94f293396d54e1aa6f66
UHJvZHVjdDo0Mw==,2024-04-09 15:41:36.472,pro_E6jAE5Do2mBcyZCYWbNY4Q,QXBwOjE=,a2c61e9a717e5d1cd2499997ef07e214ca180be24ec469c723e847e822471cc7
UHJvZHVjdDo0MzA=,2025-12-22 01:00:24.833,pro_YJPsDvL16iNZBTgqEs9jaf,QXBwOjE=,9054b80ae7575eacb84be4a207eccd8a8be791d832d817d1ce7508bba8f278fe
UHJvZHVjdDo0MzE=,2025-12-22 01:00:26.383,pro_J7KvmBc9MKWoiHceZihF2y,QXBwOjE=,6cefce7dfce14cc45dd196dcd0cbff6d2da61f29e65eae3b4af703dc4d149fe1
UHJvZHVjdDo0Mzg=,2025-12-22 01:00:27.041,pro_P6LepFvhqWTitWWSkmrTai,QXBwOjE=,fc8261afeb2f63652e995ba33749021950d0fa319afd84735832e6d394661379
UHJvZHVjdDo0MzI=,2025-12-16 13:42:16.494,pro_YFMCeFHJXrkTNuDshT2BDd,QXBwOjE=,baef49eac9cc652c52a8848228fa26328e1b4b0515e25738b0337aea21f52457
UHJvZHVjdDo0Mzk=,2025-12-22 01:00:27.766,pro_ipgF2qtsbtozSEGunyoGY,QXBwOjE=,aeb60014e00f6aa55b00be8db07bc42921a55ed853cdf83adc033eb6c44fe86c
UHJvZHVjdDo0MzM=,2025-12-22 01:00:28.420,pro_HKLw9Khd2iCpFindfapBS3,QXBwOjE=,e0d8e0e735ad06632b730e47e4d195694f69dc5f2824d94ce754a402d48df650
UHJvZHVjdDo0MzQ=,2025-12-22 01:00:29.195,pro_GNsqwgWmjw9x1NSoMFxUh7,QXBwOjE=,adc2655bfa2bc09f25b5337e814febac958b5f467066864eb321f6c4ad5a10cd
UHJvZHVjdDo0MzU=,2025-12-22 01:00:30.465,pro_AKyW1GLAFBtog9bReidWWg,QXBwOjE=,7482442386f646ad9f9899d34bc7348e9539b615bdafc43f7ca7e2d480f0a50e
UHJvZHVjdDo0MzY=,2025-12-22 01:00:31.132,pro_F3fuuHofXraqbfp5ddG9Pe,QXBwOjE=,384f8f812657b39006242862d4a94447474c07a703ba7ef1f27e254d382e4db1
UHJvZHVjdDo0NA==,2025-12-22 01:00:31.878,pro_Aq9JPR8xNRt1PwbAZG9iYC,QXBwOjE=,9c943c7841305dee0ea663213a40aaeb4b05bacd92ebc9b510b4ab76cb1eb7d9
UHJvZHVjdDo0NDA=,2025-11-30 05:01:38.189,pro_Jaq2FWtftQtMyEQvhQuQuS,QXBwOjE=,aec9d67ac1c7076ac878744c4cde566a043349306cca1427216e8ddebbdf9f95
UHJvZHVjdDo0NDc=,2025-11-23 05:00:55.477,pro_NEw2NMVU29L8eHEMifNFfs,QXBwOjE=,7d6bd036e8705e047bf770b6d9cd56fd3debe987f8d9b5b78a902361f1dfdd50
UHJvZHVjdDo0NDE=,2025-12-22 01:00:32.528,pro_CKH3Z7vKfgnnJE67N4eb9T,QXBwOjE=,491846c6433a2134764dddcd9c9f35d1ae15ff1c77ba7106bd0ddca7714e344e
UHJvZHVjdDo0NDg=,2024-03-20 20:14:48.149,pro_Ross7hVRLpHGH8mRYo16dr,QXBwOjE=,7ecb6712cde769cb00448ec370e07feb5632a8f6e107d556f122695ed1a57a31
UHJvZHVjdDo0NDk=,2025-12-07 05:01:09.612,pro_3BHJKsHrVjhKVePZd1jc7,QXBwOjE=,a8a2407cd92b78e5d87b6fcbdca97f62369dc65a1a3844060ec6ea05d5e1a3fd
UHJvZHVjdDo0NDM=,2025-12-22 01:00:33.331,pro_6Wit9nE1d7CJRqbZvFoXDH,QXBwOjE=,027b88278ebd51acd9336cb08724af7db075488049a2969604237dbc613359fd
UHJvZHVjdDo0NDQ=,2025-11-30 05:02:11.022,pro_Pg5tdLMuuJG2imqL9tE1t2,QXBwOjE=,2d6a5641396013d2566c8adb71c92892f5992bfb0b49928628aa91db6f5e3ca2
UHJvZHVjdDo0NDU=,2025-12-22 01:00:33.923,pro_2otRkikySmsRo5N2s6PKto,QXBwOjE=,671df1b14bb27eb921b407f00d7cbc381c7c4e93505bd976621f7b9365acb175
UHJvZHVjdDo0NDY=,2025-12-22 01:00:34.585,pro_D62rDUJk3ThfHTszm6gsG1,QXBwOjE=,cfa9b21d45da20775106ed9da0ad3e3d31d9068c2d5a90c7010a26feac09d246
UHJvZHVjdDo0Ng==,2025-12-22 01:00:35.307,pro_Qd5GT6RctoiyTzXnrCE24T,QXBwOjE=,84633ba321bd8f3de1d3729833992cff0566a5383cb0b6956ff0c8e5fd174b78
UHJvZHVjdDo0NjA=,2024-03-19 20:09:03.401,pro_5nQySqSGzEvhvM8XCrPVw4,QXBwOjE=,
UHJvZHVjdDo0Njc=,2025-11-30 05:01:06.732,pro_PdVVxBz6XSAEpQxFfy8w8Z,QXBwOjE=,9f1f71dfff30b2a87b11a9a05eb1a41beaec3cc1c23ba667f4a4a292f4c15b54
UHJvZHVjdDo0NjE=,2024-04-09 15:54:59.425,pro_TCHvpLCbKb8oVTZp3v5wp8,QXBwOjE=,ef6367f6f47385b60e0c9db37ffbda844971b891ee87a11651e6b916d30d9610
UHJvZHVjdDo0NjI=,2025-12-22 01:00:36.152,pro_QgH3x6iQMgi18NSoQFn3JA,QXBwOjE=,73cf3a3101160c05af1ae103c221255f1bdbf19957bc41872f41c46fb4e79097
UHJvZHVjdDo0Njk=,2025-12-07 05:01:09.806,pro_7GxV9cMWPt3DqkwosxTEzj,QXBwOjE=,642d2ed36d881a8f54fbdfff1eb90cca9bd078e5c65f3e456409464c1d7ee771
UHJvZHVjdDo0NjM=,2025-12-22 01:00:37.054,pro_CThfiCaUT8FTGTcxN91FYu,QXBwOjE=,537a609ef84a89e3c6d6c754a0ab8e5cbc958fb7f9e7bf7f4c73ff796099886a
UHJvZHVjdDo0NjQ=,2025-12-22 01:00:37.966,pro_Sro6HQSGjFcYf6AzLqZocs,QXBwOjE=,be45438a8e06961e69a2fff03bac7f01df26420e07be851548b15828cecc87b3
UHJvZHVjdDo0NjU=,2025-12-22 01:00:38.880,pro_DEcBstHkutQ1VNVVpvv7Mb,QXBwOjE=,a8412cb773d8c64aeefacf4d3e2df7d48dfb5021b6fbd16c0ae94866ced83c37
UHJvZHVjdDo0NjY=,2025-12-22 01:00:39.526,pro_EywFw5bqQD9mdYRc9RWvLQ,QXBwOjE=,ef25ebe9078c028b68f313d7186636489052d7068869aa63ab38172b84575a8a
UHJvZHVjdDo0NQ==,2025-12-21 12:20:22.980,pro_TRxx3pPzVZk6rQNPtpGHXv,QXBwOjE=,68273f3abe828ba4c7e2e00caa116888daa553fe96f8775bd10dfa25931b5a20
UHJvZHVjdDo0NTA=,2025-12-22 01:00:40.754,pro_RMShkLw9HbGAbVQyS3SXRR,QXBwOjE=,f5b6cd2a0c0b179678ef50adc3bc270c47d105bc9fb050f4d1c77728d0cad2d0
UHJvZHVjdDo0NTc=,2025-12-22 01:00:41.487,pro_91iDN2ua8r8NaMu6RhrzuG,QXBwOjE=,ed91fbfaa2a218ae36d0f54a9de39a871858a9085e254bfbd5415f29aaed05d7
UHJvZHVjdDo0NTE=,2025-12-16 18:35:20.090,pro_ESvf2CAaX2dcJQm3HeuGed,QXBwOjE=,f00df8008af90703f1962e5feec8cac2443e54d1af677e148e5492ef31d29870
UHJvZHVjdDo0NTg=,2025-12-22 01:00:42.531,pro_Q2JwUDbdYkCKqiHEcv3Qdf,QXBwOjE=,35f727dfb23a0d438099f246d0190d17bfc2194ad71d9ed33ab39076cc672457
UHJvZHVjdDo0NTI=,2025-12-09 14:36:47.109,pro_SL6WbBW8x1P4kyBUmM2iZg,QXBwOjE=,a6198886fef2837c2e03e232b297412ace2ab24635a7dd4ec81f61c034721f19
UHJvZHVjdDo0NTk=,2025-11-30 05:03:07.874,pro_76sSxstVFSPu7VxG9xUKbh,QXBwOjE=,06b8b241693481bfc379f67dc850ecba3349b1b8a3601981e4b79c1693661f82
UHJvZHVjdDo0NTM=,2025-12-22 01:00:43.560,pro_7UUqGSjM5K7p2DhRGTvLw3,QXBwOjE=,b490a3b8da0c73e2d9b96eeded2433864ccd152e66dc4bca8265174ac3dc9101
UHJvZHVjdDo0NTQ=,2025-12-22 01:00:44.159,pro_Vpz4Z5SMN8PCdK38EhZz5M,QXBwOjE=,91a07bbc44a6d3b31bcc87b382c57f80c84fc3e22413abbb75f4ac01ee937afa
UHJvZHVjdDo0NTU=,2025-12-22 01:00:44.911,pro_VazGz3eucU1XnKYbv1X2qF,QXBwOjE=,d8955890182261a2395752ba7771e8e0f14a7f7b445661dbfca4b7da93ad5382
UHJvZHVjdDo0NTY=,2025-12-22 01:00:45.658,pro_CqUX25qBh9G6pAkHLv7iq3,QXBwOjE=,6ca49e765e98f8da3a67fd62aee615e8ff3ae1b732a8f6529ede1de7543d1acc
UHJvZHVjdDo0Nw==,2025-12-22 01:00:46.399,pro_95nP4dYpbaBAhfeem8syMJ,QXBwOjE=,98632c409709f260ab3cac848a57721532ce9aeace73c766da1a4131373be65b
UHJvZHVjdDo0NzA=,2025-12-22 01:00:47.264,pro_WWdzn1SUKJ1n1Fx4x2Hrxc,QXBwOjE=,47073ac47e2325f166cd1a758c8dc9c296729c60ff9ee27c21916a207b263a9c
UHJvZHVjdDo0Nzc0,2025-06-19 16:52:32.315,pro_FEKQYmBevFd7h3YQnRNVNE,QXBwOjE=,5a98ea809bf2006fd2dc0427a0d0fbf9d4a8f68d3f7eba4ce8f231b0dba246b2
UHJvZHVjdDo0Nzc1,2025-06-19 16:52:31.205,pro_JSkMy4fLS4acuEqEZvRJrn,QXBwOjE=,cfd44869833d3b5aec200b591c2a01457aeb3bc13333157b4256fbd3967d17c2
UHJvZHVjdDo0Nzc2,2025-06-19 16:52:53.004,pro_K6w4Ps8Kw5KCYr439ssWVZ,QXBwOjE=,4edb58cf690b3c569f58a8aba97a2f8c876f1bc02a377e2a9b81fb4d2d4efbf3
UHJvZHVjdDo0Nzc3,2025-06-19 16:52:28.420,pro_KitkJksVHunRtzv3SdijbM,QXBwOjE=,dd279ba121ec90eabbe8ddbebb09e14ae34d5b54c2ed0655eae42c89a59b287e
UHJvZHVjdDo0Nzc4,2025-06-19 16:52:27.241,pro_LAwnNHui7jPiE5hb2FuDVB,QXBwOjE=,031a0f6d6cd8b8f28a857e616a11abf4ce7f321d4f5217a7325ca1749bedf531
UHJvZHVjdDo0Nzc5,2025-06-19 16:53:02.526,pro_PaGoFBjDpTbjbDFqRPNGPK,QXBwOjE=,b794b5f318ced10ffb8623a0d6a304c365189ff381800244edc5fec296427369
UHJvZHVjdDo0Nzcw,2025-06-19 16:52:32.635,pro_AmyKN4y1LdNLigPPKtJdgA,QXBwOjE=,37a7288b458015a111cec8ac7f8c0f72836424c022350512073295e14e8fe546
UHJvZHVjdDo0Nzcx,2025-06-19 16:52:48.052,pro_BvSSRbxVCPU7dTo3Jgykcc,QXBwOjE=,23b666724b2a7bff5e37c1d875f9172adca400eef0e60884f63d4c73003991ce
UHJvZHVjdDo0Nzcy,2025-06-19 16:52:42.480,pro_C6SYiE8cKN8f9cEZd4u9K7,QXBwOjE=,c4db5632e5cff2fe7359a58112c8b925abb6c4c41b55da5dfe4d2a71cf492b21
UHJvZHVjdDo0Nzcz,2025-06-19 16:52:53.897,pro_CpBbYqUXBydKUUDmJaDFuM,QXBwOjE=,6585e55d68357d6864559218ee8dcf0e21e0e6c93fe5d7349b46aba850ead5da
UHJvZHVjdDo0NzE=,2025-11-30 05:03:14.637,pro_8ao7Vet7JHMyiS6LWaBBC8,QXBwOjE=,028a6b5445feb985346a69c2938e3638a1c1b3c2c2f065d4e44b551f9bdb4b56
UHJvZHVjdDo0Nzg=,2025-11-30 05:03:31.135,pro_6AB5V13cvPjiwTHwLJZTDj,QXBwOjE=,6d197aa0ecb64313ba78ebe90057b6c4234bf1c76d5c54012fe5af674f8bec35
UHJvZHVjdDo0Nzg0,2025-06-19 16:52:13.581,pro_UqTRYPHAT67Q9eCDvNjwya,QXBwOjE=,b7d082ac8ef2bba45a8f5055f002c765558040ff01660521fc6990b3ec5b2a6d
UHJvZHVjdDo0Nzg1,2025-06-19 16:53:01.241,pro_UukrFqYHt3FvwTfqx1wzXu,QXBwOjE=,12732c77b5bf5036c7c67e43e9d9f4e18b4685bd2c1a1e40d188a6d315b2457c
UHJvZHVjdDo0Nzg2,2025-06-19 16:52:15.133,pro_WvjgCcBNZCuwSC2kWHgmE5,QXBwOjE=,60b163aa381436030d45f2b5c443ef79225c7b4e675ed886571833ad9f1e60b1
UHJvZHVjdDo0Nzg3,2025-06-19 18:12:32.577,pro_2taxrAF5XVQQyZabWxy2XV,QXBwOjE=,
UHJvZHVjdDo0Nzg4,2025-06-19 18:13:02.277,pro_3h9thzZMWUQvwSqcR372tQ,QXBwOjE=,
UHJvZHVjdDo0Nzg5,2025-06-19 18:12:19.765,pro_49fnpg6K2wRBdagJRxyNeY,QXBwOjE=,
UHJvZHVjdDo0Nzgw,2025-06-19 16:52:20.226,pro_PU2EPTTe67DMZDW2U1Riov,QXBwOjE=,ef5998972ace289fa9adfe9867f59994c0036ae805c6773d85911b495a28151c
UHJvZHVjdDo0Nzgx,2025-06-19 16:52:19.900,pro_Rg6aM7WDxVXP2EoToCRjCj,QXBwOjE=,10f1b48dfa93c4f38d6e55c777a60a9d5d42ad7f11cbccdf67c7f993b848508a
UHJvZHVjdDo0Nzgy,2025-06-19 16:52:54.225,pro_RJmtkgcfq6rngcn1pCyfWy,QXBwOjE=,6acb83631d7a71738325b052f356d8aff1ef7716e66859379803b4b96cc9d117
UHJvZHVjdDo0Nzgz,2025-06-19 16:53:01.537,pro_TeZgxN6CxmtCWU7BW2aHED,QXBwOjE=,a4128676c5e083c0758d4579e687952bbb9957e04d77471e272b4d70b43d0877
UHJvZHVjdDo0NzI=,2025-12-22 01:00:48.740,pro_UoUFogNXhLScpiZHd31wsM,QXBwOjE=,0e0d84c49af650ed53ab8cb176a23ff709a0ab26f7c22be3a464ab147dd7ff4f
UHJvZHVjdDo0Nzk=,2025-11-30 05:02:02.313,pro_8wQJSZNeT7yjFavURUEVHD,QXBwOjE=,a0c26f6ea7a840c7171d5e9497469c461392623aef39eb5eb50382be4714a636
UHJvZHVjdDo0Nzk0,2025-06-19 18:12:43.459,pro_MMsZ7NqWZVxNsXR4M24oWF,QXBwOjE=,
UHJvZHVjdDo0Nzk1,2025-06-19 18:13:04.003,pro_N2c8hwaR3aSBi64KgrYK5k,QXBwOjE=,
UHJvZHVjdDo0Nzk2,2025-06-19 18:12:14.196,pro_RXdWc8nFbHTa2M6icySymB,QXBwOjE=,
UHJvZHVjdDo0Nzk3,2025-06-19 18:12:12.142,pro_Siz6XWkoTr4TwAv6RuEcJT,QXBwOjE=,
UHJvZHVjdDo0Nzk4,2025-06-19 18:12:31.443,pro_UEmdBbve5fnrd8gPtUgEXT,QXBwOjE=,
UHJvZHVjdDo0Nzk5,2025-06-19 18:12:55.276,pro_VR6fLWWhxU3qeetrLH7bw6,QXBwOjE=,
UHJvZHVjdDo0Nzkw,2025-06-19 18:12:32.955,pro_8ZT9Te7YoL5nRHaXSK2Pnj,QXBwOjE=,
UHJvZHVjdDo0Nzkx,2025-06-19 18:12:55.557,pro_BiHXQCSj2p1pjoopkmHaXh,QXBwOjE=,
UHJvZHVjdDo0Nzky,2025-06-19 18:13:02.618,pro_FrGNQHHFumkZv28RchHRcB,QXBwOjE=,
UHJvZHVjdDo0Nzkz,2025-06-19 18:13:02.919,pro_JGj6H3fuYVKRuEvK5bpifu,QXBwOjE=,
UHJvZHVjdDo0NzM=,2025-12-22 01:00:49.659,pro_W8byHndpyB7PpVGQGTx1Xr,QXBwOjE=,efed5a849970e7d55fc63166924143116635fcb38e0f5f0033ed62c76f00ed1a
UHJvZHVjdDo0NzQ=,2025-12-22 01:00:50.383,pro_DXih7Kc7ns14bUS8DvEWsF,QXBwOjE=,7c1e5c8f407ee4009b2f296205bcbc3a739321fb056d0c37de150a2523c2b2a9
UHJvZHVjdDo0NzQ5,2025-06-19 15:12:30.593,pro_AmY69i4336gAusnxUx7GCJ,QXBwOjE=,cfd44869833d3b5aec200b591c2a01457aeb3bc13333157b4256fbd3967d17c2
UHJvZHVjdDo0NzU=,2025-12-22 01:00:51.249,pro_3oXi4jQ6LB9Y854cFMX5rh,QXBwOjE=,abf78be3f25ed91b989c7a72ee5fd457e2afc93dbdef75347ac7f7cffc64f41d
UHJvZHVjdDo0NzU0,2025-06-19 15:12:14.984,pro_Q2wEKWBPTpVPzBQjdEwYab,QXBwOjE=,b7d082ac8ef2bba45a8f5055f002c765558040ff01660521fc6990b3ec5b2a6d
UHJvZHVjdDo0NzU1,2025-06-19 15:12:51.355,pro_QRibVQ9gWaJEzUCMKaumn2,QXBwOjE=,6585e55d68357d6864559218ee8dcf0e21e0e6c93fe5d7349b46aba850ead5da
UHJvZHVjdDo0NzU2,2025-06-19 15:12:16.509,pro_RKG8nGui3DdzZ2ophwGPKW,QXBwOjE=,60b163aa381436030d45f2b5c443ef79225c7b4e675ed886571833ad9f1e60b1
UHJvZHVjdDo0NzU3,2025-06-19 15:12:28.059,pro_S3gDWvRpCvkJ7MFesyfD15,QXBwOjE=,dd279ba121ec90eabbe8ddbebb09e14ae34d5b54c2ed0655eae42c89a59b287e
UHJvZHVjdDo0NzU4,2025-06-19 15:12:50.533,pro_SNVcmFAoo2UJdJdQ2zRXwN,QXBwOjE=,4edb58cf690b3c569f58a8aba97a2f8c876f1bc02a377e2a9b81fb4d2d4efbf3
UHJvZHVjdDo0NzU5,2025-06-19 15:12:20.696,pro_UConnEiFv2xvLMKAqTw1G,QXBwOjE=,10f1b48dfa93c4f38d6e55c777a60a9d5d42ad7f11cbccdf67c7f993b848508a
UHJvZHVjdDo0NzUw,2025-06-19 15:12:31.788,pro_BGN2wY8xCgrkoLXKqWQsCb,QXBwOjE=,37a7288b458015a111cec8ac7f8c0f72836424c022350512073295e14e8fe546
UHJvZHVjdDo0NzUx,2025-06-19 15:12:51.584,pro_FCcZXLCVs7a3wWG6DT9C4T,QXBwOjE=,6acb83631d7a71738325b052f356d8aff1ef7716e66859379803b4b96cc9d117
UHJvZHVjdDo0NzUy,2025-06-19 15:12:27.046,pro_Mx38EV4nni1CeeU6RCByv6,QXBwOjE=,031a0f6d6cd8b8f28a857e616a11abf4ce7f321d4f5217a7325ca1749bedf531
UHJvZHVjdDo0NzUz,2025-06-19 15:12:31.506,pro_NueQz9zQx4KXhvGmi7WyMf,QXBwOjE=,5a98ea809bf2006fd2dc0427a0d0fbf9d4a8f68d3f7eba4ce8f231b0dba246b2
UHJvZHVjdDo0NzY=,2025-12-18 01:00:48.378,pro_A8aeq7VwaXRaXe19Bf4AtR,QXBwOjE=,763aa28b8f8034f30f1f093a1f59a45f3ab03af34e14125dd383ce986e04fe70
UHJvZHVjdDo0NzY0,2025-06-19 16:12:55.053,pro_6KKsCj7QVWAi76FYYu1dgF,QXBwOjE=,
UHJvZHVjdDo0NzY1,2025-06-19 16:12:58.382,pro_AMpS57xoJMz1cFBYpCWAYu,QXBwOjE=,
UHJvZHVjdDo0NzY2,2025-06-19 16:12:54.724,pro_CS3NJbNZE18UXuTpf7jXR5,QXBwOjE=,
UHJvZHVjdDo0NzY3,2025-06-19 16:12:55.292,pro_JxwQnT2jMBTTGMVevnPQeT,QXBwOjE=,
UHJvZHVjdDo0NzY4,2025-06-19 16:53:01.851,pro_4Gpq7FPXnNYxpRMhoKhW2F,QXBwOjE=,0ebb627af94abc83c9512e9aac43a65774b9ec42da80b225b3063844cbf101fb
UHJvZHVjdDo0NzY5,2025-06-19 16:53:00.935,pro_7RPrKdyXiHAsCiogvD5Rum,QXBwOjE=,dc1127ca35fc469f752def759eba4436d21c98be8a7b7949f83e831a5675d7d3
UHJvZHVjdDo0NzYw,2025-06-19 15:12:20.970,pro_X2Yh41q3UyomCnrrxhEUUC,QXBwOjE=,ef5998972ace289fa9adfe9867f59994c0036ae805c6773d85911b495a28151c
UHJvZHVjdDo0NzYx,2025-06-19 15:12:45.907,pro_XbgCeDfXUnKYx3WFjyJi7g,QXBwOjE=,23b666724b2a7bff5e37c1d875f9172adca400eef0e60884f63d4c73003991ce
UHJvZHVjdDo0NzYy,2025-06-19 15:12:40.628,pro_XwugqNZHWMDsscob8pWVaF,QXBwOjE=,c4db5632e5cff2fe7359a58112c8b925abb6c4c41b55da5dfe4d2a71cf492b21
UHJvZHVjdDo0NzYz,2025-06-19 16:12:53.755,pro_5Tf8U9boCBfi5QNkx998Mn,QXBwOjE=,
UHJvZHVjdDo0OA==,2025-11-30 05:03:26.862,pro_WE7hRpBuLjsJ4b7wZ9RWgs,QXBwOjE=,3b8a215a4a3fc2ca33b79dfb95fa301f86646420a079568a3163c40e889c27aa
UHJvZHVjdDo0ODA=,2025-11-23 05:01:31.250,pro_9eXXV63n7Zwz9tcuBLqzFk,QXBwOjE=,c2a90a69ddd0c56c7a3483e66719d2ce4abbe5743140b5ef77dce96343af5130
UHJvZHVjdDo0ODA0,2025-06-19 18:12:49.175,pro_XXpUvWdNNoPs6DM5q4sG9f,QXBwOjE=,
UHJvZHVjdDo0ODA1,2025-06-19 18:12:54.375,pro_YLuzWrcFdJf7Bdx7dz4cgW,QXBwOjE=,
UHJvZHVjdDo0ODA2,2025-06-19 20:15:01.940,pro_23ttjG1RB9n58zGnBtAfRr,QXBwOjE=,f118d3cf9aff54c92d916916359734ee93d97eb0c260c23228c3d059fb43cff1
UHJvZHVjdDo0ODA3,2025-06-19 20:15:03.608,pro_2WWTuqhXVN25RoNLt2RPAs,QXBwOjE=,287ddc8a5c610d1fbeecbb18ad916062368e85ca278152adbbc6533273b9178a
UHJvZHVjdDo0ODA4,2025-06-19 20:15:01.462,pro_4b7mwxsHDFoYW66yLSjhxn,QXBwOjE=,10761f05fe67c8ee8b5ce492d6c74607810dd478c7b8d66fce7f3148d99e7590
UHJvZHVjdDo0ODA5,2025-06-19 20:15:02.085,pro_6gVBJcz2R5EZf4mT2uaGm7,QXBwOjE=,8986c54ec615bd6a0a5dcae678a77f48c4cc0556d7e3855712a5b99bf75e73e8
UHJvZHVjdDo0ODAw,2025-06-19 18:13:03.220,pro_W3rtURkXcX46TFvtLzciej,QXBwOjE=,
UHJvZHVjdDo0ODAx,2025-06-19 18:12:27.097,pro_WF5bFC3vjUJqBqdxPyqVDj,QXBwOjE=,
UHJvZHVjdDo0ODAy,2025-06-19 18:12:19.412,pro_wm7oH2HBPiV1XmmTgp7Gr,QXBwOjE=,
UHJvZHVjdDo0ODAz,2025-06-19 18:12:28.391,pro_XhM3UWvhvsSFGtHJER1xye,QXBwOjE=,
UHJvZHVjdDo0ODc=,2025-12-22 01:00:51.986,pro_Q1kG9pksPv3qDr9nwLoKaR,QXBwOjE=,68c1fa0dc48f96618e4df19b986306a712a626512da9c673bcfb7cf9ee106ca0
UHJvZHVjdDo0ODc5,2025-06-23 12:46:26.409,pro_FYgQVnwuotefr1sMpav7t3,QXBwOjE=,eee17c3af3692d3ec768acc5e653cd254e695ec53c1d716aac2e704361632e5e
UHJvZHVjdDo0ODE=,2025-11-30 05:02:28.698,pro_UhMtK8dB6mXp8PVPHBontd,QXBwOjE=,8647eb7cb1b744c7ed0441146b2833dd7cc17b2ae5fd57428d6b724ff8b7901f
UHJvZHVjdDo0ODE0,2025-06-19 20:15:00.674,pro_JB26iMSfu8jsAboEsGrJJk,QXBwOjE=,aeb3b54b779e02fd18747ae0c1dda7ceba057018e0d65deda9754c8e58dc637b
UHJvZHVjdDo0ODE1,2025-06-19 20:15:01.305,pro_Jg8knuMPv9i6G6PBAxEbyz,QXBwOjE=,1043a7d42d6f52036abf09e8c4b39dee3158ecfd7ca418a99608f262a7624f84
UHJvZHVjdDo0ODE2,2025-06-19 20:15:02.980,pro_JN6zMGtHUSmU39APbio2YS,QXBwOjE=,e19ce53429b2dc8508a99782dda4ed1812398cc671b7e68be21a0b55fc83a855
UHJvZHVjdDo0ODE3,2025-06-19 20:15:02.355,pro_K36N8PeMcfLKkpg5SWMDky,QXBwOjE=,6f1f17278061174fa5d272be006d479da84fd613ab9f9e20ff3836e72ae953e2
UHJvZHVjdDo0ODE4,2025-06-19 20:15:02.494,pro_LmiJ7BVfQVV9PTDASfboog,QXBwOjE=,fe3d40544ad324d8bc857a0508a6405473329c537915409022dec3acecaf1a72
UHJvZHVjdDo0ODE5,2025-06-19 20:15:01.655,pro_LXCDBowzzBWvwtVvFje3K1,QXBwOjE=,a67421f6d3b2e05c94227d770b2cebd4fc0ccd054916d6158a43762ba496bcd5
UHJvZHVjdDo0ODEw,2025-06-19 20:15:03.301,pro_884fH29ycgNUDMsCwLA9k4,QXBwOjE=,a692b08689970a43dad054a7557c919df87daafb4fa16ff0d70a2ff7cad0a30a
UHJvZHVjdDo0ODEx,2025-06-19 20:15:00.994,pro_8ubmqqgL8e937WGWDK3RgT,QXBwOjE=,c7fa5c7c4885ddf202395207d0f4b02b31b9955ab12d8106a30b92637b717775
UHJvZHVjdDo0ODEy,2025-06-19 20:15:03.144,pro_G4act8qr3qmGb87VLDB456,QXBwOjE=,582e297d390cc03c30c1aac46569a7bf5c43389707859e40814587e316e40c0b
UHJvZHVjdDo0ODEz,2025-06-19 20:15:01.803,pro_HCWa3Cu4GKvwRpaA6h6dDf,QXBwOjE=,5f4b36df0dd23f14e61238b1843d6d84fafc565bc8b41a7cb03e8ae80c9beb2a
UHJvZHVjdDo0ODg=,2025-11-30 05:03:13.072,pro_7M8QKEv7G8BTeNFHsusz6a,QXBwOjE=,9d4b79cc6650e495c464b0038812245eeaf696cf0e41bf8998cb52fb8506f0fd
UHJvZHVjdDo0ODg0,2025-11-23 05:00:51.309,pro_YW6KqQWDaASCobrjPjqRCK,QXBwOjE=,4dce4f03560f6a6a6160ace9ac89b46bd88d43992591706a1b13a774e045100b
UHJvZHVjdDo0ODg1,2025-11-23 05:00:55.563,pro_VP4PrSuhGrHkFEmtu9fSgT,QXBwOjE=,b5fe75e24f070bd16aeb0c337cc8ec102ffdde3f4439e53d17ede9a71b3eb2f0
UHJvZHVjdDo0ODg2,2025-11-23 05:00:55.690,pro_LfePBpGqemf32envqWkgCr,QXBwOjE=,6e37106f21c5adf9518878ca2c2a22f50359aa344449dacb5a86152e2ff752d0
UHJvZHVjdDo0ODg3,2025-12-07 05:00:44.969,pro_2qqVpTDciHXminUwpx4YZk,QXBwOjE=,8ab7d5cec92ad0c35a5b934827e3ccbc76d6344d31688f3d65cfa5b02cf10e35
UHJvZHVjdDo0ODg4,2025-11-23 05:00:55.657,pro_AUxjveLcjKq3TF8MbVo7F3,QXBwOjE=,515342d9c6e740c70a762d128e6782f28bb32b4321e19b95a53e305387d637c8
UHJvZHVjdDo0ODg5,2025-12-07 05:00:45.082,pro_CHodioNGsfWLP2YkAEbaRx,QXBwOjE=,cd1a3a8428d1b99e5ef8ca1ef17b683c2c75a0c57bf771de39123b86b12747d0
UHJvZHVjdDo0ODgw,2025-11-23 05:00:51.458,pro_Lm6xuVYFMxaVgAWJLVq2Uf,QXBwOjE=,7bd4621d5242c7707f8380ad9ea5b1db89a677ad567edc222dfb54159bec3ba6
UHJvZHVjdDo0ODgx,2025-11-23 05:00:51.516,pro_2mVyqbfnjznzCc3WNLwzrE,QXBwOjE=,f63b7713898cf8cc167f728333004e101c5095eef5c1a954beb9e0baa526cb04
UHJvZHVjdDo0ODgy,2025-11-23 05:00:51.489,pro_XfpSnXCvedGrNRErAiJ3in,QXBwOjE=,4340a4a29568f4b2eb64ed39a3e849d7dcc8e15755a1001b1f097cb32353438e
UHJvZHVjdDo0ODgz,2025-12-16 19:00:03.322,pro_XGdkH7yUUmTttF5daA3kz5,QXBwOjE=,5e26217a1d08a542160d4fd017cc471368ff1016610027abe8299000bcaef382
UHJvZHVjdDo0ODI=,2024-04-09 15:53:36.559,pro_RTAKSYkwvU5y4rJPRvvZB3,QXBwOjE=,43e6a46b79281986bd48af3be1599546b28e22c6d6a1cecc368a96187ac27dcf
UHJvZHVjdDo0ODI0,2025-06-19 20:15:02.805,pro_Y1AJw4hXxdGFxZAKvQGwEP,QXBwOjE=,2915a79088a6917a7095c4f482713a22e86cb87bdc353a8e969d481711e379ec
UHJvZHVjdDo0ODI1,2025-11-23 05:02:55.112,pro_6xvN1ZG6nFSBf8cuWQRSAE,QXBwOjE=,96b217dabbc2a3c808eeefa39afcf49da1dd7fdbbaea84af208d354927816a3d
UHJvZHVjdDo0ODI2,2025-12-07 05:01:01.874,pro_Dik1eZLEWEZPLr7TwKpVkZ,QXBwOjE=,304a6d6225bf7d82f5ffc881081c83d2c94c0db1f6fbd22dae71e587c494b883
UHJvZHVjdDo0ODI3,2025-11-23 05:01:41.221,pro_Ex3yExpkLs7zq7itpeMXaf,QXBwOjE=,7978ee16fccf9c52e5c2b88a5eea250210bd0c0cab6b6a8f8895ff1c4b081a5c
UHJvZHVjdDo0ODI4,2025-11-23 05:01:34.885,pro_EY2z7UGtZp8SA2kq6GjJjd,QXBwOjE=,c5ad3c7e0cc2392416ac19b9fb1d01f640c16ca4224a145105071e57043205ce
UHJvZHVjdDo0ODI5,2025-12-07 05:01:01.691,pro_EyXhWgPt1xWmafAn2Kno5Z,QXBwOjE=,7b9e33f130d8112249f45349b90cdb294d13396672c0416bcd255fd3d21abc0a
UHJvZHVjdDo0ODIw,2025-06-19 20:15:02.631,pro_M8MYSEwRe9J3rBpFi3csz5,QXBwOjE=,867f4e711cf5182c3f8399de4c03a8b3fa7e0d4f78476a898209f300a9e43e1e
UHJvZHVjdDo0ODIx,2025-06-19 20:15:02.221,pro_MF5UaYGC7kjkxqGCAvAgaF,QXBwOjE=,30674396f3f1a7225fe90914154e4bda2106ce7b5047466c0dbd060e4e936b41
UHJvZHVjdDo0ODIy,2025-06-19 20:15:03.456,pro_Nnm3KARZxMfSdrDjpcR4MG,QXBwOjE=,ff14e9d41588e4ec57871772a83d49fe802bf6ce54e362175d380c83c85f30f4
UHJvZHVjdDo0ODIz,2025-06-19 20:15:01.142,pro_Vw6Td9KEm6on5gSBE3766e,QXBwOjE=,fc2b57d459f4dedfe7020c54752496b253d9991d1986d4175114a95070a2e3bc
UHJvZHVjdDo0ODk=,2025-11-30 05:02:45.203,pro_N6LYKkp5wmVoQQqJ7pbqfa,QXBwOjE=,4a66398bb60aaf3ca52863ecbacfc4d2a7d5026c1414780be7a7953a83fcc0ad
UHJvZHVjdDo0ODk0,2025-11-23 05:01:13.387,pro_Ssisex5Tc6c8D6pjsaSN9E,QXBwOjE=,06417fbf712d02e85d5d41c8d554093c03363aeeed6d06680e70034423dceb75
UHJvZHVjdDo0ODk1,2025-12-07 05:00:46.142,pro_WLKiGKybYxjnmNRTpShayJ,QXBwOjE=,30c0236559370c36aeba49e8aa77fac582b48db299f33521a4caa8ef28630380
UHJvZHVjdDo0ODk2,2025-12-07 05:00:44.963,pro_YBwFqwsqw6h6gpSpbDAjxr,QXBwOjE=,9752c71c06d311490cd3255ff2208c645f0b30dd841737b0433cc9a0383a79a6
UHJvZHVjdDo0ODk3,2025-11-23 05:01:06.897,pro_YRYkj9CuoyTc7Tnx8296Kn,QXBwOjE=,5e264ba952577aba06e3f9a32659d13d6eb06e31a8b84cef5795ac54063c6498
UHJvZHVjdDo0ODk4,2025-11-23 05:01:13.539,pro_ytAwZyvXTQaLmWwQWtTxE,QXBwOjE=,e1adc25e2c1a34669df044bb3cf0683368eccdaf0de594f2691fb3c0eb46593d
UHJvZHVjdDo0ODk5,2025-11-23 05:01:07.209,pro_73J1bsYYqz7vQCMyE9r1C3,QXBwOjE=,154abe20429edc625829a7779e5dddf86728d34252c99b066c9e3cc86b9779a0
UHJvZHVjdDo0ODkw,2025-11-23 05:00:56.377,pro_SWKStF3sX3nx4HuKbne1Qz,QXBwOjE=,6fc37e77a1419b7f60ef20580696366e47aac064e2ba09912434f94c1b56a978
UHJvZHVjdDo0ODkx,2025-11-23 05:01:02.561,pro_TV6yBQwFXkNnj4c4ik9xBY,QXBwOjE=,332b17ed24d8ab4d63d9b24d34668201db7cee6e9ebc7811d1bb244473376de2
UHJvZHVjdDo0ODky,2025-11-23 05:00:58.810,pro_6ByVzxsXeAs1YH99wBULY,QXBwOjE=,438ba6987fee943edce80cf88ad27effe4c8e57c8e7dac1573c9b0d33d0c6758
UHJvZHVjdDo0ODkz,2025-12-16 19:00:23.013,pro_HdHLtuxP3qsST6AwQqLu3D,QXBwOjE=,d3c5471a7c9083e75168fef845fd7dc28727379045af2add45a7d45ce2080654
UHJvZHVjdDo0ODM=,2025-12-22 01:00:53.008,pro_SYVqeXS5z3rt34uiqBi2Q6,QXBwOjE=,deb99f2ed1070e01329bade074a7a6e492b425195a8fe2b8f0686db76762aa3f
UHJvZHVjdDo0ODM0,2025-11-23 05:02:29.094,pro_JCsqguGWjpJ8HmDBe1ewv7,QXBwOjE=,73adb066a59ee59551fa8f7c2f32f66e77f525c663f420f568feffef9f71a992
UHJvZHVjdDo0ODM1,2025-12-07 05:01:17.432,pro_JQsfrPwwuBeYWM1yv6yAfK,QXBwOjE=,47039c46dbe53c234fee71d62dd722943a2ee5ba6567ba8ebbe181b6517e5a83
UHJvZHVjdDo0ODM2,2025-12-07 05:00:45.303,pro_LsBXcFyCz4K92ZZNPk4AM9,QXBwOjE=,878671b300d93ad8cd5e30b491d2cf32a1174273e9477d20b5e9a9f7b05ca1de
UHJvZHVjdDo0ODM3,2025-11-23 05:01:31.802,pro_LwHWxQMqVGRbR4ze7grxS9,QXBwOjE=,28ae47fdbfe8f233b59765a83666c60a647c3014fe1a927e2f20f32a70fcf050
UHJvZHVjdDo0ODM4,2025-12-07 05:01:03.599,pro_PEeyqTQhFAa2QNR1fJ3irT,QXBwOjE=,b3aef32f80c77b01f3d52aec626200c4bbf1cd12d6c27922d8f4e063ae3a6815
UHJvZHVjdDo0ODM5,2025-11-23 05:02:36.296,pro_Q6YrPXskPNk7TNUZfCdnux,QXBwOjE=,401b913ac295724090f47386938c9ef3f6ed517877a9b0199428aa93389c0d3c
UHJvZHVjdDo0ODMw,2025-12-16 18:59:29.710,pro_G8GuEbgPSnggcoK9Vhf94Q,QXBwOjE=,2227691abb00ff0d61d4da36c2631bc070b1ae4a394d17912016f4c8de66966d
UHJvZHVjdDo0ODMx,2025-12-07 05:00:50.029,pro_GGX2XightiiktiuDE9yFkA,QXBwOjE=,0a835d512d64511fc15b643b04de06fa6161ed791621b60a82a0c26592b47bbe
UHJvZHVjdDo0ODMy,2025-12-07 05:01:08.356,pro_Hc7g2RXPPyUC8ockf4jx1D,QXBwOjE=,a517b498f5295874760206f59d93af5509f910979534057cc17fcc2a674ab7f3
UHJvZHVjdDo0ODMz,2025-12-07 05:01:20.684,pro_hKKMSJJ3ovxFSqBv2qxnN,QXBwOjE=,c149d418289a0c938a8a94e79db9067817651555ae327496630d4e029a3d903c
UHJvZHVjdDo0ODQ=,2024-03-19 20:10:44.774,pro_QndsPyvpywJsGLJX5uXkd7,QXBwOjE=,
UHJvZHVjdDo0ODQ0,2025-06-22 01:33:33.244,pro_3wCBy1GyNGAoKbHZuBWEc1,QXBwOjE=,cd96fd51373528e4020fb759b2e75b092095ef286dc5ef2f12dfbbb2194fc46c
UHJvZHVjdDo0ODQ1,2025-06-22 01:53:51.660,pro_8C9mXTFfd1FFrzBvPYCXb9,QXBwOjE=,8429d02e90bca15e381be175d46607d76ee774e8829be2c7eca30c7eb25a92ad
UHJvZHVjdDo0ODQw,2025-12-16 18:59:46.465,pro_RtTZBJYLdi6A2z5161J7CV,QXBwOjE=,fed850f3cc43baa53f538c92a013c53a3282b8e3f7f060ec68353ffc3cb129d8
UHJvZHVjdDo0ODQx,2025-12-07 05:00:54.591,pro_SwpCNvLvVeLWiBy1iNf4iY,QXBwOjE=,6c4beca5e3bf2be837b366d40616d765100d9b55486153c475139b59b14d3e56
UHJvZHVjdDo0ODQy,2025-12-07 05:01:18.431,pro_TrCdua9o46LnQpNbtmmF6L,QXBwOjE=,95fecb1d096bfb07913d4e9b75ae284531c54f3d8e282aa58d599cd0380bd45a
UHJvZHVjdDo0ODQz,2025-12-07 05:01:13.644,pro_VuzM9Atr7RuPwfEPZPzikq,QXBwOjE=,0673f0fde5a6ae43441e93947012f6c4d821c93a98ff1fc3415b27150153cc86
UHJvZHVjdDo0ODU=,2025-11-23 05:01:40.726,pro_YCFaDSC3Mi4yAM3nCBPYNR,QXBwOjE=,04ae591d63325b95a5b961262876681eca0e6bae511442abe1dc5621738610bc
UHJvZHVjdDo0ODY=,2025-12-21 05:00:24.442,pro_EsH3XCJo7UPkbkVT4oAUx,QXBwOjE=,f4409184e82ce4494e178714f111bbbba5378f62633c7d229facf9e01b7171bf
UHJvZHVjdDo0OQ==,2024-04-09 15:43:36.863,pro_G8SvvjbEcLoZK2ZpGH3cxK,QXBwOjE=,3f1af6292ec84cc491b3b93479a652dc370a43b9dae173256c5bff2f238029ab
UHJvZHVjdDo0OTA=,2025-12-22 01:00:53.865,pro_2JaQ8JM69qn3xNKgP2SvBi,QXBwOjE=,a3a77f0866e321e1a9caecb4cd2155e533be37ead82f9cbb80d202d85cbcf62d
UHJvZHVjdDo0OTA0,2025-11-23 05:01:08.480,pro_Av9ZsgezqxjNzTNHW9zqKM,QXBwOjE=,34d1072a46e836138016170b0bc0e210b454c65ccb228d4047348c666c5fcada
UHJvZHVjdDo0OTA1,2025-11-23 05:01:04.041,pro_CN8gBhnsTEsVaEESmUFcyc,QXBwOjE=,9557e5a6387516d5631a98139f2a9af848e38888268b996ab0f5d0650c6cfaf0
UHJvZHVjdDo0OTA2,2025-12-07 05:00:41.123,pro_KzafjPNPZ4x1i7vDua4Je3,QXBwOjE=,1c168e64b91fb54b7367b3b0818179f43753c80b88f9fb0c0f557294660af1e6
UHJvZHVjdDo0OTA3,2025-11-23 05:01:09.073,pro_Rspb5fZiC6gCHG4x3C8tSf,QXBwOjE=,4b9415a67d380514e42487ab709646f165cabf60299f62a5b3ac51dd12615602
UHJvZHVjdDo0OTA4,2025-12-07 05:00:41.133,pro_RxQF5PVFDudR5J6fmxgJvR,QXBwOjE=,892f20faf0b5e68c09a00ef9f11db3c6ef9121bb7da08345d839f05290919917
UHJvZHVjdDo0OTA5,2025-11-23 05:01:08.397,pro_S9N3e52rbcx6YLssDmYbap,QXBwOjE=,cd25e656483dde1c717c67bd38c19b0822b6894a32139aa1c429b62b4678b5d2
UHJvZHVjdDo0OTAw,2025-11-23 05:01:07.295,pro_8Pm7FqhvBtsmKsngq4TpdC,QXBwOjE=,c06061a31d52bf3b3f31b82fd162932ee5ca50eb1f51bd90a223c71a400cf6cf
UHJvZHVjdDo0OTAx,2025-11-23 05:01:08.477,pro_8u8grdqJJfvGmZtdxmkThD,QXBwOjE=,83b2d61a1881f8743056f92e2e9c7734cdc0e651fd75f7365b150717c5fa33b5
UHJvZHVjdDo0OTAy,2025-11-23 05:01:00.930,pro_8Z8GDkRmuiFqEqAYBWZ9eJ,QXBwOjE=,d4b8842d8dc4b7679e71f727ef385fe78e3beab7df09adfa560a0424012e0fad
UHJvZHVjdDo0OTAz,2025-12-16 19:00:43.189,pro_AsmV3fci2DPYkJ1rCEZEgb,QXBwOjE=,8f80b4c7d83a7815607e1bf749736682863cec2e9873ee056dc996a27f944ffb
UHJvZHVjdDo0OTc=,2025-12-22 01:00:54.694,pro_RnxNLckVS9iUbeNxAtSoXc,QXBwOjE=,4c37394dba0b147e194e42822741e243f7a2f4714fbe785f64bc01238f3e031e
UHJvZHVjdDo0OTc0,2025-06-24 15:55:01.168,pro_DfSUwX4hmV7Mefo5Rdejec,QXBwOjE=,460ba2636a709e1525fffec87271f7bcefb5dbf7928318fe3cd3201c036e29c8
UHJvZHVjdDo0OTc1,2025-06-24 15:55:01.587,pro_EHupe9exMpoE2HdY3hFop6,QXBwOjE=,e7b6930ca06f695dd2d732d14ea5f0d91fe7c410de7fa0abb3755aa035ef4a58
UHJvZHVjdDo0OTc2,2025-06-24 15:34:52.154,pro_G61H5DF4Y5tCsSxmBeNvXB,QXBwOjE=,deb28cfeab15dacc233e2851fc77261cae93d43c51606dff9623c1456aea123c
UHJvZHVjdDo0OTc3,2025-06-24 15:34:51.489,pro_GGxE6D9YHKB7NAwJQwRK8M,QXBwOjE=,880e590540d97a1627a4660f6084ea23361897e247bdc714f9bba01076aad503
UHJvZHVjdDo0OTc4,2025-06-24 15:55:01.316,pro_LY9wHKkTeugXs8MGhJ7hcR,QXBwOjE=,d43d53b6906c8a0aaca056a05d98e98154dcb7750be9266b9deda6e2a7a48868
UHJvZHVjdDo0OTc5,2025-06-24 15:34:51.994,pro_MDsYHZCgKSY1MEYpq9e1Fx,QXBwOjE=,1e3066168cbe2fbc614c544bbd7add2f3a6f215b65a7043c0c6bce4026f9615c
UHJvZHVjdDo0OTcw,2025-06-24 16:04:26.719,pro_77KMM7gv7ri8uEepnSUQvn,QXBwOjE=,7ad4d311a09ce29aa7d087c401ab3730b35c4de49d0f1002f267fae2c6fb25d7
UHJvZHVjdDo0OTcx,2025-06-24 15:34:50.871,pro_8CaRLogUSkyyEoej86KbZZ,QXBwOjE=,6dad15c38d808fc8326d873b4b0cd989d61d09ab21431464d765a144a75d29f7
UHJvZHVjdDo0OTcy,2025-06-24 15:55:01.869,pro_93rDRZkXbXguBumX21Xm1t,QXBwOjE=,90f383efd7c3da215d8f0dd7f87e7e5f018019ed71c40951cedb949095522183
UHJvZHVjdDo0OTcz,2025-06-24 15:34:52.465,pro_CMtZC2UwyBfctFdiXpw7W3,QXBwOjE=,0ac6654632332a2c2974a63640cc3b8a521bda5a1e66ab04cada141af91a6950
UHJvZHVjdDo0OTE=,2025-12-22 01:00:55.565,pro_2SMgjZeYbEtLFzK18UB9mD,QXBwOjE=,e86f97e83f274ea45c84127362ce9c1760b2c8762c663a33f87ae4652a50a230
UHJvZHVjdDo0OTE0,2025-11-23 05:01:11.465,pro_BZf7mQ6rcixdkQxgqomkws,QXBwOjE=,369a7a7be7d3909e9a0319de7458cf788d7a646b223c8c21e9b20c7b9f025066
UHJvZHVjdDo0OTE1,2025-12-07 05:00:46.118,pro_JKzKyb1UW4B5XXqFdaUDRy,QXBwOjE=,c8a463ac3c31a336225e9cff0ddb8f526a87616cf4009454593dedc317cf1b8d
UHJvZHVjdDo0OTE2,2025-11-23 05:01:11.271,pro_K4idcRu59BfWHJYRFmpD5S,QXBwOjE=,ce9034fc1b81a8d174bd4acaef033ead94aaebbae9095fb1fa1a6c6680004caf
UHJvZHVjdDo0OTE3,2025-11-23 05:01:14.021,pro_L6owu7vSPzNU5K1Am84WEr,QXBwOjE=,95b979b14d131b0a7de3f39095d432d866ce19bac1a70cc63aa521158c26f58d
UHJvZHVjdDo0OTE4,2025-12-07 05:00:44.738,pro_NGBNoB5mNHxF4yBVtbmwSg,QXBwOjE=,8bb8ef3cc305f44043ca95b21033f19c32d1a459e4d32b8c2d34c3e781d2fa47
UHJvZHVjdDo0OTE5,2025-11-23 05:01:13.100,pro_TpYt6pa44y1sp4XL6pTHi6,QXBwOjE=,07cb7a8a49330473f7813ea00ffc445b4dbebeaedd6aa45df0167f7509718a8b
UHJvZHVjdDo0OTEw,2025-11-23 05:01:13.520,pro_SYFT4mBga5KgDfUEmQ6iJa,QXBwOjE=,5d9f99a77f5b7c607f8d7c16ec4cace653fcd1aaf19d1850e14078b362cf9fe5
UHJvZHVjdDo0OTEx,2025-11-23 05:01:05.704,pro_XzhhxEQ9oiPgA9siv3Ekyy,QXBwOjE=,fea12258647a1480bb7784f585e523cece360c3a2087aa5a5faac7f85fb5df5a
UHJvZHVjdDo0OTEy,2025-12-07 05:00:43.687,pro_6bsaEP6HY1P7wKdo7RbHLN,QXBwOjE=,ced8c2b399a40a43c93bcaf231a85fa8903dfa41d61f7bab92cdc7e4bf30b579
UHJvZHVjdDo0OTEz,2025-12-16 19:01:01.650,pro_AjZWeB6oFuF5s647mvVc7h,QXBwOjE=,d9c81755df399ba8c8769a5ef183daf755cef8555118cb87490d330014a28455
UHJvZHVjdDo0OTg=,2025-12-22 01:00:56.927,pro_4RjfNM6yVzxqJywyaPF4v2,QXBwOjE=,f4d6eeaab83fd85b7d87a816160136f68bbd71ba088ef3b51cea567422a6a3e8
UHJvZHVjdDo0OTg0,2025-06-24 15:34:51.190,pro_RvihurSgdHrjB7uKth5Tjc,QXBwOjE=,9c9d4475e72af22b7802e22e6dada4808eb37cdbb9de4cae48b1b073c659e006
UHJvZHVjdDo0OTg1,2025-06-24 15:55:01.453,pro_RvW7qVRB692ie7dfwbfNMc,QXBwOjE=,85a941fc6caf7ee3db29631cd707ebe3cdef2efaf9abcf59bdd61f29481f9f42
UHJvZHVjdDo0OTg2,2025-06-24 15:34:52.915,pro_UFwSZ6XDaH8dWoN7YpaSws,QXBwOjE=,c8f4a129d9ff077ce7408312ed4ba911e7c259dad819f99c1d6c3e2bb24d8d63
UHJvZHVjdDo0OTg3,2025-06-24 15:34:52.621,pro_XRfVkHPGLysxiGndYPDy1g,QXBwOjE=,02a0851d61e8fcbb8a6553f040526788d6459611eee7cf4648fb28e8b32718b8
UHJvZHVjdDo0OTg4,2025-06-24 15:34:51.031,pro_YD1TrGeUpnAjM2tb6qYTpi,QXBwOjE=,02cb2154a36d62ad634ab62699ba807f2b02d3562527117d2e0a28dd2022d417
UHJvZHVjdDo0OTg5,2025-06-24 15:55:06.275,pro_2tC1RmUqv3ZKkDoxArbDxq,QXBwOjE=,6f22bfa04fd6aab8c726902643c437fd5753dba227441fb01d28c2db965376b7
UHJvZHVjdDo0OTgw,2025-06-24 16:04:36.185,pro_MLpGwVrCBtucP4BeP68Gcu,QXBwOjE=,8ae2df5947bfc4156c1ecd169d4664ee39ba20edc6c4eba6e57c2ed1b490270e
UHJvZHVjdDo0OTgx,2025-06-24 15:34:53.070,pro_Pkwf5z3qCX8CBgQxJtn7oh,QXBwOjE=,d4c1dbf3b86449ffe96890ba75840f2c0237c4cda4811258011790101acaeabc
UHJvZHVjdDo0OTgy,2025-06-24 16:04:27.054,pro_PxmQ7qboWipbc5PL1iHTGD,QXBwOjE=,96918d986543c0e9ab53ad6faa46c682f4963c1c50ed96b8a5e60728808dfb01
UHJvZHVjdDo0OTgz,2025-06-24 15:34:51.822,pro_RHJRP4oup14Q4gSbGgBss2,QXBwOjE=,0727fa1f00bf89a31defab0ab0da355f78d7fd62ae8591f36919ac13313ff801
UHJvZHVjdDo0OTI=,2025-12-22 01:00:57.705,pro_X9NWFfnAf7cnDbCz2wemWQ,QXBwOjE=,44ed2876724dd102aabaca90deef4382cf7d3302e8ef11c7754cd8ee7a755e5b
UHJvZHVjdDo0OTI0,2025-12-07 05:00:42.440,pro_UZMKAooQ3SCCHUfbqpWfGA,QXBwOjE=,fe26b7d7216ea91fc178b23b1e54e2301c7688006b153e516c5b31eb5bb48cf0
UHJvZHVjdDo0OTI1,2025-11-23 05:01:14.228,pro_EmauncFWwRAdCiZaX67FCP,QXBwOjE=,086930ca55060261d7469d34345104f922e7251e4c88a301347fe8db99cf45dd
UHJvZHVjdDo0OTI2,2025-11-23 05:01:14.343,pro_WMMUx2Ws1Tti1XL1uTkrA3,QXBwOjE=,a9cff1aa0b7eaab123d758c80946e2a1d9c6c8ccf058bb5f31a2f928c490be13
UHJvZHVjdDo0OTI3,2025-12-07 05:00:46.130,pro_59vG1MiVyoKWsyQko8cj2M,QXBwOjE=,e89d792c4d9b9e25e9533ecdb766bef8cdd73e84547b454d1c25b6cbb69619c1
UHJvZHVjdDo0OTI4,2025-11-23 05:01:18.803,pro_KTktjKmhDCzRVwCL7imxZS,QXBwOjE=,14170067bb7b4bab62499d51c39fabf032b75550fdce794fe78eef6bfd83e47a
UHJvZHVjdDo0OTI5,2025-12-07 05:00:50.040,pro_Fc9ZTmmFAnwACv3XdKW2Wg,QXBwOjE=,183463e0f876274d22b4e76e9c373aebbab2ed2e31943dc34e4b1fbb7ad1392c
UHJvZHVjdDo0OTIw,2025-12-07 05:00:45.092,pro_VddJDFVGy3VoeFXtThH53i,QXBwOjE=,b7bb23f93614363aad9ab3512538dc0632175df0e559218f75d9398aa1d11c69
UHJvZHVjdDo0OTIx,2025-11-23 05:01:10.822,pro_WHGNv8JB27YSKx4P2Z8FuJ,QXBwOjE=,4ba6c602a294e48c37738e02cf5463d257e1592b2d87ac730529a2fba641cc1d
UHJvZHVjdDo0OTIy,2025-11-23 05:01:13.512,pro_HXY9WRTBw76QJpsRw9scUC,QXBwOjE=,6ed0c3c5e6be33a7abccfafac5bc850f2a352bc9b019f99301d502ed9c7d5a74
UHJvZHVjdDo0OTIz,2025-12-16 19:01:19.224,pro_SAbFGBRSUX4JrYDZRpkZcF,QXBwOjE=,ca50909384b3d68c2d22b3ebcc5c4b721719ff9cf7ef6c3e2bf147e736a3b568
UHJvZHVjdDo0OTk=,2025-12-22 01:00:58.322,pro_7Yrne7vcZ39vTvMzKQLJ22,QXBwOjE=,8e749eb7252253d11a98b73bcd31e2aa5d46c411e390eb5b73a55f0a2271f748
UHJvZHVjdDo0OTk0,2025-06-24 15:55:04.710,pro_QZZ3rXR63tzUdrTvnj6RTD,QXBwOjE=,3ea98fb9ea0fef00069eb28ec8523c403b858b5e9c3b5d5279912b9e138da478
UHJvZHVjdDo0OTk1,2025-06-24 16:05:01.003,pro_T16ZF5AE6cfbB1ufuoUi9k,QXBwOjE=,92594ef22182cd4ddd8befea152ac5cf761ddc43a5caf081246a711c4431e8a4
UHJvZHVjdDo0OTk2,2025-06-24 15:55:10.905,pro_XihXTg2rzu9aQZKHm9fsDH,QXBwOjE=,0478ea40b452523e09e8e446800965c71cc9e82468fc4e379fcb75164fc95087
UHJvZHVjdDo0OTk3,2025-06-24 16:05:01.781,pro_u5ifKheaR1xXCbjnzuVAK,QXBwOjE=,17d2cec477b8f0b2de6556e0ea67abed968ac6efb0d70dd39b3f094e3040bb72
UHJvZHVjdDo0OTk4,2025-06-24 15:55:02.798,pro_5EapfFbFH5X28RV5ZgyypM,QXBwOjE=,b9a883f2289aaecf4d83c66643d40303e6abd7c0daf1c728f602822a757c28f7
UHJvZHVjdDo0OTk5,2025-06-24 15:55:02.657,pro_6NdELSFFYYpY7wkF9HrYQK,QXBwOjE=,935230d25bc79262f108cc2e80335ffed179c632f57b6f2390d8b1f3bf547a81
UHJvZHVjdDo0OTkw,2025-06-24 15:55:06.436,pro_37vprQFgpoiq8BW7nNsDcA,QXBwOjE=,230bd7af6948041504892411523a269d3e8ec092e806a4856e5aa52dc5f8d57d
UHJvZHVjdDo0OTkx,2025-06-24 15:55:04.573,pro_2xovnC1UYHrgMWamEGvcYd,QXBwOjE=,1c90de1005bb69eb352077a2839ccb890eeed1eb17fc98ce13e121ef27c08157
UHJvZHVjdDo0OTky,2025-06-24 15:55:06.881,pro_23avgMH3XCCswJvLh9Y8p7,QXBwOjE=,d915a2964016086e8314a53f805401ecc9b7d56ddc0657e2df94bce903c73a87
UHJvZHVjdDo0OTkz,2025-06-24 15:55:04.427,pro_DodpbZgJSUzGUdYv4hjARH,QXBwOjE=,8b8a21a6949ee69dab65219e9d898fc13b4aac474de5f1e216830c958d005ec9
UHJvZHVjdDo0OTM=,2025-11-30 05:01:54.861,pro_D2JChTRMkCDaUYaTxMqTw,QXBwOjE=,5e532d5ef5f448a495c555ac182bf94ddb10c80520ac9fb2229fe245d3559399
UHJvZHVjdDo0OTM0,2025-12-07 05:00:47.877,pro_2N8gzD8QXastvQxCMfECww,QXBwOjE=,2792a72fbe8023d8b95dd76e656db63b2815ab34f2009d78976abd7e2f14b515
UHJvZHVjdDo0OTM1,2025-12-07 05:00:50.193,pro_3EhvVa88sRvTiGSyFBxpdk,QXBwOjE=,a5b7744eef55db086bc342ec93e643ae8678ae7e3ef607b8137e25b926b23606
UHJvZHVjdDo0OTM2,2025-12-07 05:00:51.302,pro_4faNXLZ68HSKqwzhLdZxs7,QXBwOjE=,7f2b3fba788ef1b68dfbd74f4030061692e696ae276a7acbe47e5fdf03175f8d
UHJvZHVjdDo0OTM3,2025-11-23 05:01:17.150,pro_4Jueak68k7WyoKbRdJrWX7,QXBwOjE=,d8bc00c6ae1dfc830630c0db03f8bf3c88f970d9252a6348ffbde0afae725d8d
UHJvZHVjdDo0OTM4,2025-11-23 05:01:17.253,pro_5UiKGqcEe614fGxCmkakCb,QXBwOjE=,9b6578992c05e19a34a1c7029a6f4c85aefab16da4b3f66b94d1c6ae4e3a4b4e
UHJvZHVjdDo0OTM5,2025-11-23 05:01:17.259,pro_6g8nnNDr3xjNuBAS4oUEf4,QXBwOjE=,58c1bc948ab5053a0afb392e708befd66c49e9097eccce17a54462d31b6efcaa
UHJvZHVjdDo0OTMw,2025-11-23 05:01:19.341,pro_GKthtsYepuA2AWApFybUpp,QXBwOjE=,bd5974dca55c747d048c6e326329fa8db834fedf2657d80504784964872523ba
UHJvZHVjdDo0OTMx,2025-12-07 05:00:50.130,pro_Mq9ocX8U769TTo6yHdcfk7,QXBwOjE=,a803a8f9aabb54af665f79c72a6cf0c91fc5bfbc8a8b6fe9c704d108182839f3
UHJvZHVjdDo0OTMy,2025-11-23 05:01:19.268,pro_QFJ8ei2ovHfNt3JnouLVwY,QXBwOjE=,9c5d1bb1073f2771f9321b182c70d3f89c83d5cfedb80e4fa2732197e5a37f67
UHJvZHVjdDo0OTMz,2025-12-16 19:01:35.443,pro_VzbHgUGWKYuxEQntYrLmrM,QXBwOjE=,2bc384e6095d4fc98eede8b87837af451244dc33aab60040fcc1474a5adf834b
UHJvZHVjdDo0OTQ=,2025-12-22 07:20:11.592,pro_XYuBdy3DRK4RBmu4L93FZ5,QXBwOjE=,a240d124f85327558c8a2173006311f33189a8f032a395fa344fc54360d91285
UHJvZHVjdDo0OTQ0,2025-11-23 05:01:24.230,pro_DHuVQ1Gddc6oxX287LLYhu,QXBwOjE=,677dd30dba830a514ae9150239bf05bee71cd886f69394b4fd4a66a26dcfcd05
UHJvZHVjdDo0OTQ1,2025-12-07 05:00:51.276,pro_DXJLHWwsJTUton63Ly9B7Y,QXBwOjE=,862b0cc1c9177b89317af21010f7ef3fd376fb97ee043db2c28f4c29a05ca7aa
UHJvZHVjdDo0OTQ2,2025-12-07 05:00:50.381,pro_KzbddruCVUSmaP7pLJ3fXe,QXBwOjE=,d0e4a3511ad7910e10e2b71978e515d8f104dbdd652a329d40945aca5b70adb0
UHJvZHVjdDo0OTQ3,2025-11-23 05:01:17.198,pro_Pbn1UTEwGQmLkTVVgNosr1,QXBwOjE=,69c568e1824b8aa9e0fd9011abc86431a55e14eace17ae6173d71ceac20fd883
UHJvZHVjdDo0OTQ4,2025-11-23 05:01:23.961,pro_Rf9ocm4X6ayNK4SWjxZMPq,QXBwOjE=,c3107c19d6c97f5d6319ec9a30cb3dbc7e78fc75a98b230a4c923a0bc28342e8
UHJvZHVjdDo0OTQ5,2025-11-23 05:01:22.604,pro_YRXHU5odkMH9er5fi3yCpe,QXBwOjE=,10f5e41775c68d357d0fecb1eb5c0cb4052f17edef0bebf30778730b91011e0a
UHJvZHVjdDo0OTQw,2025-12-07 05:00:51.501,pro_6n1GRPy4pmAqa433tELafV,QXBwOjE=,f877eb501dcbeb70b8f65776ad540b8920302a9d2a5782f70530584dfa63d2f4
UHJvZHVjdDo0OTQx,2025-12-07 05:00:51.431,pro_7VQt8TL595UWBbTRVkzxmS,QXBwOjE=,2a24b1d6162c1f849402832ffedbcf93bfd65271335a9bc76679e6a77cecf775
UHJvZHVjdDo0OTQy,2025-11-23 05:01:23.522,pro_9SMhwQUpXbQmjKpM7dgnxb,QXBwOjE=,dee7a5f354b625ac58d1d5c850bf84f16becebd5e0e41208c1f56497bcf3a7cf
UHJvZHVjdDo0OTQz,2025-12-16 19:01:54.767,pro_CyftTdyYgfdhe9GtTU3A,QXBwOjE=,bcaa6477987cc74507d57546bec7707ad8d05ab9cd139dd665a8bbbb86fefb28
UHJvZHVjdDo0OTU=,2025-12-22 01:00:59.758,pro_4aK8AjuSomKTqUWiziEe1F,QXBwOjE=,350fef6b4cc08f0330d7dae0dc593089a437ec44563332fa90e7618784c173da
UHJvZHVjdDo0OTU0,2025-11-23 05:01:28.844,pro_GUjnV6H9CdL31eah1L2ytv,QXBwOjE=,db8a700377a96c372db6711bd62e0091d82034ff8bb485e607dc2ff5edecb342
UHJvZHVjdDo0OTU1,2025-11-23 05:01:27.825,pro_KkTsYDnYTVs8cXtDgnNvZz,QXBwOjE=,0d6d41639735dc86fcf1f7a65146d6f6c1147af929f4303274e0d926530cdf10
UHJvZHVjdDo0OTU2,2025-11-23 05:01:26.434,pro_NLbZS4RUSuDq8VE6AmdNyt,QXBwOjE=,c1952b25224f393bd06684ab74c83cc98170be4a60a203c2bbb5d6cefed2b9bf
UHJvZHVjdDo0OTU3,2025-12-07 05:00:54.655,pro_XyiSuBYL4RNu2jPBi44Q7N,QXBwOjE=,b38e177ed790600d1ee4f31628a81955dab995cb410dc90a75d5f077f3262f33
UHJvZHVjdDo0OTU4,2025-12-07 05:00:55.687,pro_YL9QiAELyodZFUxexeYyy6,QXBwOjE=,9aedd58562776c0e9cd6013447825982bde4673048818035cf7cd19a148f9e70
UHJvZHVjdDo0OTU5,2025-12-07 05:00:54.407,pro_AYSMXVkJ2htxDiGiNG6X1s,QXBwOjE=,24e66ad59606b638abc2a57727c72367fd0dfa56aad09e42d54f1f240f350271
UHJvZHVjdDo0OTUw,2025-11-23 05:01:24.214,pro_9BFsHY1seGG9JgGNqf9dfF,QXBwOjE=,c7e5825398533b18b26e78e00c2d3d95477a2ad21464eae7787122b16ac508ef
UHJvZHVjdDo0OTUx,2025-12-07 05:00:54.406,pro_4SNXBsG7uSSpBWfh8L7MWL,QXBwOjE=,adedc74b41bb166c6278b818c058b10de9464fd5837d4554e87dd6c2716e309d
UHJvZHVjdDo0OTUy,2025-11-23 05:01:27.554,pro_9YDzTBGkEmrjPbf4XyuKCR,QXBwOjE=,ef598b6cb84762401b9bec254515e97bf90eb9dd37980b737e8bab83c85a7165
UHJvZHVjdDo0OTUz,2025-12-16 19:02:09.791,pro_CFbUVGUdFzNZgLMZApvv6u,QXBwOjE=,c25c92dd4b0c08f8e60aaeafaf5dd351982e973bc38f54f81aa2ee5f7397e52b
UHJvZHVjdDo0OTY=,2025-12-22 01:01:00.512,pro_P6MV5V3YHHnsbHT5qbtyGX,QXBwOjE=,db4873e605367f28e2a512e712560537f480f1e3a30ab7460c73c61e52a95d37
UHJvZHVjdDo0OTY0,2025-06-24 16:04:29.431,pro_HGuRuZkqgfN6yEoNUfUj8m,QXBwOjE=,d686df4f880b858451972a8dad57662cacf3920a8950b05dfee4f51bca51f8d4
UHJvZHVjdDo0OTY1,2025-06-24 15:55:05.984,pro_WVs4me8ZkgjXvWg1fKQ7Jk,QXBwOjE=,7f2590662ca7604f306dc6c6c1d47512c5731e557457f85aa74e7af110a49db7
UHJvZHVjdDo0OTY2,2025-06-24 15:34:51.337,pro_56gM9hRyaqTViZurCE8Wse,QXBwOjE=,aa3439150f5f197bf5311a4ec4b3babca43769b18b0b86249f50db21410de430
UHJvZHVjdDo0OTY3,2025-06-24 15:34:52.305,pro_588WzWQsx2k5mj5mDakKZ7,QXBwOjE=,256cfd94ac3317d9b6b685c0a75d4b4a13e51e8484ee7c01ba001773269fc312
UHJvZHVjdDo0OTY4,2025-06-24 15:55:01.734,pro_5xhpfjKNXH9EdC15XMcwPg,QXBwOjE=,40fd6fa04dc92f369483826dd7345eff3a8b4926a19d25e674ce9b41457541d3
UHJvZHVjdDo0OTY5,2025-06-24 15:34:51.675,pro_6rfchbJP8jTUAJLs9WDfzC,QXBwOjE=,55a6b2fd23ebc6415ff14cf85c33cde62123cc69bd11b5ebacedb7f662003d5c
UHJvZHVjdDo0OTYw,2025-11-23 05:01:30.537,pro_FvpysZngxEBFtbWeCgWD8Y,QXBwOjE=,a2eaa5c297dfdcc1d87c582ecbdb5b903c76a963030dad91790ced70ce75f1ae
UHJvZHVjdDo0OTYx,2025-11-23 05:01:31.807,pro_KmquXBE2U7Mgepsc9kXtjz,QXBwOjE=,8c480af09baeb30298f955dc55dacece5c75808f04a614c982262b2f9659c522
UHJvZHVjdDo0OTYy,2025-11-23 05:01:28.855,pro_JQ3MUcGx1LFb1NCBxZVN5M,QXBwOjE=,8e12bf784e9b6a580aac6d3b425326c29f877ea49c9ca5786a2bb5ddc0da2142
UHJvZHVjdDo0OTYz,2025-12-16 19:02:27.537,pro_TALXdAiR8CnRDLXKR9Zu4P,QXBwOjE=,4a120b3994bda314c91a94a1b500cdcd8fa003bae12f46a3e27285a6cd4aac6a
UHJvZHVjdDo1,2025-12-22 01:01:01.170,pro_VfadZNXAU32L6qATpnDiQe,QXBwOjE=,480235aac9dba8429c148be7cfda4e8e82fb9d575e2c9336ee9432c7801a0cb4
UHJvZHVjdDo1MA==,2024-04-09 15:32:53.931,pro_4TjDkpmU9oeDNNMu1uBCNv,QXBwOjE=,2f8ee1b89db3a6a51c8b74ff1c1ad8f0e111d401cad6fb8b5bf13627e7597f43
UHJvZHVjdDo1MDA=,2025-12-22 01:01:01.862,pro_2Lhw2Pru5LnaJZG3GYo3qQ,QXBwOjE=,7a6ccdc325328f38a6ff15078cfe1f0fea4f91481e1146bc6a978091b2615c1b
UHJvZHVjdDo1MDA0,2025-06-24 16:04:55.280,pro_XE9PvT1zwp5JxTrX5GNLyB,QXBwOjE=,1216ef0670f5d1d62aef09921bdd48bb6bca5c1f1bc8b7963b1e7d32345355d6
UHJvZHVjdDo1MDA1,2025-06-24 15:55:09.751,pro_8DhXf5BXKcpap3neypzrrW,QXBwOjE=,c2c9ce94a6fc647c41f96d33757caacdea47317202ab55546b3b43e88c551b9a
UHJvZHVjdDo1MDA2,2025-06-24 15:55:10.027,pro_GNyfiUYmELWgVSWD7xeCao,QXBwOjE=,802c07e0b3a27a65fb9105bdaf132a1b8959eb6ca90330310287c3e0b833dedb
UHJvZHVjdDo1MDA3,2025-06-24 16:04:34.390,pro_N7oYds7JdUTjGqJGnxqk8y,QXBwOjE=,6160e80f2a031c42a502ccafdf9dbdbaa1794b09c14ddb23d0382089eefceb45
UHJvZHVjdDo1MDA4,2025-06-24 15:55:09.881,pro_NszZV45MNjnazrhhCAhMLU,QXBwOjE=,71146ac01963cbba5cd4276361e61382eee7a71b9031542a9b8219a6e4465a03
UHJvZHVjdDo1MDA5,2025-06-24 15:55:05.406,pro_MwzG2KBaJwKTJbXNboeXBt,QXBwOjE=,f5b45414e6050d276847870272ee1a025c325cf7ec147f6ffa15888f36e180d5
UHJvZHVjdDo1MDAw,2025-06-24 15:55:02.518,pro_Ea3yiYiH4sm29yk414PusA,QXBwOjE=,52d060ca308808622dba7d71288194a66eba882e12ff8cb1a6703047b5939531
UHJvZHVjdDo1MDAx,2025-06-24 15:54:58.910,pro_3zUNdtVtrphzWRt1iVuAaQ,QXBwOjE=,10c328a7e55abbdb57d270f072d38094d6ed3bb18632779ef66fd216f4e227b1
UHJvZHVjdDo1MDAy,2025-06-24 15:34:47.797,pro_FxTWXTwnqTDa5EW8p2Snjb,QXBwOjE=,cd70e44e8620f5420ec8d38c5c888aa5b30620b88361d17cf68fccc71ca0dbf0
UHJvZHVjdDo1MDAz,2025-06-24 15:34:50.718,pro_S7P3fSfHHN7cGDzC7DBmBU,QXBwOjE=,2b1888a8130b508b1bbb751be1f764a650c31043799cb1248997cebba0f1046f
UHJvZHVjdDo1MDc=,2025-12-22 01:01:02.551,pro_3hxvFqbBLCvgzgqeusHqBx,QXBwOjE=,3501f7043a075e00657320b5e68038a94164860485f5610bea5bf2914929593b
UHJvZHVjdDo1MDc1,2025-06-24 15:55:08.116,pro_Pj9HV5ATwAGQ5LMiHBgWwZ,QXBwOjE=,89fbad5773c2fafddaa317ea3f40c92b66b99a8cb1ca144dd8d07247191c7c87
UHJvZHVjdDo1MDc2,2025-06-24 15:55:08.240,pro_TTgo4YLJLp42aqnDdRXeWX,QXBwOjE=,f7e9b77748755adfe673bb77a32e0d20597b80bb69dae300f80ef57bea4c28a6
UHJvZHVjdDo1MDc3,2025-06-24 15:55:08.767,pro_U8UuDAeLKprsFHSYi1MoTH,QXBwOjE=,db1db2ed25e7134728ea620fac2d163aa529df5579259fc670d2535ed0539bc4
UHJvZHVjdDo1MDc4,2025-06-24 15:55:11.952,pro_VCUnxSMzcTrrvu8FEk8D17,QXBwOjE=,2ef221d4cab7f11f5d225d2a3adeebd52c0f60aedd97dead15f95de90fd0d1db
UHJvZHVjdDo1MDc5,2025-06-24 16:05:15.067,pro_9axspMAFY36Mi1TQo4bh7d,QXBwOjE=,1c8a1f58317c15d9873f96ddd44d181f8aa892f329fa9a7a1d7cae903e9c2fbb
UHJvZHVjdDo1MDcw,2025-06-24 15:55:11.233,pro_GqgVNGJCoTT7WDfqe7YbVq,QXBwOjE=,6bb102aca7da851ce7e4927781e358caaa76d50ba1990a2f85a5daea2293be5b
UHJvZHVjdDo1MDcx,2025-06-24 15:55:08.636,pro_JPSgDT74PPAKxXoqA6yS2i,QXBwOjE=,fe203fbc8419ef795aa27a6d0336a95c54ca0f24d596bce69f8b0ad70112a185
UHJvZHVjdDo1MDcy,2025-06-24 15:55:08.369,pro_NdsgosphJadU2pBh24VKUU,QXBwOjE=,65cf2e9e081a087333a4b2f3b2b3ec90b98826c6a3566b66389bce9bdd2351b6
UHJvZHVjdDo1MDcz,2025-06-24 15:34:48.261,pro_Nju8b6BKSRQ28jKFwM9dVH,QXBwOjE=,3117e96896e17590bb6ddee4b9f483579bf477cf659ae64f95f922035cc0db9b
UHJvZHVjdDo1MDE=,2025-12-20 12:22:19.868,pro_QBmUuPcQZt2sGQMxnZDTo7,QXBwOjE=,3568b91cbe65749dcfa9a410c53dc0eb8713c213e2d6a3f440c81aacb8bb760d
UHJvZHVjdDo1MDE0,2025-06-24 15:34:49.339,pro_WPG12CWz2HkMpdyvXZuAi6,QXBwOjE=,6dcc56d488d1b70ce286f748485fd0a792ede07fe3621e2c75016af8ff2bc604
UHJvZHVjdDo1MDE1,2025-06-24 15:34:48.419,pro_XhTcuw6Eb5kyjq3NNgRck4,QXBwOjE=,46b07e9b11c23d2c18127f4b875826be6fc5a544f6e6000152852a581d5eb75b
UHJvZHVjdDo1MDE2,2025-06-24 15:55:10.708,pro_2CDt2K8AqHYhfNa7F3oUtF,QXBwOjE=,d1789429dafb13ba13f71cc49386ad2368ec2598ba9512abda61cb887adb26e7
UHJvZHVjdDo1MDE3,2025-06-24 15:55:10.166,pro_DkR8L1WL6kMbJ7cqZtNB3z,QXBwOjE=,82d1d1ae718855de5ee996465b175e81112574d606e3aad56786b515a86e4160
UHJvZHVjdDo1MDE4,2025-06-24 15:55:10.427,pro_T5RGRjZyKz9gGbftg38Pix,QXBwOjE=,f52b68349c1bb0ed92939409d93e8aac8097b5e9af5f608110116016542334bf
UHJvZHVjdDo1MDE5,2025-06-24 15:55:10.563,pro_Wd9yAyrXKFge5w5DejtGRp,QXBwOjE=,ba07cae96964cb5af2dd69d4fdbfacd4e97a34d25b7d6c2c3f552816ddaea8b1
UHJvZHVjdDo1MDEw,2025-06-24 15:55:02.071,pro_2uL2apMTnbWaeC12Q3cq8V,QXBwOjE=,adad1fc112dc568b247f8dc641fd8f5e0bd60afa067b1ad699f13ff82f69750b
UHJvZHVjdDo1MDEx,2025-06-24 16:04:39.788,pro_9NE9bMz2bRU73gamiX1oyc,QXBwOjE=,4209fa8e6918f68b787462ad6c0090523ca72c78f1978ca449a9d21ba4321363
UHJvZHVjdDo1MDEy,2025-06-24 15:34:48.731,pro_CuyAdfbZmfMzkj6LbQjBTa,QXBwOjE=,25215856f0ac75d49407ab3fdcf9725b895093364980e6dc10ead8639edaa84a
UHJvZHVjdDo1MDEz,2025-06-24 16:04:55.720,pro_WnqHSdV2fr1JQ7MpLcst18,QXBwOjE=,c13f4bf2397e3ba09cf9b307cec5fefc1a1e591080e61b107742d6ecb515f3a5
UHJvZHVjdDo1MDg=,2025-12-22 01:01:03.321,pro_xc3co4mQs1rRWmmSHb5Aq,QXBwOjE=,16f9ec92c8d8a4a2fa925e99e82c533bf63f49124c5986cd9bc07d1502ff3039
UHJvZHVjdDo1MDg1,2025-12-07 05:00:57.135,pro_289LtfsNS4Dq8AM8SrTo8S,QXBwOjE=,52964bb1a642a6d9b65670c123b16b413ab948e11d4ed28384d452847e9dc89b
UHJvZHVjdDo1MDg2,2025-12-07 05:00:56.347,pro_2T2Y9bVDBeSYhmD68chLAn,QXBwOjE=,7f03ef503b97cb8dcaed2e5cd313578485f3b48e4d900a8eb7dda84f89856a3d
UHJvZHVjdDo1MDg3,2025-12-07 05:00:56.915,pro_3qaC4fzr9rDFVfezzgPnug,QXBwOjE=,6f4780dbf4c6a60e77096cd0f0f02fe8f2c18db365f8d0e06edc1ec942ba7273
UHJvZHVjdDo1MDg4,2025-12-07 05:00:57.228,pro_6juRFLT4hpEuHU51T8Xj5N,QXBwOjE=,563a3fa225a56b9b925f46de7605ac5b9935d394349823183bffb62c580f15ac
UHJvZHVjdDo1MDg5,2025-11-23 05:01:35.942,pro_6k5vCybwzJfFdop1pUzCfb,QXBwOjE=,8101c3265e97f3d6d78b3097a5bda168655e5ba976e9730741e4c0aae9c782d6
UHJvZHVjdDo1MDgw,2025-06-24 16:04:57.326,pro_DKMFcG9rRGDhPjNi3pahLL,QXBwOjE=,8434a88ddee935ffccb6f89dbd734ccf5a8690c275f45b0645a13841430fecae
UHJvZHVjdDo1MDgx,2025-06-24 16:04:58.604,pro_2EHTfdqgUmSfEHWdwqjZ8N,QXBwOjE=,0355b8a40aaa8b1d54d747bf8fe6d15feb434a79379faae1c3fef0da29ae3fee
UHJvZHVjdDo1MDgy,2025-06-24 16:04:57.614,pro_94XGVMtgaxwt8d83zRAAZX,QXBwOjE=,c8fa5dca5dd7c07e27dc4d55d7451b84dcece5e0fc6f5cf4a12ff485cb559c87
UHJvZHVjdDo1MDgz,2025-06-24 16:04:58.250,pro_DejfZQB8y8u1bKdiPbThMr,QXBwOjE=,ae344a2e4b482c37bdb8fc40485cc5963bba9e94d5c8a894add47ed93f655f16
UHJvZHVjdDo1MDI=,2025-11-30 05:01:38.605,pro_BmP5mH14i4gpmps43G5YwH,QXBwOjE=,7b52c8c21d2a397c65f07d1b1cb4dbbb1da597893167acc488b95eed3ace758b
UHJvZHVjdDo1MDI0,2025-06-24 15:34:49.937,pro_Kn2ZJPQG3cSSkDho6zrqEs,QXBwOjE=,6becc2854ff15733def7807787d876eb8fb01bfcd91f098d0501f8efe67f02a3
UHJvZHVjdDo1MDI1,2025-06-24 15:34:49.792,pro_MHMBMnpGX6sSJWSmDwizpu,QXBwOjE=,bd0eb05c401a970ff91a40f8aacd0dce2863e72033581be6474afe3e1d5a2527
UHJvZHVjdDo1MDI2,2025-06-24 15:55:12.590,pro_MxdmbXdjzFwfUhcbGQbxQ6,QXBwOjE=,d47ccf97556bc96c78356f28d07b14bf1c361842894bb7c17560325e573d61ef
UHJvZHVjdDo1MDI3,2025-06-24 15:34:49.642,pro_RZHskbUckbBmUZBPtu8dXP,QXBwOjE=,8e8e635c41cc86d64059725813af81047eb76d72cb32123a10e06461fe157339
UHJvZHVjdDo1MDI4,2025-06-24 15:55:02.993,pro_SaxBrVeoahC4iB66CAyqYG,QXBwOjE=,cadf4c3126b43f706ae07bd9ad033e0e63adb06428b42d18c259790a4a54e276
UHJvZHVjdDo1MDI5,2025-06-24 15:34:50.082,pro_TH64ofDFXrMzyWC9QKo6zC,QXBwOjE=,c0b553639e633721d91a0b1bbb4a3ddd7069e610642ebb7eee1356f29638b872
UHJvZHVjdDo1MDIw,2025-06-24 15:55:03.402,pro_3bsXMWDMHtNaLsEEX74tJV,QXBwOjE=,2b65c05184c49c60f3ae23e3592a4a9e9f9a3b060a3ec59bb209beb893ff13f1
UHJvZHVjdDo1MDIx,2025-06-24 15:55:12.728,pro_5ZUTa6KYY2AYJgdKTuB9W4,QXBwOjE=,1699410cddf35e61e926865a838b6afbeb621e66448cf426d2a48e4eb29e63f3
UHJvZHVjdDo1MDIy,2025-06-24 15:34:49.494,pro_AKmNxHeF7dMn1w8yD8WzR4,QXBwOjE=,6d8b8e3d12dd4eaa5e6af2ef615d32681e783eb85960a98004d7bbd961a57a76
UHJvZHVjdDo1MDIz,2025-06-24 15:34:50.383,pro_BWinM8aignYJocFWf8nvkQ,QXBwOjE=,e04eaf35c21bd5d39895cb4d55ce73120cc68cb0f6eaebb3ab2ea0b15b09faa9
UHJvZHVjdDo1MDk=,2024-04-09 15:50:10.161,pro_NpKZfR2FCPbzHHVG1rAUjG,QXBwOjE=,34f93c95144a4532f3a2f9f8a3628fb6b9414c83ee6e35c24363b578ccb9652b
UHJvZHVjdDo1MDk0,2025-12-07 05:00:54.370,pro_DjvxiQGpBabbLW58pxDKjm,QXBwOjE=,51ab8625996f3f0e676ad74e126cdfdc59e2cf961d1c98e0353e17ef9abad46c
UHJvZHVjdDo1MDk1,2025-12-16 19:02:45.218,pro_UDejASYY2kE7YDxFvQ4Bk3,QXBwOjE=,7c5b132372c0f364bb1a6155692afceaa0ded235239f24e8df00668a28f457df
UHJvZHVjdDo1MDk2,2025-11-23 05:01:34.394,pro_VqTVdXkEpLChxmYmDecjrc,QXBwOjE=,4ea25b028b0d8c1fc39630b81b29461ee08dfc5e2aa6be96b76fc0795cc4bf6a
UHJvZHVjdDo1MDk3,2025-11-23 05:01:36.726,pro_WFW2nhiz4amSpV93Sfw4xV,QXBwOjE=,916ac631f6fd9c693b835d53b3b17706ad9bc79c38e99bf3fa925284af809c0e
UHJvZHVjdDo1MDk4,2025-06-24 16:04:57.949,pro_X7YQN73XkkcpSCqoo5uztM,QXBwOjE=,c6524f020102e80ee77ab1dfa0e2c25273c3af5031631b846e9510352d8db59f
UHJvZHVjdDo1MDk5,2025-11-23 05:01:32.851,pro_YHgivJGXejsVroJKjzKTe6,QXBwOjE=,33c0b9c1d051d11eb5345ddf7217a89fcfd152dc9f20a73536f594537ace187f
UHJvZHVjdDo1MDkw,2025-06-24 15:34:52.766,pro_7F12Gw5ZaGNZaWRDnAj2Rk,QXBwOjE=,368ff3caac0d4897cc254bf245e427e98f449346e33a465e88dfdf9abcaf3fbb
UHJvZHVjdDo1MDkx,2025-11-23 05:01:33.656,pro_7sbnhYeQbM7aYDRGF6XKV8,QXBwOjE=,d79f37c18311c0b07db486541e6980fe8a656d8bff2e4cc80730e9ae0f2b0612
UHJvZHVjdDo1MDky,2025-11-23 05:01:32.844,pro_Bf1ppgLth9WmfJWDdZNe9L,QXBwOjE=,0bed1cea8fda1c92de6b68edb4a59b3b2387d773f90e12dce9733fd6bd62cd74
UHJvZHVjdDo1MDkz,2025-11-23 05:01:37.943,pro_CuF2cbmfWByh7nL3coBUFH,QXBwOjE=,86a6ad0125c4a0e301f17496dd3ea28c8b79ed576250b7fa9f4b39661819049d
UHJvZHVjdDo1MDM=,2025-12-22 01:01:04.181,pro_BivYn81MYZtDP5ctMjmQkq,QXBwOjE=,f3cb88724d1f969f24ca1ebb3a77141f882132fc5512cf12c3a59edb70c40a2c
UHJvZHVjdDo1MDM0,2025-06-24 15:55:07.717,pro_Y9rbesXgrKVS7y8zny9sJb,QXBwOjE=,c45f407db657b2171a10d546bf84becb6f1e9f77a65c9d8d3eb08c9384015a37
UHJvZHVjdDo1MDM1,2025-06-24 15:55:13.309,pro_4nRR37hAsPM5izbUE7kSPw,QXBwOjE=,c8e0f279fe206f0d263722330db6af08a90ec53ea10f297be921db3d3870f55b
UHJvZHVjdDo1MDM2,2025-06-24 15:55:13.171,pro_7fCFn6KBYs1ubK6HnKUyj4,QXBwOjE=,cc2649aea275a6081e3b4a0488d08f641edf13e46195acd90b859790126e0d71
UHJvZHVjdDo1MDM3,2025-06-24 15:34:50.568,pro_9bsfYLrJiTi34QkdVnFdax,QXBwOjE=,f89f4ab295bfda10a7ab2d5aee61def219a7b8f586ad9253ca680da93cd91fe5
UHJvZHVjdDo1MDM4,2025-06-24 15:55:13.027,pro_AAqL54diSi2ohiYcGFdVeM,QXBwOjE=,2f5a04c41e8d5bf5297236fbc0b25d3dc066cdef43b1b938de749b0ddfc81065
UHJvZHVjdDo1MDM5,2025-06-24 16:04:51.111,pro_Cgo1CHP5fEfYCcpEPBFZnw,QXBwOjE=,d9e4daf26c25afcc6f553aa7de069288cc3c152fdc6e1d7cbbb85c8e2fbdaca2
UHJvZHVjdDo1MDMw,2025-06-24 15:34:50.234,pro_TWeDCf5EgTUCV24cMfi4q4,QXBwOjE=,03048cae49427463be5c4d2b2aa9b3ce33949f2230c176340532ca2ea4af1cfb
UHJvZHVjdDo1MDMx,2025-06-24 15:55:07.985,pro_ULHBydLQhpFQ8SvkSjNeoa,QXBwOjE=,5d8bd6006dcff39411c20ce90df12b0425048ff39b9d403d2a371dd8a792ddfb
UHJvZHVjdDo1MDMy,2025-06-24 15:55:07.853,pro_WNES9Yjb4VhmjiLGeMajjp,QXBwOjE=,49f366d2515f88240a772765725843fcc58d457e4b45c5f4d2477db00049fb41
UHJvZHVjdDo1MDMz,2025-06-24 15:55:12.446,pro_XuALMb1AvByztJhzipA3N,QXBwOjE=,05f623485758cc97f3daac8b59e297b7c074b72a0285b386b3fe053c217e3ea1
UHJvZHVjdDo1MDQ=,2025-11-30 05:02:13.817,pro_onjAAPfGov2YWtzUpZX9K,QXBwOjE=,e0ba8945c1c7e104d6f3a9d4e3fba9ec5dde3c42aacaac6a4696c193f487dc42
UHJvZHVjdDo1MDQ0,2025-06-24 16:04:51.443,pro_25ri3rmHH1Sm6YdNHhJPEJ,QXBwOjE=,150a74f94b4258fd281bbfd6223623da43898f4ba220f7c3fb4e9cf76cb87177
UHJvZHVjdDo1MDQ1,2025-06-24 15:55:03.841,pro_4onL72sBedGt6YdK4CLvfg,QXBwOjE=,e8ad9539cc60d3e6e328ce2b060d1aee216fff763b8424642c64d67786fbb043
UHJvZHVjdDo1MDQ2,2025-06-24 15:55:03.569,pro_A5BwybB4nfDLU2jcZLpf8a,QXBwOjE=,cc9b1d05ca4fe2a980bbb3f18403f336601a74cec930f0a309073358e48418e5
UHJvZHVjdDo1MDQ3,2025-06-24 15:55:03.176,pro_G5y5BvWJDpYvyUUrX9pMhh,QXBwOjE=,efd8e8513eb5f232a43a038dabe511c88db5f668ebe48f04ec182e1de1a19609
UHJvZHVjdDo1MDQ4,2025-06-24 16:05:02.467,pro_HNjBvVV21X1nXXYxart7di,QXBwOjE=,6737adb06d14219310cd9ca834b0db18e15641e10e7e5b27b50c228e45715e23
UHJvZHVjdDo1MDQ5,2025-06-24 15:34:47.942,pro_JHqMtrA4DYuGbdBVZANNgC,QXBwOjE=,cd19f6c8eca8e057cf7b160578d405bfeaf7b1ce45285a695ee6b0d4f7b13c6c
UHJvZHVjdDo1MDQw,2025-06-24 16:04:50.773,pro_GWCvSQjPVqDKVp4eyu2xZ7,QXBwOjE=,f11ec6edf3d2b15270cffedb9d8e9c5415cc0679edefd1b158c67e372fadb5a0
UHJvZHVjdDo1MDQx,2025-06-24 15:55:12.875,pro_JmFXUNxpsFVXRR6Rc9BYxb,QXBwOjE=,05b1b8b09e73203d851cfe3399e8f88e8ce916463d7c59bc33257cdbce7e73ca
UHJvZHVjdDo1MDQy,2025-06-24 15:55:13.450,pro_MDUYTcQ6TSDPBS6m2x9VhD,QXBwOjE=,d9e62985fa61fc48e46c397395b7cf6412073790e36dc691f8205dcf24d3d001
UHJvZHVjdDo1MDQz,2025-06-24 15:55:07.333,pro_Js3XNGJZEVbk5BgrmcyPhq,QXBwOjE=,6eb039c7c39bf0fa8c9afd9cd48d9b11c161afea1ef1875acfb4ff662627d3fb
UHJvZHVjdDo1MDU=,2025-12-22 01:01:05.160,pro_53VgB6MWwL1JSnbwXH7uYu,QXBwOjE=,3ebd9125fd04838729d4ef0d3d17307ee54e6e0f7d14654ffe754b00a417bd6e
UHJvZHVjdDo1MDU0,2025-06-24 15:55:09.619,pro_A7tQkzz6MBHDpheCcoZRSE,QXBwOjE=,d0e0730fcfcfce463169306752e5f51b65546272dd38dfc82aab270e01d6c05e
UHJvZHVjdDo1MDU1,2025-06-24 15:55:09.487,pro_Sdsw9PLuR2e8RJobZhpbmh,QXBwOjE=,8f9db731e009c02b168285b64ed065dff14f63aed2bc2d89c739998f20163b23
UHJvZHVjdDo1MDU2,2025-06-24 15:55:09.314,pro_WByfSDDsTEm9tFMzvfSWhu,QXBwOjE=,4649d8205e9bd8e4cbfd8a9eb928ae3e32a946edc2496e02fe32d83b58ba4345
UHJvZHVjdDo1MDU3,2025-06-24 16:04:57.006,pro_46JU8HffA1uVYPxSBUmK4t,QXBwOjE=,b362f4f0be79cd007735e1ac320f4e6f4fa85f5150c6e054f0e6500e81e79155
UHJvZHVjdDo1MDU4,2025-06-24 15:55:04.129,pro_R2b7ndc4kAe1uy4EUNvUYP,QXBwOjE=,48d6df35f25eb97f8bc0db983fe2739832e4b04cf643f6e5e94b9e3aa2f356b5
UHJvZHVjdDo1MDU5,2025-06-24 15:55:03.989,pro_R7jWR8thTDfqFiPenkYWoa,QXBwOjE=,d285c3c357fea34a5e7332e7a37b985f1d3420ec5c50380e460042dc6425dbb4
UHJvZHVjdDo1MDUw,2025-06-24 15:34:48.572,pro_g4f6bXf77UrS3BBcXuu5u,QXBwOjE=,34db9a5045eef4e5a5a686b82c72abca74d3c6d8175499718e0f3096301790cc
UHJvZHVjdDo1MDUx,2025-06-24 15:55:00.661,pro_YZZcj1x3tuQoqffHyS6uSq,QXBwOjE=,a885b397f1094e5988ec83dc1831bd5b6b9a0e2fa13671349c9376668d5ab0da
UHJvZHVjdDo1MDUy,2025-06-24 15:55:07.169,pro_3q4fV2YS8BfHwrQe9jY16T,QXBwOjE=,5bee3f80c7d13c59e3a6845f17eb039d28e3890d431c09d4ce93a9801427ae6b
UHJvZHVjdDo1MDUz,2025-06-24 15:55:02.244,pro_Lcvxi27XyY1uLATEcLbD8u,QXBwOjE=,8c1cc0ee081b353e148603fc0bb7485fb4d3dcdd2950d98aec82248317bbf651
UHJvZHVjdDo1MDY=,2025-12-22 01:01:05.925,pro_SzsjkNDzKPFrAbxbrCKPsF,QXBwOjE=,b6168d8c39b65ef24d6fe5d0a33b929f5004df9410afd019e2b3a1b472ee077e
UHJvZHVjdDo1MDY0,2025-06-24 15:55:05.849,pro_QfPhPqTHhQH1s5r7L1WwUa,QXBwOjE=,ccd6c367c48f2b1358141a6e33938c25b343ce14df33eb5d0f6929ef2ec5a305
UHJvZHVjdDo1MDY1,2025-06-24 15:55:12.266,pro_JkATbdwoXVPDhgJb7cuU3k,QXBwOjE=,387a0d510966c6617b8890f420c5e3ba492813273493d88c588ea601781faabe
UHJvZHVjdDo1MDY2,2025-06-24 15:55:08.495,pro_A5gZNUon3hapQwfx7aVRT6,QXBwOjE=,52d8bf57ca236ce690137e504d6b92b405309c3bd3505304389fb635172f8440
UHJvZHVjdDo1MDY3,2025-06-24 15:55:09.036,pro_BjKGhqfuRof1GqauZ8LcHW,QXBwOjE=,ed176c04c0fedebd91c4962ff7cc473d101e433071617ec945fb21184f02742d
UHJvZHVjdDo1MDY4,2025-06-24 15:55:08.909,pro_CWJpHCyWvgGmMyw22ikCf8,QXBwOjE=,e883918fe5e035a7e46acfd5c8af5f7d16c36963a3fe3e996a9de664d2c71145
UHJvZHVjdDo1MDY5,2025-06-24 15:55:11.372,pro_F3JxL5mXePWaLRXsPTCheV,QXBwOjE=,3f345e32908d34433fb320f5964bc193a6b7580d5945fc46c597db9899ccf64e
UHJvZHVjdDo1MDYw,2025-06-24 15:55:04.854,pro_VGPxX4Uy6jCWCpkBJoELHi,QXBwOjE=,98594ea4576419329a8ff9d963f3d37a033c2d77fdcd18f4c79638027512d1a5
UHJvZHVjdDo1MDYx,2025-06-24 15:55:07.598,pro_Gzgbtx4C8nDbawcrkHehkw,QXBwOjE=,2b4bea5f3fdfd9f13b5b334b3d42fb58cdaa15e25aa96171f8650b73bca198a2
UHJvZHVjdDo1MDYy,2025-06-24 15:55:05.544,pro_PeY8KNQjqu64gH1P2ydfwF,QXBwOjE=,054356506b08cd8467a5778ab9a1d8a9960a45d494538b6fb6bc463eade70622
UHJvZHVjdDo1MDYz,2025-06-24 15:55:05.673,pro_QdCfXKaKurzRHdBcUidHDm,QXBwOjE=,c35fab2e1884b9ffc435a2bf8bfa4926ea33a892cdf60f91ebe1b43c5280dcc2
UHJvZHVjdDo1Mg==,2025-12-22 01:01:06.649,pro_Etab2n79RPUYkz16d7EmPs,QXBwOjE=,f10bbefd08d8cc25e13c76585681adfe8bc2478e2fa21a728ed237c841a26a3e
UHJvZHVjdDo1MjA=,2025-12-22 01:01:07.364,pro_V39pkWCxSqR5rL1mjN9zWe,QXBwOjE=,6b559a6b0ad86429a722082149feb695bea5fb809d1af870b37df971d3bf5ec8
UHJvZHVjdDo1MjA0,2025-06-26 15:57:51.326,pro_HobBNaJ5Jp77oYGjBQFvu1,QXBwOjE=,53635827bc2df8910f508768d4bd6f280c3c8b53c18b86ca772f59ecdb846ede
UHJvZHVjdDo1MjA1,2025-06-26 15:58:06.467,pro_LNm3qKJva2LB78MGJpZdDt,QXBwOjE=,690c35a7d64daa85425aa6bc3a9c4c6446dd5a7f1976de67e451edb55efd3894
UHJvZHVjdDo1MjA2,2025-06-26 15:58:01.068,pro_Q8zfxX9qxmRy4dxybLeBGp,QXBwOjE=,4bef147386c791948b543d4ef896da1304ca7613bbd8dfe1ee248f6f24ff168a
UHJvZHVjdDo1MjA3,2025-06-26 15:58:01.207,pro_SREKR9tWk9oVRT7KfuJYhU,QXBwOjE=,0675f34680a6e3cb0687f9904f2765da530c8a3220a1d1251a23a6765d4c6cb2
UHJvZHVjdDo1MjA4,2025-06-26 15:58:00.908,pro_TgLNC28EEjyPFSmWptjcQv,QXBwOjE=,8dce1b2a6ce1844956a777b95c50e7a03a1597c3381448aa21b861bf8d254908
UHJvZHVjdDo1MjA5,2025-06-26 15:58:00.669,pro_WyS5U38YWwingxXUNR4fiG,QXBwOjE=,f1578acd1f18356c2db9b65d24a19891384b0e13b9d7e0e41341dadf709ad1fd
UHJvZHVjdDo1MjAw,2025-06-26 15:57:51.182,pro_Ai41hSCWxHrKdxtZ7V7RcA,QXBwOjE=,390f0b0e6e3401ef156b64e1dcccc3109fa0a119a2fa8b3835bfd6ac4fefc370
UHJvZHVjdDo1MjAx,2025-06-26 15:58:16.811,pro_BLFwBPgHZmPAutCjHQ3Gwd,QXBwOjE=,0ff572c056b9828d465ea8b87cab44dbffb569f3d81b648b34f8aae2a9a0c2f1
UHJvZHVjdDo1MjAy,2025-06-26 15:58:00.191,pro_ETQ8M7xEQFUAN5tP4z6LmF,QXBwOjE=,077a637fccde2615170b2d38edac8770b4d892ed7339486314b7830aba8f7045
UHJvZHVjdDo1MjAz,2025-06-26 15:58:00.522,pro_FckJWw7sbPxUJtpriarN8G,QXBwOjE=,a59dde137354b7263a36c550e7bcd35fcb7434981dad48a357acfe5a4842c73d
UHJvZHVjdDo1Mjc=,2025-12-16 18:37:19.471,pro_GTY6jxpLnAfbFi9usQXq5u,QXBwOjE=,0510d812a6767c2927104e77439e3fe0322901ccc72dfc90ec04e7b9d3a52a66
UHJvZHVjdDo1Mjc0,2025-06-26 15:57:52.119,pro_DtAHuMN8mV6o95UJKY15zQ,QXBwOjE=,b014c7e72b1ddd23181ac423fad65edd80c4f2cb48186ab52b16f3f8d30ce6ea
UHJvZHVjdDo1Mjc1,2025-06-26 15:58:06.239,pro_HgRPmtohBXF7j42nujSVta,QXBwOjE=,37b5beabbff3232a327ce8a861692a23889dd6eda4fedf88bb0b7681f246aa6a
UHJvZHVjdDo1Mjc2,2025-06-26 15:57:52.438,pro_hTZDr34BUgGp8jVQXH1hv,QXBwOjE=,d64005c744e0c378b4f4b115dda7f089c776110cc5d710e59e71808f1b272a79
UHJvZHVjdDo1Mjc3,2025-06-26 15:57:54.718,pro_KbZmkaGhdS4C7ZxvZeGqZQ,QXBwOjE=,a9f7d4f418c86521a90798b970ca8fa755d4501567f8b6dbf69cff37338817a4
UHJvZHVjdDo1Mjc4,2025-06-26 15:57:52.292,pro_KMDS972uDWfuvqh9z1rkob,QXBwOjE=,319d2a950c0c46ef43c0dfa34aaf4b40a5f925240a67ea9beebd29f588c6aea7
UHJvZHVjdDo1Mjc5,2025-06-26 15:57:52.587,pro_Kvx5bZ2sKX8TZmVxpSdzvQ,QXBwOjE=,d6cf42e3c39c4e39e9e9277a81c003c780f70a57ac386b092d230c0f9a535b44
UHJvZHVjdDo1Mjcw,2025-06-26 15:58:23.482,pro_53A2JY9fQHjSBBs6b2Vjw,QXBwOjE=,8241bd39fc48db2d73092567937fe8b821bf50245546ee97102c4b39b08f0f22
UHJvZHVjdDo1Mjcx,2025-06-26 15:57:54.904,pro_5sVwe7mYe17Y9NQ11szJNa,QXBwOjE=,eee8eb52b6ec78755b12719df162202f39ace3d2bb98d6a08cb321284e763af1
UHJvZHVjdDo1Mjcy,2025-06-26 16:14:17.119,pro_8L5aP6tfRZ32XMfTQ836dj,QXBwOjE=,6781f6929866db1e60bac0402ce076e5225e0c95b0f0d969745cdf5e7cadd32d
UHJvZHVjdDo1Mjcz,2025-06-26 15:57:56.408,pro_CFuaTEWtu8QGXcDUCQC2fZ,QXBwOjE=,6071792148a07eea5e30c65584215a5a59e0301da4d8f625088717dfbac23087
UHJvZHVjdDo1MjE=,2024-03-20 19:58:36.363,pro_8dRBVwt2hRNE4NUTbHtW3Y,QXBwOjE=,08b3c6a0ebf034873c7cefe206d29dc2bf1035f12aa01c34dcf35f9e1221bd27
UHJvZHVjdDo1MjE0,2025-06-26 15:58:21.367,pro_QXraqTPDrpGxFkD8n7n3QS,QXBwOjE=,69d473f0b2388271d439d667fe99efb934585262298843f3a49b99c4b0f2c853
UHJvZHVjdDo1MjE1,2025-06-26 15:58:21.851,pro_VzV8XqWq115ebyfPbSZdRj,QXBwOjE=,6dad42cd1c52fb63cb322c87cfc320eadb9b705c4f3bc3126760af2806a9b3fb
UHJvZHVjdDo1MjE2,2025-06-26 15:58:17.640,pro_WjWN449G8HQd8XNVKtytVB,QXBwOjE=,82ea5ba24416a52658af1dc6cf0c54cef2c9cfe79c9e6d44d73329171c81e51a
UHJvZHVjdDo1MjE3,2025-06-26 15:58:21.538,pro_X7Ep1kbWQQGZuB4SKvTAH4,QXBwOjE=,55c4ab3a987fa83ef746dab41456a1b01a996aa8b4a0cecbe0e79b1314337279
UHJvZHVjdDo1MjE4,2025-06-26 15:58:19.018,pro_6doStjtbdLyhVqn5NT7guC,QXBwOjE=,85a70103be42fbb03e94ddd3ba278088596f4c1ebdb108238ad5d96230c5f6b4
UHJvZHVjdDo1MjE5,2025-06-26 15:58:15.163,pro_74MushSGBLgmXqgv9HYLh6,QXBwOjE=,8ddcc28299a671cfb33ff8c719e570154528c51787d85fd046616939bf6f634e
UHJvZHVjdDo1MjEw,2025-06-26 15:58:22.322,pro_7xP2MQ4oXkouog2h5D6FW,QXBwOjE=,7354c471fb8e7abdc8104ad387dd70a67b7212c88274c302d7fbddceb4718448
UHJvZHVjdDo1MjEx,2025-06-26 15:58:17.927,pro_2kyXYse5YRCPkGRN2hFuZc,QXBwOjE=,fbe7d06cc70df095e0a0167e0a9f7fe277a8acd959a2b7e12156df25213ba9dd
UHJvZHVjdDo1MjEy,2025-06-26 15:58:17.781,pro_2sAh7VQQVkoYwWqf5Rj83U,QXBwOjE=,bdda3d978e6a2812563a36136624026e808244f2ab22b3c08006cc5a48719b8e
UHJvZHVjdDo1MjEz,2025-06-26 15:58:21.678,pro_EUrvzFKy8uaqeUspX7Shs7,QXBwOjE=,ef8ccd89f1f7662878861e3f453ad86ebf44d0cd5a66f8b7623f1b0f0314894a
UHJvZHVjdDo1Mjg=,2025-12-22 01:01:08.167,pro_XcQDeP6Vpx8jAeYx9MRoxL,QXBwOjE=,14848921af20d1f82bebf154ab80464be83d9d3062caa949c43decb5b87c1f29
UHJvZHVjdDo1Mjg0,2025-06-26 15:57:51.968,pro_PiLBQdpMrvsEEFXNr9knem,QXBwOjE=,9c6a6a38df175fc185c004c7eba1bc2c83af97b91a61fc0a5bb26c2e500db99c
UHJvZHVjdDo1Mjg1,2025-06-26 15:57:56.185,pro_PXoFZPDJHjztW5DSs5hFEA,QXBwOjE=,d109a5ba6a6382f4bd2151f61c4a8f1f7a954459a7a232b6377a060bc7270d36
UHJvZHVjdDo1Mjg2,2025-06-26 15:57:57.048,pro_Qy8ybEzmJ4gHRvnvJ3bLkv,QXBwOjE=,208ef0cf658dab030bdbad78e657f47cba0a0df6b486bfb17940f37cba6339ad
UHJvZHVjdDo1Mjg3,2025-06-26 15:57:43.535,pro_TkkAgaHvvypBvex2HzSX84,QXBwOjE=,07eec3a4631dbbbcc703d2d028013fc1dd30a8aa3e670de5a2f26d5708909ed7
UHJvZHVjdDo1Mjg4,2025-06-26 15:58:12.810,pro_TtkY6FU3iGV9m233MYE4wM,QXBwOjE=,c1504690223f00673d052bb0e9b0a402b06d29a562d38883a7b8835c409b2311
UHJvZHVjdDo1Mjg5,2025-06-26 15:57:57.190,pro_VKUM1iMM9PBsnypftpVz18,QXBwOjE=,5cc61c53dce19191ef7b5abb883d2c49ca6601dd74156243d8537750c020a818
UHJvZHVjdDo1Mjgw,2025-06-26 15:57:56.039,pro_Lrz9cF3ZqR1xVUkizgxWFu,QXBwOjE=,08591e304728de7d3c2dbd3846722cf7a3d8efd69ab4af16fe2a55b5fe52c843
UHJvZHVjdDo1Mjgx,2025-06-26 15:58:07.519,pro_MoakfoHuRYFiNdFrLjr4bV,QXBwOjE=,04025cfe4ef3070a6914ea963c0720d6d18ecd589726664122dbd5a82405d532
UHJvZHVjdDo1Mjgy,2025-06-26 15:57:51.808,pro_Moink6TJwq9KBg4B6PrcQR,QXBwOjE=,3337b9239543115991bd0bf76ea05baf9512501019d779004e1517636bcc329f
UHJvZHVjdDo1Mjgz,2025-06-26 15:58:18.702,pro_N1bUX5ApZffwdTSqx8BSwc,QXBwOjE=,591576cdb0f97040f5ee029ff9ea6358338da1a153c53334419bb5a1be6b6b28
UHJvZHVjdDo1MjI=,2025-12-22 01:01:08.892,pro_8bVviSP2y5dscDE3Sr4gra,QXBwOjE=,85d7d4b34750863e4e5333cb7f12b0b0816965b424aa07f9cfe94f496fd51b02
UHJvZHVjdDo1MjI0,2025-06-26 15:57:53.805,pro_KUMnmcseRDLRaSEeMcZEka,QXBwOjE=,46e29dac040d2f2a71290e36beda64599d9dbd9bce2779f2c6cc7992df51e479
UHJvZHVjdDo1MjI1,2025-06-26 15:58:19.831,pro_L8EpxbeBTWq4m6nff4qXof,QXBwOjE=,dfb38acfd9f046d9681800afdbcf56262a4c89f0703e912e8d1073858322d829
UHJvZHVjdDo1MjI2,2025-06-26 15:58:19.152,pro_Pd66ZiqvwqaoJFhYfuGWzC,QXBwOjE=,fb9ab165734b476e53de051cfa3ea3e03fd70385a0853b4d9229f93dc96756ed
UHJvZHVjdDo1MjI3,2025-06-26 15:57:46.359,pro_PUKoncr9L12vkXmpukwiy8,QXBwOjE=,cbfc63ebe5a77a2e5a80b46dd61a75cf85f0e8433ea6b2797812713efe498f92
UHJvZHVjdDo1MjI4,2025-06-26 15:58:25.738,pro_UqPRP6YKkJfn3FkHPqhU1J,QXBwOjE=,ce5767c5b0b3d141c1b8d143b5b45f836e2f898ccb573794bff3c17bb600601a
UHJvZHVjdDo1MjI5,2025-11-30 05:03:25.826,pro_WBLT4qwaNm1JXYRsw3Umnc,QXBwOjE=,dc53812f0dd5a6ff1083eebae345baf3b916d536fb9faa85900afdb354202326
UHJvZHVjdDo1MjIw,2025-06-26 15:45:59.620,pro_AA3YS2T8KHmCE2ztvdRYHu,QXBwOjE=,d287de862ba09dd8e90d72c1f9754fa06a96e863f3331d262c33cbf8be62fb95
UHJvZHVjdDo1MjIx,2025-06-26 15:58:07.389,pro_ABTVkp6Xw5aoA148GxcTZk,QXBwOjE=,9c3acfc698777ee8d06bd044ce33d5f9fedfe87473fd01fedab2dc7960761946
UHJvZHVjdDo1MjIy,2025-06-26 15:58:22.233,pro_G4YtTHHSJgSX1BCh7ubtx5,QXBwOjE=,52fede2f4ecdc80bdebda68affe6cdd87c09483dff82f2b2566a0beb1603857b
UHJvZHVjdDo1MjIz,2025-06-26 15:58:15.025,pro_GotsDUwyBWCQvpE7ZtZxqm,QXBwOjE=,52fa3ed26fa78012c46bd6f83152337eb2cfe77055a9d510529df835f5b3108b
UHJvZHVjdDo1Mjk=,2025-11-30 05:03:22.550,pro_25qg9EBCnyQK2ipBkd4w35,QXBwOjE=,4fdfc795970efd2dfbaa335286aeda0130c06f4bb2b76bad4155e77ce4fb5dfe
UHJvZHVjdDo1Mjk0,2025-06-26 15:57:56.717,pro_X4mRT3MmPBvHhNiBcKw7UP,QXBwOjE=,a318f39415922a2a5da24d68de64986976a769c2ee57eba91b42338b011007ab
UHJvZHVjdDo1Mjk1,2025-06-26 15:57:57.889,pro_AoUtxKbHwdwGG4DXHaNeU,QXBwOjE=,269f1fa02afaea31e53fb395de1d3b94e3ca3b61f7b043fe11f66dec6cd83fd8
UHJvZHVjdDo1Mjk2,2025-06-26 15:58:06.188,pro_CULMriTGQC1x15mhMgvEXR,QXBwOjE=,cd1bef84cbadf55331fec6f78ad09ba0d038a53fd14d0201064b16945ba1c97d
UHJvZHVjdDo1Mjk3,2025-06-26 15:58:23.188,pro_G2kqeH8k4KFSVF2ZLYCkdi,QXBwOjE=,3cc8d5b3ad64d3067f133aee9515a7b0a32e00f9f66ec7b17c4d316b1aaecd65
UHJvZHVjdDo1Mjk4,2025-06-26 15:57:55.575,pro_5RTDjtYpCKAQRouEiya9cu,QXBwOjE=,4447ce41745856c9512659763581bf122059d446a7306abed561d5200367921c
UHJvZHVjdDo1Mjk5,2025-06-26 15:57:55.222,pro_CRAuhSmHDK3G54Zdovm685,QXBwOjE=,3bee52f443a5af4a2ec2121475e15546dac56f5255a26f9d5ec540a2f34c090a
UHJvZHVjdDo1Mjkw,2025-06-26 15:57:57.362,pro_XbXvnoKsWnyGZmuzqmYqyd,QXBwOjE=,48415ba42589ddc0fa6b48b9c66b58a249f7c0e02c5a1ee938d86b1acfc93953
UHJvZHVjdDo1Mjkx,2025-06-26 15:57:55.867,pro_XWQj2AG5p2WdrMajHLYCMr,QXBwOjE=,7e3e0ef19565c2fc100a6192edfa9acfcc23ec56370c8a8258ca98a49100eba3
UHJvZHVjdDo1Mjky,2025-06-26 15:58:23.652,pro_YTqPX3cpVLuALxBdTVgP5h,QXBwOjE=,5f3f20fd9a194cc82d2f9d3e74845f43404234111b11b2854b46273ee2a11ee8
UHJvZHVjdDo1Mjkz,2025-06-26 15:57:56.886,pro_NdrFeJ7YZShEBwGuf7MPze,QXBwOjE=,3771a47b03c464d9311af9911432d6acefffcaa83287853f0a4ffff2f45e2379
UHJvZHVjdDo1MjM=,2025-11-23 05:01:55.136,pro_JE6JY2soLA8XbDjKUbZH4o,QXBwOjE=,38d91ca8b4d80740517b2c89855ce8c58e940f8b03c1e5d3475db3f0d2deb99e
UHJvZHVjdDo1MjM0,2025-06-26 15:58:06.619,pro_8i1rS1wQNLyVZedTFMWo7S,QXBwOjE=,510c5b98ba726af8c1daee599f14fd4c5d19905b4793d0b766680b8da52d2985
UHJvZHVjdDo1MjM1,2025-06-26 15:58:18.863,pro_LMhHUWcMbCMhxkXDz9BncA,QXBwOjE=,96091e19bf3cce3d9f1d061d9048dee7cea1b55800eab5970713cb37c0bbe757
UHJvZHVjdDo1MjM2,2025-06-26 15:58:11.792,pro_LocCg5U4D8fTkAczxnXMWV,QXBwOjE=,42caad4b51990d58a361d4ab9f275c4a9e68ac2f12a56974b7c263d2d5a41575
UHJvZHVjdDo1MjM3,2025-06-26 15:58:24.346,pro_NbgxzR64bLLSEaNSwB2SD1,QXBwOjE=,f0e0f41ec14cc219b49f271df379f77391a1d143c351eac49da1f8dba599b095
UHJvZHVjdDo1MjM4,2025-06-26 15:58:15.470,pro_8YoMqcPxmN3Uku8TLiZh74,QXBwOjE=,25a4e3dd85ac26050e05249b19d28e9660e4c2a2b7ec2e1330740b907328704d
UHJvZHVjdDo1MjM5,2025-06-26 15:58:17.091,pro_Gjau4ecipCzPmzC2ppqfSN,QXBwOjE=,f424ab1df3124a4f068308f7757747e86204e5287a2bf791cd88412ab01b07b5
UHJvZHVjdDo1MjMw,2025-06-26 15:58:14.665,pro_YWwqckS6ztYMLEd7eDfkeN,QXBwOjE=,fa8adbef3a8ce820d98fd9313866e153089d8cf47f266db1db10c2bea9fe737c
UHJvZHVjdDo1MjMx,2025-06-26 15:58:18.698,pro_4YtDwARb8GXzUtAcEb46Dt,QXBwOjE=,61d89ad3753e2ba128ef0c065c2b5bfb97f8ec2315dc6e91b2f24fb40e37e1d9
UHJvZHVjdDo1MjMy,2025-06-26 15:58:07.044,pro_6DEPoXhSWsPNvpKGJWF2sC,QXBwOjE=,6d1d19da89dd5fde6bdeaf34d27997e1aaefe7da5c427ceb3b111d2b7ab36d96
UHJvZHVjdDo1MjMz,2025-06-26 15:58:06.802,pro_6vRgQsdbbSY7LpQxXcEiEt,QXBwOjE=,34d1bca2d23bf37a14674cf2cf740d95129ee9335cd2f2d4175b6a1c025bcb0f
UHJvZHVjdDo1MjQ=,2025-12-22 01:01:10.230,pro_5Lgj9QjxmEQ2tuZfHmssXm,QXBwOjE=,d10973ddabb4b78fc9c0a78908b16f10ac4c0c82c32a5b5dbadbb2d0af9b639d
UHJvZHVjdDo1MjQ0,2025-06-26 15:58:14.530,pro_TLr6X7VFtCcWqcWKNuF6o,QXBwOjE=,a4265a1729a3630eb6918eba8718209d6364db01ea1c449af6b3bbda660451c4
UHJvZHVjdDo1MjQ1,2025-06-26 15:58:12.735,pro_2C1qUx9Y2yYNUJpDhUs4Hv,QXBwOjE=,9fc24416795225740eba6bf071850e9a25c1cc3e0c0c1c063e9dd77738fbee28
UHJvZHVjdDo1MjQ2,2025-06-26 15:58:13.399,pro_2UCK2RBJquHyqyRbnfo1f8,QXBwOjE=,7e12ce408112cc940a7beba48674e17e70eb6a7cc8a67e7fad60d7cbd88e5e57
UHJvZHVjdDo1MjQ3,2025-06-26 15:58:13.251,pro_7nzkjYdueB1nRnXhFrHM5F,QXBwOjE=,637d7d2916f2ff47cd2fad07feea9ca1907cf247f14f1e962a15409084c7add3
UHJvZHVjdDo1MjQ4,2025-06-26 15:58:12.592,pro_DdJ5wCaVQ7zxD8sAxMf5dr,QXBwOjE=,49423b66e7d6810e985432353e35fbfa4430cc4c0e15f3657e3f89396fa329da
UHJvZHVjdDo1MjQ5,2025-06-26 15:58:13.071,pro_NRhqmHa2xxgqSHXoYNA42C,QXBwOjE=,a1bfcdb336bf70cde094fa14abaee53aaa5b7588d898a2f52819f366c67206de
UHJvZHVjdDo1MjQw,2025-06-26 15:58:17.232,pro_MhEzZguQ9WZk7Qc9zXX48n,QXBwOjE=,11de4b61fba01210d412273d2f8473d31e734c258a5a27e3d223f62e5615b045
UHJvZHVjdDo1MjQx,2025-06-26 15:58:16.935,pro_QVckpbxvpmYMTdZ6MvaMrZ,QXBwOjE=,578e92c3698c9e5fa15ac8a087e435c8d63bdf60c4cfa02b6a08a521fcd9a562
UHJvZHVjdDo1MjQy,2025-06-26 15:58:19.628,pro_71JbNSi6WqhB3HsDw2DVkf,QXBwOjE=,ece0cf7c25df1e67913ce2c5d97c2ab5c5de2c69f0b51c0732f102330c66ab0a
UHJvZHVjdDo1MjQz,2025-06-26 15:46:02.389,pro_NjMh9Tik8opyytB1uL8HZq,QXBwOjE=,59fa3a8b002d04953cfc26fb12754d56109d2580c88c9a09e6a73b44d494094c
UHJvZHVjdDo1MjU=,2025-11-23 05:02:27.264,pro_NBGg5k5VLfCjGfbeYAmd95,QXBwOjE=,ff7c31a01c079c3295847dd23af0a90625325a3bff02e9047097a29a1f02b343
UHJvZHVjdDo1MjU0,2025-06-26 15:58:23.146,pro_9yo1RVwMN17dhAuV8Kg7Pd,QXBwOjE=,e626806d00d0c1deb6a8163a9c322e5e7751827e0695fc420b3559d86f6256d2
UHJvZHVjdDo1MjU1,2025-06-26 15:57:54.357,pro_5smwQoF2bW9ZApP456dPdi,QXBwOjE=,8dc21c90ae0561fd872fa7811f921e1ceef4eca14d0849f81aee11ba45d56096
UHJvZHVjdDo1MjU2,2025-06-26 15:57:54.204,pro_Dbt8pwZTj11dTSdJ2ytzLQ,QXBwOjE=,70620383fc3504efb49beacc620304d3dafc1ade31f62568bff55926d2a59c12
UHJvZHVjdDo1MjU3,2025-06-26 15:58:19.314,pro_QaiAtHmTy2GNkPAdJFgMGC,QXBwOjE=,84ca7a17c819876920526fc3a091f6593ef3ed6cc57bb905dfce624cdf71bd50
UHJvZHVjdDo1MjU4,2025-06-26 15:58:19.459,pro_Qd9L5cFv1NQFrPm7UZnAqX,QXBwOjE=,b8cb416d92bc4c20009e3a854db152cc6f389b019b2ee5e6a7343db5c57d8c66
UHJvZHVjdDo1MjU5,2025-06-26 15:57:58.177,pro_XpCM6jKNtdxa5a1vbpWhKe,QXBwOjE=,d0198a3b29a438931e4a234d21b37a37b2ee25a7bcfc2d68a9ecddbc06ef254a
UHJvZHVjdDo1MjUw,2025-06-26 15:58:22.585,pro_NXDoJbLCrY81vyjwd9WNSf,QXBwOjE=,dc5692e205009c5e51eb7c7d9c5c533b346db719d5d942eddbffb71a6def1ceb
UHJvZHVjdDo1MjUx,2025-06-26 15:58:13.698,pro_PkpxFYn9gB9aFn51TxoS41,QXBwOjE=,36b36087aaced26b3fa7f89bdbdff0851622713204a62e7a03d13feb552f918a
UHJvZHVjdDo1MjUy,2025-06-26 15:58:12.903,pro_UpQasRpZRUYP5ftxtopQv6,QXBwOjE=,59ce65abd4cf999e9b572a70850266813af44bb43001d8ae09c0c2df311ba88d
UHJvZHVjdDo1MjUz,2025-06-26 15:57:48.614,pro_WSAhQvRcZvy2J4kExhUVdH,QXBwOjE=,ff256f7b3d4765a128c9f64a13c581a5cb54184ca49796c0ea7b09f04c85f36d
UHJvZHVjdDo1MjY=,2025-12-22 01:01:10.863,pro_SK1hP94NdC1V8oMkcsTfDY,QXBwOjE=,262a5a4ac811f906103896db46b5fa540f617f26b2df3b56a17ab580d51cba5b
UHJvZHVjdDo1MjY0,2025-06-26 15:57:59.148,pro_2rzWWchqngXybxkb2BvWnL,QXBwOjE=,586b5b72c2f915ac3a68e3cbe41bad2e51fb746d3bb14b6dd75325dbdcd84e59
UHJvZHVjdDo1MjY1,2025-06-26 15:57:58.995,pro_UMsp29m55v6MbBTadM5ozw,QXBwOjE=,66dd3b825dffd3fd43c259eccf15f0ff68ca93bb4aed8cd2dd66f620263763cd
UHJvZHVjdDo1MjY2,2025-06-26 15:57:59.300,pro_USroKRFumBBYd4orygAbXv,QXBwOjE=,269c6bbf223fdf73a46066d90925a90a67f01f7548d2a9805d5cd52348466745
UHJvZHVjdDo1MjY3,2025-06-26 15:58:12.415,pro_22jtKPCKYpXrREZKki1tRN,QXBwOjE=,6ebb3aad699b48cbd9efc44d70237d725a9c8d2ff7cc6ac96fcdd085f2a5eb7b
UHJvZHVjdDo1MjY4,2025-06-26 15:58:06.556,pro_3CJ43FbmZQvXnpu7gyEsyj,QXBwOjE=,911384a6076628662da1ee78e2558341d85d6abfd1443943267fe6aab0500dad
UHJvZHVjdDo1MjY5,2025-06-26 15:58:12.240,pro_4x9oeVkS2gGknsqmXB8dzz,QXBwOjE=,cfa105bd44d362296e46b6d9544aafc37323812e9e8e4e76c44baaf95f9df8e4
UHJvZHVjdDo1MjYw,2025-06-26 15:58:01.783,pro_6JTgEDBUf3zqPU6kSu4psz,QXBwOjE=,0f65ed6a50b4e59fcd4ac5a6c064bb521e579d74688b6679ff93aaacece2401f
UHJvZHVjdDo1MjYx,2025-06-26 15:57:49.549,pro_FCdbtPRSBj3htG5a9iA73g,QXBwOjE=,a9a33cb55ffe53691a37527b07c3428c785078a3b2dbe9f41d56b04528d0755a
UHJvZHVjdDo1MjYy,2025-06-26 15:58:22.816,pro_EYv5UdJ5PMj937po84rHBM,QXBwOjE=,ec705d92ac75cefa2cb384b92b11b3a2ee1e8001940c029093bda6b6215cb2f1
UHJvZHVjdDo1MjYz,2025-06-26 15:58:12.088,pro_JaP3poAZWKWu6jCiaofQZz,QXBwOjE=,ea4bf0c3540d2c99b0da41fb9d21cf0c65a08d7cf74cf870f4b565337a0cedce
UHJvZHVjdDo1MQ==,2025-12-22 01:01:11.670,pro_QfNhAZFKh1FjAdriVnWU96,QXBwOjE=,75091812e7a6f3ba3af784f7a272d8e19ca4c222d1c7fa190dcf272a470e626c
UHJvZHVjdDo1MTA=,2025-12-22 01:01:12.541,pro_NsC3gJY987ShhXLr5j1XK5,QXBwOjE=,1ff5d7d6c3cf273751e468b15398a7514c7c965eb506fa96026a6b306da9a82e
UHJvZHVjdDo1MTA0,2025-06-24 15:34:47.371,pro_P9e3yw9wDMD2FWydFbujU1,QXBwOjE=,a318b59c2e5ae3f5ad463437325c13a5aff0a98ee481acba180b5e00b7b4b2a1
UHJvZHVjdDo1MTA1,2025-06-24 15:55:06.733,pro_71GjsVPWuyE2WNQD51pNxk,QXBwOjE=,1ceda5d3c1b432fc0fdf63b16367b05153949c8d997e5d66e17918d92608ed1c
UHJvZHVjdDo1MTA2,2025-06-24 15:55:04.984,pro_9wfCWpGYp2MNGgr2C8JfN2,QXBwOjE=,0be104ba847ee1713980f38ac4cf565353ee46ec6ebdb5b1a82fd17d73aaa3d2
UHJvZHVjdDo1MTA4,2025-06-24 15:55:06.125,pro_HpqWLaPPaXUXZcz9qTNndC,QXBwOjE=,820789a717ec32718b9e4eb38dbaf9c10f40eb771d519d7c8b72bb4f6aeb92d3
UHJvZHVjdDo1MTA5,2025-06-24 15:55:06.576,pro_Nhtdpwpip9xMkzUdKWUQ7p,QXBwOjE=,c1a391d58291ab616fa6afd9434ab6056c8ef51eea26426d35e58e198593a849
UHJvZHVjdDo1MTAw,2025-06-24 15:55:11.053,pro_CjGXSFHSDUS1v3fhoZ8weW,QXBwOjE=,3831b5db1720ed43f08556ff4b7ce5c5c07b3874724a472f9f0434cf74619717
UHJvZHVjdDo1MTAx,2025-06-24 15:55:03.705,pro_HAidqKFBdvgg4A1KcjUGnF,QXBwOjE=,73e51ef153bd763b7445c7210e23954fed88c3246b228e362267b848f013b047
UHJvZHVjdDo1MTAy,2025-06-24 16:04:22.815,pro_VBG4QXwghUfxmEDWEyA8LT,QXBwOjE=,76dd37d79a1bb1eb2c8357d8fac02572e6e55f213eb1cf692089ebcfeb71f613
UHJvZHVjdDo1MTAz,2025-06-24 15:55:04.288,pro_U3LDGS3MbjbrmdLiPg15eT,QXBwOjE=,9452a83946808d1fd847dd72ed1e854a05d044e577eaa5e8e9d63485c1b5c107
UHJvZHVjdDo1MTc=,2025-12-22 01:01:13.466,pro_RNiXt32vBnqqEBmeUXr81g,QXBwOjE=,434ad8d72c1eacb71c42961f9ce66e5a7ac1852dbb1a0a733bef3ebb0b5f09d3
UHJvZHVjdDo1MTc0,2025-06-26 15:58:08.840,pro_BKWnfTkfze1u18we8kBknV,QXBwOjE=,d532f61d0827288129a80c3d92b1f7cbcbb83be28f209d027d95e8d807e6b9f8
UHJvZHVjdDo1MTc1,2025-06-26 15:57:54.523,pro_FzSv8aGXA26dEQbstiPhAs,QXBwOjE=,2eeadb945ad05d8aa9a80f659873ba5f9d67a1b3439c59c9b11d54219e64e782
UHJvZHVjdDo1MTc2,2025-06-26 15:57:53.145,pro_GvYHALPhJeAQ8xBWZusUhj,QXBwOjE=,7e7e55c668324970f412209f7f0ba42e2712ee51b9900537577a68fa44bdc093
UHJvZHVjdDo1MTc3,2025-06-26 15:58:12.466,pro_HGb2Cf6jxG8ZAgx1TK6BoS,QXBwOjE=,b0abc63aa061e7b5901d144fdc4e600686dfc47a30ace837aa74cf764a02b49e
UHJvZHVjdDo1MTc4,2025-06-26 15:57:53.290,pro_K6BvxjGNBKJNWEwxuQN3y6,QXBwOjE=,c731fb5eeab1d808e16ea027425c147a7b0df1be9b9dbc4507c5925170abe3ba
UHJvZHVjdDo1MTc5,2025-06-26 15:58:09.611,pro_MSfDcajV88aWR5GunMQhzh,QXBwOjE=,7adf99f6c83d68492124f8bfa1ee640249137a22970bf758822a45f778f7f15e
UHJvZHVjdDo1MTcw,2025-06-26 15:58:10.410,pro_AMHpTw6RskXosH5ENm4m2C,QXBwOjE=,e101ee8bc6886affad0e5283c49e512d48a343c3588ef354914b2d0d737efd17
UHJvZHVjdDo1MTcx,2025-06-26 15:58:09.777,pro_8qi14ZMAbgYEQ5t7aZPZ1i,QXBwOjE=,0966843deb1c7f268a0c2193c8233468ce3960a74d9e228d0b0803ac20a82e5b
UHJvZHVjdDo1MTcy,2025-06-26 15:58:08.563,pro_A3Je6QnvEerXBLr8N1b1ue,QXBwOjE=,bddb17dd9c963044b68a6a6e9e66997ccd68c5b285e38afb25691052928c7345
UHJvZHVjdDo1MTcz,2025-06-26 15:58:08.266,pro_B8ZQtRCBe3ii5FkaieFeRD,QXBwOjE=,4fe6ad8852761503a8dd388af572e8d7960eb018ddd0932bc6f009ed5c65b0de
UHJvZHVjdDo1MTE=,2025-12-22 01:01:14.163,pro_MNYfWy2hQq3q1PnoNZMa1g,QXBwOjE=,7938c73f561bf6635014a6e1facfd2d7c4a2dd2f42c27b85249ece110861a329
UHJvZHVjdDo1MTE0,2025-06-24 16:04:38.346,pro_GpYjDZfyGNkMgcNVucVdNJ,QXBwOjE=,4c650f5e736c486db719e1d0ce3fbee77ae78e888e2751cdf09e342a1fae16e8
UHJvZHVjdDo1MTE1,2025-06-24 16:04:33.990,pro_J1eUbrDqAmHRm4hdS6e5wf,QXBwOjE=,3b6fb89376981b1427673d559f93ab2aa575790265e87c2af6fd2793ba2071fa
UHJvZHVjdDo1MTE2,2025-06-24 16:04:22.163,pro_UfZHnkAP8jTym8fmYgd6pg,QXBwOjE=,06653aadf02348d5caab94653c341a7ee86130ba1792fdc23fbbd78986dc99a0
UHJvZHVjdDo1MTE3,2025-06-24 15:55:05.242,pro_V3b6TtN1j3jsCwp27oyGdx,QXBwOjE=,1a70eb367125406d82001472e0091cc25ccf9811190c106b8a81cd7061858510
UHJvZHVjdDo1MTE4,2025-06-24 16:04:33.370,pro_XP5VSjpvtUMCusDhybBb8C,QXBwOjE=,81b6bdcb238de847ec351d45dbae36e3ba614e161aeca60cf3a7c5343b4e5744
UHJvZHVjdDo1MTE5,2025-06-24 16:04:28.670,pro_YAmDWZkrcs5ZdJhBoeUoCC,QXBwOjE=,c007ef6d8ccdb6abd6b5262b42b7374bb060b20aa8df4fed94ea2b5aaea97fb4
UHJvZHVjdDo1MTEw,2025-06-24 16:04:51.781,pro_opikSGSnRMZekXNoKuy2o,QXBwOjE=,5ac3fd333ac344e914130ae6731f69ab18ad086f2029817b506828daa4115b6d
UHJvZHVjdDo1MTEx,2025-06-24 15:55:02.380,pro_VfKYUdpzfst5eSFt6AysZ3,QXBwOjE=,53b758a7cd55184e5ed064a41698e2c676ada4c22fe1ed7ccdd6cf9c2f1af53a
UHJvZHVjdDo1MTEy,2025-06-24 16:05:14.449,pro_6CpZU9agNTvdFEqLwiyJza,QXBwOjE=,11dd20ad0b3906828c1076424cb1f927c1cab749e57283c0121bdba18ec58aae
UHJvZHVjdDo1MTEz,2025-06-24 15:55:09.184,pro_EbVUensC71YdsX9PcFuEdK,QXBwOjE=,02e442cf854bf1b6c5ab640330b51ddf6580666edb401eecfafbc34f0e82ee53
UHJvZHVjdDo1MTg=,2023-10-20 15:37:20.206,pro_QGDyrfYMnCLamDCjfkJpN7,QXBwOjE=,
UHJvZHVjdDo1MTg0,2025-06-26 15:58:11.207,pro_54sJceqQg6EGkqKZxJPcN9,QXBwOjE=,3478b24971e85aad103a22f137f5051694680b8e49b20b73f6106ec958d89f80
UHJvZHVjdDo1MTg1,2025-06-26 15:58:22.862,pro_6QA4dqZazSHWkGNJWsk4rP,QXBwOjE=,a1188d5edb4363142e4e6ad06d9949085f8984de50f15732516afcdbc5db1de8
UHJvZHVjdDo1MTg2,2025-06-26 15:58:11.599,pro_GUw9gtYeqJqnj6ygUgQJWi,QXBwOjE=,c98fe2d70c780df0d11515bac69b2eacf62e115b2652893eace8d8098ccc2705
UHJvZHVjdDo1MTg3,2025-06-26 15:58:07.814,pro_GxUtb6v5Tws3FXs37m1wMr,QXBwOjE=,52eb0cd3e2390d3454190cd789e56af13c1e04c93d6fe06a7df8fe1dabb335db
UHJvZHVjdDo1MTg4,2025-06-26 15:58:21.194,pro_L8h5HoMYBvNiT5rrZ8FQ1j,QXBwOjE=,1f47816af52a3791a50c9a41e391e182bcbc176ed3e7b4ef861c5d7ff3bb3c38
UHJvZHVjdDo1MTg5,2025-06-26 15:57:53.443,pro_DbiFZrFg1Fo3YNvpSXik5,QXBwOjE=,259a3419ab1f1bc7fa50bd46c10891b6c9c82608f00c5a27be376ee596f7b4fc
UHJvZHVjdDo1MTgw,2025-06-26 15:58:12.142,pro_Q5KkhZXyq3VbRQvfppH7ye,QXBwOjE=,486fe4132def0c1ea85193be9ee9597bf17ee682d8f1f6a241bff5dd2e1f1a18
UHJvZHVjdDo1MTgx,2025-06-26 15:58:09.430,pro_RTULTuTpe4Nspgm6859yZP,QXBwOjE=,c25dffb1a7896e383bcfbd67f6aa25f2f4c3ac473c2ba4c6a78050075655cbc2
UHJvZHVjdDo1MTgy,2025-06-26 15:58:09.267,pro_SdZMcv4TL2MxpaXUyFfHAa,QXBwOjE=,db67f29ae2ea1ecade7e8c385a01d1ac1d4d75700e22f15a998e2ad7215563a3
UHJvZHVjdDo1MTgz,2025-06-26 15:58:11.358,pro_2Tq5dNBc3decLTouVMMUeC,QXBwOjE=,37ba8d976df493a7e06aec79b235c663f1e29d3100ce632aad048a6202a2bbb3
UHJvZHVjdDo1MTI=,2025-12-22 07:20:10.826,pro_689QZLR7Sbr85TXB4boaDt,QXBwOjE=,ea24ffb157a16555be88206bb44be77bbf5a7dc016f0cad933966c1b7a95e581
UHJvZHVjdDo1MTI0,2025-06-24 17:25:15.162,pro_XHFzLbF4AQeYwY9mQNyF5x,QXBwOjE=,054467b2a94044a249aec760507d4efe6b7efd0c075cea4e3c72febf78ae6fae
UHJvZHVjdDo1MTI1,2025-06-26 15:35:12.560,pro_5jzc83jgJ2Hp45SRe5Bft2,QXBwOjE=,a2a4605fefceccf63cc61e02de4a8a6af90868849c6a7f510372ccd6136a3821
UHJvZHVjdDo1MTI2,2025-06-26 15:35:17.060,pro_WdXfnBUEuitSPiCAKfQCHV,QXBwOjE=,5a2ec1963b6d3125699ea9c1a90c8632c0eb5c6369e7f489140f5c8c43ab5295
UHJvZHVjdDo1MTI3,2025-06-26 15:35:07.885,pro_M4KKmxCDuMudDRsXijXrtw,QXBwOjE=,48144585fb18f3d43d2d3e8dd8005ec6b8b612d6755bf381bd75d6faf4dee2ef
UHJvZHVjdDo1MTI4,2025-06-26 15:57:58.470,pro_ArBGufGy6umtUAdGHtYQhy,QXBwOjE=,eef62f6a57ebe0d36263636119f937e14f64312794fe5cf44cefaa07fb0b449f
UHJvZHVjdDo1MTI5,2025-06-26 15:58:10.583,pro_nwGKWZibAqtTKMoRT5cFR,QXBwOjE=,0de4b9252a429caddff7428ca434eae3a91e644aa88f4193b10d1c4e30a3aecc
UHJvZHVjdDo1MTIw,2025-06-24 15:55:14.405,pro_45MKyYNVJ5K7JRtR2X9Ydk,QXBwOjE=,8e0b16159e0c5b948399886bf7bbc7040a66d86f1644cf99fab049b2efe477a3
UHJvZHVjdDo1MTIx,2025-06-24 15:55:13.983,pro_Eczs5ymuw9738JrGSrdfYf,QXBwOjE=,efd47feaf37070a884f4a1657b9387317e791dffa3e064c617fd52c8b2f8fbe1
UHJvZHVjdDo1MTIy,2025-06-24 15:55:14.126,pro_KSiaUKG99XB5SXvjab3L7t,QXBwOjE=,52f6c60d945997c414b82bdd07d5560098e4919f63c34c8d28160f88310661d1
UHJvZHVjdDo1MTIz,2025-06-24 16:05:02.108,pro_VHLUdZrvLq2ALHPPS5FqHU,QXBwOjE=,9d1a71e4a0610e4e80aa5dac6aa4a5b19ff8385c364f47fd18f346ee711dd03b
UHJvZHVjdDo1MTk=,2025-12-22 01:01:15.646,pro_NYiptGAmrwBxg3YuZsMUYw,QXBwOjE=,a0cf4552903356f824b110f1301f57e899068524187ab337bfb3ee448a61119d
UHJvZHVjdDo1MTk0,2025-06-26 15:58:15.833,pro_4BsemAHyCrXJkHMfxPg6tA,QXBwOjE=,d75f6b407e687c2f4d195d272f4ece059b8283848d6dcac2f95471c36d09e2bc
UHJvZHVjdDo1MTk1,2025-06-26 15:58:15.637,pro_5ubWDRKdS1LGWabmTSMuVv,QXBwOjE=,ee4ec49168617b7b2ff9b3d4bd54ba19fa25a136c6453ebac4108427bbb2b538
UHJvZHVjdDo1MTk2,2025-06-26 15:58:03.501,pro_5XWBTagQXegrx6NR7d1B27,QXBwOjE=,215ac4fe36d68a49517a23f22d0cbd782b29a2157e9afe09da683d04a7459611
UHJvZHVjdDo1MTk3,2025-06-26 15:58:16.474,pro_6xed5dcaUQAYRU53Ybuxz6,QXBwOjE=,87f491b1c2e014ac2c031717cf8dd57592c5743cec21cf7d882d3205e6635821
UHJvZHVjdDo1MTk4,2025-06-26 15:58:00.359,pro_8cEUAvDGAjQH3rzvu3ZmtE,QXBwOjE=,3cc2af48c788cd4eb360ea472e6507dae31d09e6a00c67af737e10f0e208007a
UHJvZHVjdDo1MTk5,2025-06-26 15:57:50.938,pro_AbqFfCjrmyAQ9LFwoatisu,QXBwOjE=,ab9c12e4d9aad6300bbe95116a47a7bd0736e747212313b7d9de86d4643cf141
UHJvZHVjdDo1MTkw,2025-06-26 15:58:23.344,pro_5vBzMTatUQNjvheGvNMnaH,QXBwOjE=,3b14f1ae6cd2895bd2aaf0ac31289846220d9d5f84b778e41f7d71196d2c234e
UHJvZHVjdDo1MTkx,2025-06-26 15:46:01.600,pro_PnEhU6CftRQsU8gc5B6FdP,QXBwOjE=,8db97eed38f3297589a57054991ce1d07882f3fa8ddcff13dc4b22bfb1ff8642
UHJvZHVjdDo1MTky,2025-06-26 15:46:01.267,pro_WCqFX2X8eCWFVuE3L8mgNv,QXBwOjE=,2b65c05184c49c60f3ae23e3592a4a9e9f9a3b060a3ec59bb209beb893ff13f1
UHJvZHVjdDo1MTkz,2025-06-26 15:58:03.650,pro_2ZzdpYtUEkFbc9GWJiELvo,QXBwOjE=,2ef797957e0b371672ce85766b73f0fea2d6ccc5ffca0b007284de60e9a78c2c
UHJvZHVjdDo1MTM=,2025-11-30 05:03:13.475,pro_UoavKmAnQoumykLmmkSgrr,QXBwOjE=,f943f8c8c8b519bc3ee260fd4dd4edcf1137367155e0a9077974a3144c2e00c6
UHJvZHVjdDo1MTM0,2025-06-26 15:58:02.419,pro_WMHtYDD24f4egu5rhhmPDp,QXBwOjE=,8ce66af863633b3a49059342acedc844a0dc1cf276cef3f03e7caf7eb9f2de68
UHJvZHVjdDo1MTM1,2025-06-26 15:46:00.597,pro_3sAKoEgRFQnjGCiFi8cx6e,QXBwOjE=,c3e2981a84389a3d6b60566648b93f9f8b1a37eebeb7b0f5b229b3e702cd942b
UHJvZHVjdDo1MTM2,2025-06-26 15:58:20.195,pro_Qj7TCmQLP83pwhf7UGf3B2,QXBwOjE=,b0df077032f12a37c55aa20cce5521a7bf6bd68eee43279ecfc7ea2b803d1d24
UHJvZHVjdDo1MTM3,2025-06-26 15:58:03.800,pro_U4L9AYA1bxMUhLXMnA3774,QXBwOjE=,185d19d88ddaf3701cf9dffe4b0a7f1eb40ee66a7bb4172eced4727b1ab1a84c
UHJvZHVjdDo1MTM4,2025-06-26 15:58:03.943,pro_UAaEsQqzXNw6G9etB7KaiE,QXBwOjE=,6b414db805e49b4837d13842b7a24349c6a9b822bfc0b74d0e178ccd50433bcd
UHJvZHVjdDo1MTM5,2025-06-26 15:58:20.361,pro_VGWjXcxVR4hga5CbhwS5vt,QXBwOjE=,11512ea55b48fe02ceb71aae725e48b055f6830ee85ed02618ecb99146994c6c
UHJvZHVjdDo1MTMw,2025-06-26 15:57:59.895,pro_ViA73UYac9E2m4WV4YEGqr,QXBwOjE=,a8e7fa86b34b4e2c6566d1cbc54e7cd38afbcb642d19f4a7ebcb9a7e2346266f
UHJvZHVjdDo1MTMx,2025-06-26 15:58:13.852,pro_4yAfTg1HhSD2EZgF5JTjiH,QXBwOjE=,3d791c71b313464d5e2c91a9874ddbdd911fd1d5576ce14ce557b79b21e53c9a
UHJvZHVjdDo1MTMy,2025-06-26 15:58:02.560,pro_HYtgzjNYRXCQkrtfZdpAWK,QXBwOjE=,1ee5f75d147d4ec3cfaf7cbadaeed0734a2902e00486c912c6ce8da551864aa5
UHJvZHVjdDo1MTMz,2025-06-26 15:57:45.490,pro_W5P5rfRparsqytAzYi5Eci,QXBwOjE=,38fb5c4a2a97d54626a4db73ab120246a11bde1fcba04f1c82e21de201104ab0
UHJvZHVjdDo1MTQ=,2025-11-23 05:01:02.905,pro_B2RZkwD73G23xWonB8GCeS,QXBwOjE=,482bd2b11112f1a47621e46565b6cc2b418142d61465ed4985c8453690f0a400
UHJvZHVjdDo1MTQ0,2025-06-26 15:58:01.615,pro_34AzdPBVgt7j4zTePrAqRu,QXBwOjE=,55dd882bb361462e223a1c0d50c1cce6183e9df69382e5b591a7628ada958098
UHJvZHVjdDo1MTQ1,2025-06-26 15:57:49.103,pro_6i2eFQFVV92RkNutvCg35J,QXBwOjE=,ac37fa7e7fae26791aa9171c92e994f9c782b786526e5c3fdb425bc80e53aa1a
UHJvZHVjdDo1MTQ2,2025-06-26 15:57:49.400,pro_6xzbq33mF6BM6Kjm1bJJk9,QXBwOjE=,3cc82df02badee96fa2c5bb9a8ac16df1353b6d72576eb6d87d8b9edab2dcdf5
UHJvZHVjdDo1MTQ3,2025-06-26 15:58:01.457,pro_R6eqzUprUvsStsnDcCDmuY,QXBwOjE=,fadccb0c9a3383c15c64791118db385f0eb68a6635bea529fbdcf840a2ebd152
UHJvZHVjdDo1MTQ4,2025-06-26 15:57:46.896,pro_VzG87YXe2tAvvBzawZPdot,QXBwOjE=,d828cf0dbd2a9625a96bb2600e64c84a4b504eadb47e6a66636d8ecbd609dc15
UHJvZHVjdDo1MTQ5,2025-06-26 15:58:09.925,pro_3F4SLdoxpKKfD3zMRiCjX6,QXBwOjE=,7fbd78eb6c25734c67fbb5b66f85882f3a5808887e9d05b58ac908c46e7aab22
UHJvZHVjdDo1MTQw,2025-06-26 15:57:56.668,pro_BKBk8b9ZCpXNcwEZnKe5Z,QXBwOjE=,1c6792769166467a26967043881f4812b2f9e2abf700ef08ac5a1ae090757916
UHJvZHVjdDo1MTQx,2025-06-26 15:57:46.655,pro_G7kvpE6ickUcPnNuaTb9e5,QXBwOjE=,afbb3de3a951104f268ca08a96fbe54785bc66f3c0bfbd9c09bb389cb807a4e0
UHJvZHVjdDo1MTQy,2025-06-26 15:57:46.511,pro_GaCrdvXo2khvKe3467967t,QXBwOjE=,81ca22a78f0c450c47369f4209e26b7a18f6716e6742145ae2d848155262ccea
UHJvZHVjdDo1MTQz,2025-06-26 15:58:24.182,pro_NbwTCwLobFKYBgJQVbMAor,QXBwOjE=,954d2c9c7b9c2aae73679e1826b9d7c3ae3f3d954877feefa9b3d05777cb28e7
UHJvZHVjdDo1MTU=,2025-11-23 05:01:30.524,pro_TvJoEHoa8DuiwN6xXrgPch,QXBwOjE=,1c03b0725acb5adc9989dac179f3eb40da729ea77b9fa604b2e106eb22a74a77
UHJvZHVjdDo1MTU0,2025-06-26 15:57:47.183,pro_B14nkB5f1Q5wqfufacLCoA,QXBwOjE=,80bbee454e56ccd00efa8f47283b82c018389020f773f985f203031b9cfdbb70
UHJvZHVjdDo1MTU1,2025-06-26 15:57:47.836,pro_N8QJnHPBScK7iuehwf4m1P,QXBwOjE=,f497bc556ba72637255ef5ef165813f2e9e0b3d8cd797e17a494ba919b1c382b
UHJvZHVjdDo1MTU2,2025-06-26 15:57:48.126,pro_NH35eEZgGCwQ4uUKXkb6bK,QXBwOjE=,21f8bc5aa6e3ba11f917637f859de23bce83600b7868e09c0adb7147d2f54828
UHJvZHVjdDo1MTU3,2025-06-26 15:57:52.739,pro_Ns2N9hLm3yt558mqrsqj2i,QXBwOjE=,8e009ae202e7d0b8b561b218c47bed274adfc3ed2bd7709dbb0dc3a021f62870
UHJvZHVjdDo1MTU4,2025-06-26 15:57:47.975,pro_RuTCsieZkAYUBpEvVcTVB8,QXBwOjE=,7a81d52705a161fc54cc1b9d948967a451f371e5a57f87525a6f81fcd9e3cfdf
UHJvZHVjdDo1MTU5,2025-06-26 15:58:14.835,pro_9xJeJQzujh8vBdiMGu4Vir,QXBwOjE=,59d28aadf920e9c3c378f74186a0426cd2635249ba0abd7e4d5a8a3be1d0f5e3
UHJvZHVjdDo1MTUw,2025-06-26 15:58:10.097,pro_MYQt2QRey1dr1GQBAyWipn,QXBwOjE=,3cc2691142a05eb59aeb78381f3fd453f705063fb8bf6e254c77620eb86499a9
UHJvZHVjdDo1MTUx,2025-06-26 15:57:47.331,pro_4vKwUGBfKPD3V57C6FRviA,QXBwOjE=,2f0d621f77e86346051f34aad775e798a707f3c6c4200b2f7444a8a3bb73e7ad
UHJvZHVjdDo1MTUy,2025-06-26 15:57:47.686,pro_AjLbqLqSmeqSQfx8XtwMTE,QXBwOjE=,10eb68273746815138f3a7beace47a23f1798e86af98246d5f584c8382d09063
UHJvZHVjdDo1MTUz,2025-06-26 15:57:47.487,pro_AXkPM3GzFYN3RMV7xcmaGG,QXBwOjE=,a8d60e95b9a0ace245a14b21c47e37d22ba1fe47f0b64d34f3dcbbb030eecd6d
UHJvZHVjdDo1MTY=,2025-12-22 01:01:16.402,pro_A9nhNmWisz8veCPdStRSHS,QXBwOjE=,c1a331ee58da391dc4af5b2aae9d98d7c100eee7a29e36ffb32e3216076a338f
UHJvZHVjdDo1MTY0,2025-06-26 15:58:19.973,pro_DkJ8zHJLMMpU8Tc4UAqbYG,QXBwOjE=,53fa4fe9aa7e0018277e16299fb2068f54839dbd4473bf175968fdab45ca4c87
UHJvZHVjdDo1MTY1,2025-06-26 15:58:22.088,pro_EQzbLFQH5pEnQ5ZEpMoHxY,QXBwOjE=,c4d7355bda88b77a7915574b477b4d5a6cb2e5a06c513bf4a4f6b4393aed39a4
UHJvZHVjdDo1MTY2,2025-06-26 15:46:01.824,pro_GWCj3HGb3RTfuYipcEVy7c,QXBwOjE=,953f64000906e8fc10d1f6ad15fa623cc1ee3134ba005cc32bd063d32ef9d9b8
UHJvZHVjdDo1MTY3,2025-06-26 15:46:00.895,pro_VAkMoEYU9TC4Hvyu4AvXVR,QXBwOjE=,4a9ce2ae89cd2e2104df183e7f824d10556d253a88dcbd19562e831fa9619fac
UHJvZHVjdDo1MTY4,2025-06-26 15:58:10.910,pro_CogmSx924DiJdnt1T5hbCA,QXBwOjE=,c2fb84242c5bb682f9884868fe655eefdd5050f08e9b011da0f32893256b54d6
UHJvZHVjdDo1MTY5,2025-06-26 15:58:10.732,pro_9srTJdYK8yfjb1djYfdV92,QXBwOjE=,0c4c298204200f654d126f6071653273678bdd0d3cc2b6b8317d3929d07aabe2
UHJvZHVjdDo1MTYw,2025-06-26 15:58:22.489,pro_M1rZcL6898XLWzgq7NKVg5,QXBwOjE=,b9a74b162a69705dfe6ee3bb410b9f8ab763e6bb2d22bc650d9da3da774fc886
UHJvZHVjdDo1MTYx,2025-06-26 15:58:22.959,pro_XPLtSYezZXFjyvyENqkFvi,QXBwOjE=,2e78d56ca1745e0a4487133a18ec2c1109d1084ed2b02e9d33e41bc2f98131a1
UHJvZHVjdDo1MTYy,2025-06-26 15:58:06.886,pro_7FgPtHoYBhqXPQYwad1tgK,QXBwOjE=,55aaf0ac8455db4c7e552df0c217daec5a5854e6434b09e278bcf8041b7ca2e3
UHJvZHVjdDo1MTYz,2025-06-26 15:46:01.970,pro_BHWUkxLN8HhowBaNPorrxe,QXBwOjE=,e6b6202a869a3795155775430439cf9a7c8a975a52c87c467b8a31da7771f4c8
UHJvZHVjdDo1Mw==,2025-12-21 01:01:15.086,pro_G8pHfAKk1WEFRgRvHcKzja,QXBwOjE=,a43d74d59688a0ae9bc94dc2a0dbed79fb84c7b8acfbf33077edcbcbc94d5767
UHJvZHVjdDo1MzA=,2025-12-22 01:01:17.354,pro_Qe3LU34i2rN4eZtqMpsE1Z,QXBwOjE=,57cbb8b95217619df0e2ae840047f287b26e67f315134cacd28e54f91fc1d634
UHJvZHVjdDo1MzA0,2025-12-07 05:01:04.081,pro_2cGhE9D2A5Rhx9uMLYv5Zc,QXBwOjE=,3e88a392833c0c2b163c424589e6cf72bdcab1a7c96ae4cc1286722b07104d01
UHJvZHVjdDo1MzA1,2025-12-07 05:01:12.646,pro_2dpzbmFS1dSUqxFBBuRpAg,QXBwOjE=,4d19203f8e09b5d7602d22151938ec310f61d972bf9742b54abe21c9bdee479d
UHJvZHVjdDo1MzA2,2025-11-23 05:01:37.839,pro_2EMoJ7xt2FHtBDwVcwbXAi,QXBwOjE=,0ef0b3b440f81b1752edbfe3e4be42e40fc0c8905b7007917618d385cd9fcc8f
UHJvZHVjdDo1MzA3,2025-12-07 05:01:07.240,pro_2j4Fdepz8bE3g2L9eDj16g,QXBwOjE=,ce014a30572c1b3b5736e21adfd73f006307af565b479c620734100a794163d0
UHJvZHVjdDo1MzA4,2025-12-07 05:01:04.001,pro_3CMKWGGxgPmLzfVhy6uzqU,QXBwOjE=,abcb6ddf4b65c3a997d7a814255fbe522b1414941bf797c99e9ac5e9d7742dce
UHJvZHVjdDo1MzA5,2025-12-16 19:03:03.512,pro_3FXMDWzn1E6CmseC6sNfTa,QXBwOjE=,df2d48a4c5d3e33a93ca3f72d0c61adb0353dea7d48950fa2baaf156ac035fda
UHJvZHVjdDo1MzAw,2025-06-26 15:57:56.582,pro_D3Xfcpvnn7wvirNL4JhS4H,QXBwOjE=,c8b356244a6fd611bb311748c610d1b626be48f5699bec3442fe95d581e6d5be
UHJvZHVjdDo1MzAx,2025-06-26 15:57:46.221,pro_PE4H5vSRLCDkCJWXcQHajj,QXBwOjE=,447cda5863d69b15e5a52846ebb8f8c260dcb5742da6fc2df6c510440bdc39e5
UHJvZHVjdDo1MzAy,2025-06-26 15:57:46.084,pro_YNVMADitNSZZ9E2mduY2RZ,QXBwOjE=,6fb94a4356dc709267d1a932c76d4c27fac1e80f7e5016d803893d4b2d17a6e6
UHJvZHVjdDo1MzAz,2025-06-26 15:57:55.397,pro_YRbQmJotJHA4nGMpwVzH4J,QXBwOjE=,e8a56e00c0d97f224535405fc1ab5e7f5cddaa2122c9a9441169f8e26b53cb50
UHJvZHVjdDo1Mzc=,2025-12-22 01:01:18.015,pro_WEfr1YNAmfBtDzNDey3mC3,QXBwOjE=,eed6bf6fae943f5974c1eaed0f4fa46c3a59f6dd7bc0036e63537287b0eca1d7
UHJvZHVjdDo1Mzc0,2025-11-23 05:02:59.976,pro_TXGE3vsBDx5ZSyKeB6Tt1R,QXBwOjE=,fae77a8db2756db563316c40b5737a7e79add182daa7e6ab60f144ad34d8c8f5
UHJvZHVjdDo1Mzc1,2025-11-23 05:01:45.366,pro_U3k4YYjKftyAxV4Kj84kCz,QXBwOjE=,7aa87f3d46a6193956a43b59e75ae46b370508e0ddb0ab89ed9883e6ebd08d17
UHJvZHVjdDo1Mzc2,2025-11-23 05:01:45.173,pro_U4inLtG8vD3LS4S53Xq1eq,QXBwOjE=,48fabe5522fbc86692acf534b72f38665ef75c64a67aca71013cfaaea83fd63a
UHJvZHVjdDo1Mzc3,2025-12-07 05:01:16.347,pro_UYND22vEEJrf1N2EM747kT,QXBwOjE=,69c251ee19fcacfe367aa9293a68939ed541d6f4573b8e3da34e72f077cf030b
UHJvZHVjdDo1Mzc4,2025-11-23 05:02:56.538,pro_UYr4kJci8Ggci4cdVvA3WK,QXBwOjE=,210f09ddcd5067fc731cdfa8a148602715944929279cdaa9f4764461dd98887e
UHJvZHVjdDo1Mzc5,2025-11-23 05:03:07.096,pro_UzvWqjYRdNBt7SWfnk65fD,QXBwOjE=,75063c682101a225273eda9bf4a502b4771ae64e01b8b3e94fe2425ed495b511
UHJvZHVjdDo1Mzcw,2025-11-23 05:02:34.862,pro_TaikreZqCQSnVeNxG2GtoV,QXBwOjE=,c901c34d148f4e35526477c9377aac068915365b93b89c8ad8cd45fb0b937648
UHJvZHVjdDo1Mzcx,2025-11-23 05:02:24.404,pro_TBDj3HYjwU5eNtkDsv9Nep,QXBwOjE=,9607ca299182178fe5cfe4769b53083864990df0c812111aa25b50efccbd6b11
UHJvZHVjdDo1Mzcy,2025-12-07 05:01:01.462,pro_TFMba6uTSAcnT3gUEGLTBn,QXBwOjE=,79ee7d3b64002d9b3c889edd619b132f53e10a5e9c1adda57ab24893020f668f
UHJvZHVjdDo1Mzcz,2025-12-16 19:04:47.859,pro_TPv8U3GEw3rmxKm7FLNJfv,QXBwOjE=,d4739a04b1d3a0f44aba91925eee8c99ac1c786482d287b79c1debffd0a6d9ad
UHJvZHVjdDo1MzE0,2025-12-07 05:00:57.763,pro_4mxeYR41BPfcAAVbv8oMSr,QXBwOjE=,45435ee99f74116f215e832e5ca0300caee2b4a6ef6eb6910fe59d8ec9c4b30e
UHJvZHVjdDo1MzE1,2025-06-26 15:58:17.444,pro_4VdaaXqKX27tVjwuWQN9ue,QXBwOjE=,b06eb153f29d1be04d6d73b370235b7d49209f3569152c1bebe642f83e62f243
UHJvZHVjdDo1MzE2,2025-12-07 05:01:07.748,pro_51zvxFYau1KkSZ2wM9mGtW,QXBwOjE=,ebfc6fa6637abb0b152f4475c3b64daa26a5bd9ae630d3b5b749b7e46a497121
UHJvZHVjdDo1MzE3,2025-11-23 05:03:04.310,pro_5uZePqURyf4PtR2R2346By,QXBwOjE=,6f07bd44a03e361194340d692d33ce030856dcf36cdef1be4b6b3f9fe9ddc2bc
UHJvZHVjdDo1MzE4,2025-12-07 05:01:09.290,pro_6hvyBBpVddnnnk2izqjJz6,QXBwOjE=,495887713b4031d4568b74a867873084d5be5f9a6fdb402e2292ca2c63b79c2a
UHJvZHVjdDo1MzE5,2025-11-23 05:01:49.021,pro_6PE3J81rNC3xZbzWEvm5u6,QXBwOjE=,6d987a83db0f73b8682ffd52207bf9c31d42a639f8cbbe22b52f6ff2507b4bb9
UHJvZHVjdDo1MzEw,2025-11-23 05:01:48.847,pro_3Tj6NHAPKFG5wDLXLejfp6,QXBwOjE=,463137e1645563ad8b71c3fb479ef7b721305d3fb969be24df20f2dc62e548ea
UHJvZHVjdDo1MzEx,2025-11-23 05:02:36.411,pro_3Y4MEQrk9VdJgM2DAHoisq,QXBwOjE=,9ed69cf83bfc0705e70c12f28c97f9ccbde26a27612306cb7c84bbe24ee75dde
UHJvZHVjdDo1MzEy,2025-12-07 05:01:00.402,pro_4jsxNgApvhicwt4MN1UU7n,QXBwOjE=,1800c4ec32c546c162ff1c4d8fade188832d05af4e25b2c79995d6428264cdea
UHJvZHVjdDo1MzEz,2025-12-07 05:01:13.205,pro_4mSGVf8DfYmespSSYzAYQ4,QXBwOjE=,8bb4ec6f491d837e029bf5802454c2a71a14a0cc7230735f30267c1a72cc4e3f
UHJvZHVjdDo1Mzg=,2025-12-16 18:37:36.543,pro_JrZRf3qT3PvkviGs2NnYVJ,QXBwOjE=,71d689ae463b00f5eefdb27ab944a2093f2e1e0adb3eaedb8e5d79bf20dfac65
UHJvZHVjdDo1Mzg0,2025-11-23 05:01:37.192,pro_XAbYti8Apf6Dc4sxnaKFDs,QXBwOjE=,659b6e318f8034f48c0b660393e08c1c1511daec0ad87e61ad80b28a03337a4b
UHJvZHVjdDo1Mzg1,2025-11-23 05:01:47.812,pro_XcoTMruap7pTHVzy3Qz5Px,QXBwOjE=,3c5249a70be5d4e5de878867de64afe83c8b526fed9cbb4a6ce659361778c643
UHJvZHVjdDo1Mzg2,2025-06-26 15:58:04.550,pro_XoimkuxALHd9cwsmBQyQdX,QXBwOjE=,691698a39588818906cf3dc99edc2fb80a8988eadd892a83b9fd5d75b707b7ad
UHJvZHVjdDo1Mzg3,2025-11-23 05:02:51.649,pro_Y3LDFQ46q3RxwiggmDWvsx,QXBwOjE=,15b07e514ce533f463d66136879efbf8c835b96efd217f81588415fe36e899e9
UHJvZHVjdDo1Mzg4,2025-11-23 05:02:55.416,pro_zKBdCqAAZTBETMLiZgCn2,QXBwOjE=,036c4319ef73f72f19dae0bd9d3bd6df4b5d3a1b80c2dc7c26671ff1a577bc86
UHJvZHVjdDo1Mzg5,2025-06-26 15:58:04.240,pro_9wggCymSTTNi6FUV8GN4vr,QXBwOjE=,5cbbfec2fb26b7f0ab44b4496d6c36078101988860f4ad906a572a84c3d1f8f7
UHJvZHVjdDo1Mzgw,2025-11-23 05:02:48.334,pro_VDNq8eqHB5vbxLciFqvpSY,QXBwOjE=,83e54a7893765aca6d0f90c692c0f187981d1d0ba6965ededde801a78e0db829
UHJvZHVjdDo1Mzgx,2025-11-23 05:03:06.897,pro_VYrGjwLQepUDDBn4bJhAsf,QXBwOjE=,ece6ff054490387ec905d8347e82338f28139e4d149e97750ee90431759a8635
UHJvZHVjdDo1Mzgy,2025-11-23 05:01:48.981,pro_Wb1CxZDNzAKrAuJU9a9gqW,QXBwOjE=,eea84247a36987c5ed456b3d1ecadea51d11cbcc9afd9c12e143c9fc89cf3607
UHJvZHVjdDo1Mzgz,2025-12-16 19:05:04.103,pro_WnUUzKmdc41ZacsNtqgof,QXBwOjE=,30d4935dd22080788fb6cb2ec874207493144eff255726b8b76de550f6cf72e5
UHJvZHVjdDo1MzI=,2025-11-30 05:03:27.110,pro_RDuPC3DNibzr8escLUd8uM,QXBwOjE=,1935c715359b40e5116b3f9c11cff718785fc11e5c25b9714f87a109fc6f0308
UHJvZHVjdDo1MzI0,2025-11-23 05:02:29.945,pro_8WnZmSRHqaTEXmmGCUtRh9,QXBwOjE=,90b2b3324d439d3f32cdace9cd592a9bd15366c6752fbe2b7b9562fd065326b3
UHJvZHVjdDo1MzI1,2025-12-07 05:01:19.917,pro_9G4UcT6fBSmKwDWHasmGEZ,QXBwOjE=,c4ce284d4e221b9ff714a2941b67b794bb171079ca1fc19c4aaf390ab783bf53
UHJvZHVjdDo1MzI2,2025-06-26 15:58:18.089,pro_9ghUa8jYLZRiqLLJ46RRLG,QXBwOjE=,3c68311a38ca2983c6aa0e168e1c2c414c7465ad31c9b66a5e1540eb7509655a
UHJvZHVjdDo1MzI3,2025-12-07 05:01:08.662,pro_9oy6hhHU5Uxc5BpYrhuwjy,QXBwOjE=,df6f042460b48b306aeb4b8435ea219d3c78b807da09db620dfe70e7094591a3
UHJvZHVjdDo1MzI4,2025-12-07 05:01:05.935,pro_A9Lpmze74T6EhZ3Bx5D9Wv,QXBwOjE=,551ea710e577aac3f740405e1cc3ebd6b0126d7db128b2ff1e71563f99df8c2c
UHJvZHVjdDo1MzI5,2025-12-07 05:01:07.593,pro_Aci2TMhBA2hecb7UxCnCD1,QXBwOjE=,b16f95807a6b4d02a04710b07b9aeeb3dcf59df95e26535c161dd784d3c1352f
UHJvZHVjdDo1MzIw,2025-12-16 19:03:23.082,pro_77Si2K8J5jzN5iBWCbRnGy,QXBwOjE=,bce150ee489182a66147203a45d9ecb7f62f8a3f5bf06851a5a30cc9ee8f46d8
UHJvZHVjdDo1MzIx,2025-06-26 15:46:00.315,pro_8G5CmAq5x8fsiKTicnBTeh,QXBwOjE=,f04889fb88101c113513ad3ac4e30c414fd8756aedc7f08c950cc440f314f33a
UHJvZHVjdDo1MzIy,2025-12-07 05:01:03.156,pro_8P5yvsHo49sSeE39LozBt4,QXBwOjE=,42b03da6a2949f14b99910ff04b8733de76fd086036cda95cf794b7c0d0a7963
UHJvZHVjdDo1MzIz,2025-11-23 05:02:24.431,pro_8W4tkGezgLPCwFcGkoCJfW,QXBwOjE=,b249c786a77d82f5413d7aa52412c98ac787ed554fe7174ad5f2f669ad7545ed
UHJvZHVjdDo1Mzk=,2025-12-22 01:01:18.814,pro_31QVVg54LAEvvKncX4yywH,QXBwOjE=,f52a2dd4d5ee9b8ff993aebdad6e291878f4bfe1708bebab2dd875190da6b3fc
UHJvZHVjdDo1Mzk0,2025-06-26 15:58:22.656,pro_XsAk57MsoFDXqt5Fwf4Qkg,QXBwOjE=,c1641e2b8e47b32a444fad56e66c8abc191ba0711edcabb08cc2f7482d62f285
UHJvZHVjdDo1Mzk1,2025-06-26 15:58:15.978,pro_63D5XYDj9UuDY9dtoLJLYS,QXBwOjE=,be2c6f1bc57962ddd250087f6e775d33f60c597140d2a671695c9821810d8845
UHJvZHVjdDo1Mzk2,2025-06-26 15:58:16.321,pro_LcR4xeUgfp1PQTf4gr8RaB,QXBwOjE=,dc0b0bf239f43cf4ec7c122b2e1e661d88dd756042d7aa70425a6b39099d9733
UHJvZHVjdDo1Mzk3,2025-06-26 15:58:16.647,pro_MfdgdXmGAjc7YDSbexNMgG,QXBwOjE=,54c7013e0ab90598f21487494f56143d765251496498fffe26cb65c9d391b03a
UHJvZHVjdDo1Mzk4,2025-06-26 15:58:16.469,pro_VbeiqhP3G34LE53XN2N9FX,QXBwOjE=,6ed7f1e79d937507683bdf9fd72dcc76aa1f1786ec45fb6bdae7547471bd8b18
UHJvZHVjdDo1Mzk5,2025-06-26 15:57:48.463,pro_SFdYRRKREG1UXYTzMB6xia,QXBwOjE=,44d5cd822660f688cc1fe4ffac6ea1dd21c73d979b04e3112728e96ba9df5bbc
UHJvZHVjdDo1Mzkw,2025-06-26 15:58:04.396,pro_FKL7xQUztiWhZmmTPcTAMm,QXBwOjE=,4774d912ecbdbd5db1cc68714d1ff6584f059ab263eb369299548802cf54f657
UHJvZHVjdDo1Mzkx,2025-06-26 15:46:01.069,pro_RJ7dAqKSpNwEnL1CqRYp1M,QXBwOjE=,1d5ef25613b230409ab5f8db3905104e805f71d6287cd761148ea0cada5bece0
UHJvZHVjdDo1Mzky,2025-06-26 15:58:06.332,pro_RSQJprsvwdcWED7KjpRMM3,QXBwOjE=,7e1a9a748f8cacff5696efad520fc920e95bc2909faa7a39d999475252ea781f
UHJvZHVjdDo1Mzkz,2025-06-26 15:57:50.066,pro_WKnd51TEY3FoKEcNTXAoNb,QXBwOjE=,c9bb3ba1734f6afea29c37c7f2d68e555c374e74cd2a5bd64c7c973f3926a0f5
UHJvZHVjdDo1MzM=,2025-12-22 01:01:19.594,pro_WXJufnaDVDuNroe6W5mazW,QXBwOjE=,89ca66269de8fe1ae051f1387aecddce11ae11db6b42a19ae467801a4df87d49
UHJvZHVjdDo1MzM0,2025-12-07 05:01:22.216,pro_D4rPqU2fsyj5fJFFThEBmH,QXBwOjE=,ffe0eb44dc7570ced47e7972a1f4c67fb463f6e2e1457817e4b51c3470ad3b02
UHJvZHVjdDo1MzM1,2025-11-23 05:01:44.766,pro_DAww7RwYuMzWaRaLRd73oq,QXBwOjE=,05a15afc2882dc60ab8519ab4a4a678885213dcb411a5eb1944832f39c208e17
UHJvZHVjdDo1MzM2,2025-12-07 05:01:00.450,pro_DuDg3Roj4sRELhJLhdUEYN,QXBwOjE=,edbe8ba4e208d9fc0975c0410f886258b9f0968c9ab7c8c76cee626af2ccaf80
UHJvZHVjdDo1MzM3,2025-12-07 05:01:03.744,pro_DymyjNdHkK2bDakGsJmRXp,QXBwOjE=,f79058fa582176c1449ea018dc3c90b8d3942080032172833fee7ed84c853e82
UHJvZHVjdDo1MzM4,2025-12-07 05:01:13.649,pro_EiqLBSHe6Xu6Wx7n8ohuzt,QXBwOjE=,bdd213d3f4d5ca43b10213a0735cf49416e8caba81aa00d5ae379c6d651437f3
UHJvZHVjdDo1MzM5,2025-11-23 05:02:28.911,pro_EyRzMxgvqL1z6Nb1yEqWsS,QXBwOjE=,8ccf6fef399d86d159f6698c4c4292aa8d7a4bdc9c671f43fa6686ea22ab8334
UHJvZHVjdDo1MzMw,2025-12-07 05:01:10.170,pro_AfDSr2bGL7FR9ASMN3BF9j,QXBwOjE=,6e8bf1a10e78abb41ece7e4ece4f1781056f09ad8de69fa16f50bfe226dde1b0
UHJvZHVjdDo1MzMx,2025-11-23 05:01:51.923,pro_Bj2RRBtebaJznCFEv1RPPz,QXBwOjE=,c4ad64c08cb9bd6ffb55fff037ea185c665cc425fd2f9c58580d0fabd1fc17a8
UHJvZHVjdDo1MzMy,2025-12-16 19:03:40.897,pro_BTrKx8Qck3f125ZUwv4TDm,QXBwOjE=,3308e6dbcd2b7abd4ee2525ed0daf1820c6cbdf9b42325706a86eadd8ab75cf7
UHJvZHVjdDo1MzMz,2025-11-23 05:01:44.126,pro_CWhBjmPoizwBE1v4MN7iZz,QXBwOjE=,058114dcb204b97c406be05caaf606b9febe3e73ba690fca33117665fbc6961e
UHJvZHVjdDo1MzQ=,2025-12-22 01:01:20.300,pro_CsRSCYkyzGorsyfhijTG62,QXBwOjE=,78169e6481665f237bc8c54b679f84c7d74c7d5ecf357bb9ed9a8d961c74f05d
UHJvZHVjdDo1MzQ0,2025-12-07 05:01:16.634,pro_J4WCw37eJwYfoABuK5XE5C,QXBwOjE=,bd63d452505ea577e7544e602943d372671f3fd92e466b1bf9c49b0cc34c643a
UHJvZHVjdDo1MzQ1,2025-11-23 05:02:53.133,pro_JLWw7DSmWVyxK3eLMme7My,QXBwOjE=,bb8ba9ed3aefb1391492da068d8e7cc7fb7682dd3a9ef064981f153bc456097b
UHJvZHVjdDo1MzQ2,2025-11-23 05:01:54.497,pro_Jp1LPK7hxCTsmj1wzbTRvm,QXBwOjE=,ac8342967d25fc2e2d931b8c1a5bc01f7b298b9d8def3d0f47e47a38ab58eb8d
UHJvZHVjdDo1MzQ3,2025-11-23 05:02:49.589,pro_JUytKacXQVV3TmQrBNKxLN,QXBwOjE=,9dc5c02b95f65236a137c9d1133777cf74980bc5bcb8a0c5fb8024b32434b15d
UHJvZHVjdDo1MzQ4,2025-11-23 05:02:31.909,pro_Jx5Bsv3dUui7gSu1SzARDf,QXBwOjE=,c89f8232330f8bd945f7df3789440f9fde5c6c416c78bbdbc0848a0489f2f6d9
UHJvZHVjdDo1MzQ5,2025-12-07 05:01:00.440,pro_K2u8pG7VGM6UaFNv2PRzvh,QXBwOjE=,2ebdf8d15157a2f223ba7ad8ca59293d7beb957165725e123980ea5dbfa6d46f
UHJvZHVjdDo1MzQw,2025-12-07 05:01:18.422,pro_GBJGFUobMixfHH4XUwtQtK,QXBwOjE=,6267452eea85b63b8a4561e5eb1dede3cfd33681104d3b5c04515674aab943b7
UHJvZHVjdDo1MzQx,2025-11-23 05:03:02.678,pro_GeztW7oQEp66p7DCenDTP7,QXBwOjE=,e51de2cbe5f6c303af40c6775e7efc44b373e54e795edd311daeb30eddbfa6a4
UHJvZHVjdDo1MzQy,2025-12-16 19:04:00.885,pro_GL1UAJrR2ybLXhtEXjSY3G,QXBwOjE=,3fd1164a62fb5b39e587417c5a44e9c3f6e1a3262def3d2f77cc93325b958239
UHJvZHVjdDo1MzQz,2025-11-23 05:02:36.986,pro_H7pDREmRsw8A4qibLA8aQt,QXBwOjE=,dc1ccee54bde557e99a6a485bceaf1ef3b4cd8013617746afb28e4399556ff20
UHJvZHVjdDo1MzU=,2025-12-22 01:01:21.049,pro_VAgcL6fqcwELHH5JtCzFQi,QXBwOjE=,c69e00a5142fe34aad8369ea3bb329b9367b05bb052032ab0a8c311a5caff8dd
UHJvZHVjdDo1MzU0,2025-11-23 05:02:31.911,pro_LPSQFWxp2puPYVSWbZL6Ge,QXBwOjE=,b18b6adc293cb794401b19f9643dbd2466fdf82f7827e41f9723b3964084466e
UHJvZHVjdDo1MzU1,2025-12-07 05:01:19.774,pro_MpSrjt4XgFTuJU1ZH2f5GR,QXBwOjE=,6dc4ccccef8768e029c25fddc8c5761b346373fefb9ae37cc9890f78d3aaf00b
UHJvZHVjdDo1MzU2,2025-11-23 05:01:50.426,pro_MTCwMtA3zQ2tkibLdW2UbD,QXBwOjE=,8cff0f6704128572fe104c3473db2465f54a09c140a512e2b2e68450ab5d0ecb
UHJvZHVjdDo1MzU3,2025-12-07 05:01:13.994,pro_NgE8mRHcfgnexi2Gp9h1fh,QXBwOjE=,41f42de8b39f6aebdd4dfd95e155755ebc30437fd41e74e76cf3b7a30bed4a53
UHJvZHVjdDo1MzU4,2025-11-23 05:03:07.368,pro_NqNHRUpC3VtEnrhw8Zv4hZ,QXBwOjE=,639ba50d4e20c8c1f729c4e6c11d48d436cfa6574993e7cea5063ca7d9bc10c0
UHJvZHVjdDo1MzU5,2025-11-23 05:02:58.667,pro_P2bSU2G2RoTxnJgouVv5Bj,QXBwOjE=,5bbdcca9595c91d4ae35570089a926a2fb37d1493189856398595df8fc02aa97
UHJvZHVjdDo1MzUw,2025-12-07 05:01:14.875,pro_KJyuheDjiFMm1raqVPUnR8,QXBwOjE=,2d70ac50b18e4a1dfdd4620ac995ee60b3593c1bcc214fb9eaaa1592a9d0472c
UHJvZHVjdDo1MzUx,2025-12-07 05:01:19.685,pro_KXRxnvKT1agFii3UKMeHiH,QXBwOjE=,a5503a259127ca9e834a114e002a939fbd9fa7d1c9f2a5b04b715e8aea510f32
UHJvZHVjdDo1MzUy,2025-12-16 19:04:16.204,pro_Lnp8CgX8VvFjxXtXkMQ4vL,QXBwOjE=,c26e4fe2b2b56209846d903de7e191c64d3d3c5b566615c2fb1a1a8ad8e2d7ba
UHJvZHVjdDo1MzUz,2025-11-23 05:02:57.571,pro_LoWgwsapjpJqr3XKH8V5oG,QXBwOjE=,1ec2196ea191df8e8bc8d9818daef9f8b69a3d8e191f1cd1c60475e8f3a96bf5
UHJvZHVjdDo1MzY=,2025-11-30 05:03:32.950,pro_LQAXjirp8XLVg8i1i2rpTj,QXBwOjE=,140d321b8703207b4e796a6d078384af545e6446378a581df207c0dd2d02c6fb
UHJvZHVjdDo1MzY0,2025-11-23 05:02:36.538,pro_R3tvJnHCBWJW4fUeNviqMV,QXBwOjE=,8c1ea7ae79d26da22d3561bd3fc1ecfe0aaa8dc394c2080bf5e609a6a733bf38
UHJvZHVjdDo1MzY1,2025-11-23 05:02:25.569,pro_RA9YngQWcmLFpqGJHyhAp6,QXBwOjE=,53c4820bd31171f4fc57fb0685e20d39f5ab2e64f8abb5cf9f32cce1d5e213c1
UHJvZHVjdDo1MzY2,2025-06-26 15:58:20.851,pro_RQKeEPupCAFtCyoNdqRNHH,QXBwOjE=,9f81dba74082c9b4037116f80a29e8145a2dff6cf14ac0d5dee6fcb78636b005
UHJvZHVjdDo1MzY3,2025-11-23 05:02:52.147,pro_RS1eySEFCvGWBuY5P7Ukae,QXBwOjE=,da9966968581d796944041842af7212ef0cb3fed0dc5693ea1c65926c8dc4369
UHJvZHVjdDo1MzY4,2025-11-23 05:01:45.278,pro_S118SkAdkQ251P9YV67z7r,QXBwOjE=,d5ae5e8b025c82e8474c7e5e73d0c8e7a9d8c5f7818a7fc2251dbfe99e476d1e
UHJvZHVjdDo1MzY5,2025-12-07 05:01:05.752,pro_T55Kq6XBQMygxUczQRaF1f,QXBwOjE=,5974eadec011cc120bc07ba1f80f196c5a4d273504f27f0473380d95af8be1ae
UHJvZHVjdDo1MzYw,2025-11-23 05:02:53.879,pro_PXG9CTcEZNhDuMmV9jjUwj,QXBwOjE=,301f63722de81d16836a1b6ac6b082828fe5aa1e2e88de922539f96cfe41acd1
UHJvZHVjdDo1MzYx,2025-12-07 05:01:00.233,pro_QPhLtjQVXzaowWCXBtytMx,QXBwOjE=,c96133bbac21504c4bff1f49e61287806fff8ca34310bcb0cdaeecb407fb5a38
UHJvZHVjdDo1MzYy,2025-12-16 19:04:33.869,pro_QrBzb6QZVJT8EjffgS6ZdW,QXBwOjE=,15aaf6c756b6722b529d74bdd2192f7db42f78a7ffbc0d38abf8a477d49bab4a
UHJvZHVjdDo1MzYz,2025-11-23 05:01:44.651,pro_QSoHzctwmPgaK2p7PcgViz,QXBwOjE=,7c02bd26982f3b75e6327c3c5dbfa68a39fd752d02a0658c257b4a268e16f064
UHJvZHVjdDo1NA==,2025-12-22 01:01:21.889,pro_TmmGF7x3bDkJPxfNs85Tyi,QXBwOjE=,c02c960c43f57bd7879c0fb148770b2a00165c3103de4bb7a5946087eb3608e3
UHJvZHVjdDo1NDA=,2025-12-22 01:01:22.575,pro_Sc9E7DoQoMXaib2tsUVQ86,QXBwOjE=,65508eadde32e63485c13ad3c476616083e7dfd11f7ab5caf0361894b54484e3
UHJvZHVjdDo1NDA0,2025-06-26 15:58:21.053,pro_EjYQBeG8afagxyeuvZhoQr,QXBwOjE=,2686c39682e6934301e3cada9fe19286bc9ed4c08f05a5e7fe63b6df2be7bc7f
UHJvZHVjdDo1NDA1,2025-06-26 15:57:58.653,pro_FZCwHbQwjX9YtkHU5gjQuN,QXBwOjE=,3519f23b348cebf7f557e9f17dec6eaccafa2122b1f7f0153afea40d2fd9e94e
UHJvZHVjdDo1NDA2,2025-06-26 15:57:59.733,pro_JCso3vMyDKz7aF38FVB2G8,QXBwOjE=,3278de92e371e397b6a1fdf642487d12e2b565eda088b4d91c867ad97e1b08cc
UHJvZHVjdDo1NDA3,2025-06-26 15:57:59.599,pro_KxTgKgcbNFoY8uEw8g73o2,QXBwOjE=,a31d83278e7f1006379287603e8dafeb15d2454eded1dfa15ec0a2599884ef00
UHJvZHVjdDo1NDA4,2025-06-26 15:46:01.420,pro_Lhc5tidGYomj4oNAmSjgP8,QXBwOjE=,76a8c2ddfba7342c88691a6ad4eac65717c2d1761dcc5fe80a4df3d81d3fcee7
UHJvZHVjdDo1NDA5,2025-06-26 15:58:23.961,pro_S6LhJQQLa4A1TuRcafeApa,QXBwOjE=,5ca85319fecb7b0312479c0cc69bc7b15f23f6ce798ade768abc684a7f845440
UHJvZHVjdDo1NDAw,2025-06-26 15:57:45.641,pro_LMv5yJTCMEXaQbUwWd3deU,QXBwOjE=,450db10f769002dd5c5b30e6d5e13b63c877338e80134f6f3f73b47939997f5e
UHJvZHVjdDo1NDAx,2025-06-26 15:58:16.795,pro_8evfz7vXqjuiFK353KQjMJ,QXBwOjE=,6394906aeb59bb9a50ef906ae365dd9a6ee3489562eb621c8613dd92e8477306
UHJvZHVjdDo1NDAy,2025-06-26 15:58:16.164,pro_eV73yFTAUAFXihUtwY8fD,QXBwOjE=,89ab02862e4e82c7aaf18394ca478bef855b1d7d8b4e1a68697ff781d32d0ff0
UHJvZHVjdDo1NDAz,2025-06-26 15:57:59.441,pro_6ygpnR5dqbLxBz2j9cySUU,QXBwOjE=,983734c42212b687af4de557f0577d6b6f1772be38fe3f07a36017ec8e611316
UHJvZHVjdDo1NDc=,2025-12-22 01:01:23.331,pro_B9Q74wCdqicTLPLoBwkkiL,QXBwOjE=,f043794e30ec8bf4cc0058c339e6639ce4a3a4fe13f097c4d76dff27ac96f1d9
UHJvZHVjdDo1NDE=,2025-12-22 01:01:24.054,pro_5H5rroPgfJC63vS2heUBR8,QXBwOjE=,e4aa68c9e126d7cfea85cc9bed0d3b8a145eef1a8e5196b7103b2a663ddc4c26
UHJvZHVjdDo1NDE0,2025-06-26 15:57:58.332,pro_Nq88m1nn48FnHAwFSx86vu,QXBwOjE=,855150ec41de03f40d17d1909fe6462afd5bb768d6af1eb3e0b0fda7b046a3ba
UHJvZHVjdDo1NDE1,2025-06-26 15:58:14.145,pro_Q9VoqJ1PxXBRnVZEvfnVpF,QXBwOjE=,95d7fb9cfb96b3eed819209ac052d57d2199c45f65b32c53be0f49a261a1cb86
UHJvZHVjdDo1NDE2,2025-06-28 17:45:17.103,pro_WsAwHbqyN8SM5h2ckosVkS,QXBwOjE=,999e128ec71f453b6ea78fc4b80f2b59044ef57dc9b3663085db73bc90ffc49f
UHJvZHVjdDo1NDE4,2025-11-30 05:02:41.297,pro_MvUBabjWAHo1tXETevyMg6,QXBwOjE=,19c32e2cd7b987f1fc05a04562f4461635100410fd33d01610292022dc4bf0b2
UHJvZHVjdDo1NDE5,2025-12-18 15:27:53.742,pro_Gi8gBqLFsqf5HxdxVcXThe,QXBwOjE=,d25471871b530d740a42e2f0e4ac0257f5f7a60573829c162bb93ae286a0851a
UHJvZHVjdDo1NDEw,2025-06-26 15:57:58.808,pro_YFoULaVdjEbZFnRKzJoirk,QXBwOjE=,1d1627c858f728d2b3691743870514961d9694808e7a9261a779cb22fba3275d
UHJvZHVjdDo1NDEx,2025-06-26 15:57:58.036,pro_B7UCCrjK6jnN66yEksnKco,QXBwOjE=,4b7273b2f563dc085c4929aa74fed8307457bc3172e106a693690e43cea9c0a3
UHJvZHVjdDo1NDEy,2025-06-26 15:57:57.701,pro_7cL5fnjEHtRT8u6wBjujA7,QXBwOjE=,7c1618aad5bccf07d6e84717b5b15339e5c5a42eec62cec52605d4b539ff9b99
UHJvZHVjdDo1NDEz,2025-06-26 15:58:24.483,pro_Asv3JL6osTKRvnNRhwk7P9,QXBwOjE=,70a024b9741b74d064eb0c00f07b9d9b445fbf0d0513795e64892960e49c8bc1
UHJvZHVjdDo1NDg=,2025-12-16 18:37:50.257,pro_RbFtCkdjfa4x1Fq2fm2epM,QXBwOjE=,0aa21ad96fc417e2e28706da2a40f9522037883792f27cfc77f8747952e5f729
UHJvZHVjdDo1NDI=,2025-12-07 05:01:07.839,pro_CMoohi64xSBxNzETMSgzwk,QXBwOjE=,1f72cd0a1c6618901daf6765af6b8fc3b63852cfe1d4dea85ec888bc6c351ee3
UHJvZHVjdDo1NDI1,2025-11-23 05:01:52.224,pro_RRUfC3YqTGrZdivuFkxeS6,QXBwOjE=,e518ccffa5b9e769af102cb8a08ada22bda3a16856b678f79166a365b13cd54f
UHJvZHVjdDo1NDI2,2025-11-28 14:31:53.009,pro_TujuLmjcovs6FNNFETDNyg,QXBwOjE=,265348ebe8bfb28d63930005f9b7cb27c800b359abd655452ed76b842ed53096
UHJvZHVjdDo1NDI3,2025-12-21 05:00:22.068,pro_FVsLKV729umJxKVvBMCn7q,QXBwOjE=,cb508c89c920f2383e2bf33360e1607d237f872f3acb89e44dda8223cabe61a5
UHJvZHVjdDo1NDI4,2025-12-22 01:01:24.819,pro_8RLRskabj4yE9vwNFFdCkX,QXBwOjE=,7252daadd32c524d8c485ad9cd4893266d23ae889efa42fcf8bcfcb5ee837727
UHJvZHVjdDo1NDIx,2025-06-30 14:58:53.737,pro_XV9bdkb27NTgQ3JHCKd3Ce,QXBwOjE=,
UHJvZHVjdDo1NDIy,2025-06-30 15:12:07.290,pro_BtB6wNLt5c57i1HTJnqyrq,QXBwOjE=,
UHJvZHVjdDo1NDIz,2025-06-30 15:34:48.906,pro_Gi8gBqLFsqf5HxdxVcXThe,QXBwOjE=,caeb5e18d68c8acd1c7c6da80695df2e045fc8736ce6ff35d195d6bd714803c8
UHJvZHVjdDo1NDk=,2025-12-22 01:01:25.483,pro_Hpn21hYv19brZ4u7AQT39d,QXBwOjE=,6251e18e94be83d4306d342e65ebea099fff1f20df6f4efc048982323d8bec4f
UHJvZHVjdDo1NDk0,2025-12-22 01:01:26.151,pro_VARmPBqtymMsoicDo91zyt,QXBwOjE=,69a6ea500fb7f3e7b06e9670779c7ce310e129e22352b02479574f7c6809a3b0
UHJvZHVjdDo1NDk1,2025-12-22 01:01:27.193,pro_WMN4bGTBGHxt84CpsXwCJR,QXBwOjE=,d89e00d80c87319ce21166cf50bfcff0b4d63777ce343b5bff4b0da2df297538
UHJvZHVjdDo1NDk2,2025-11-30 05:02:25.106,pro_2N7jeFrQeBajoV4VqvPHiA,QXBwOjE=,d2d5ca40517d8f2cd433b5bcd118abaa6c965351db85809b8cf29d92fb6284fe
UHJvZHVjdDo1NDk3,2025-11-30 05:02:28.274,pro_XhDqbJku2J1W6A5fn92dx,QXBwOjE=,e5958e24f2605f7b5b3d4d586828575b71514a3cb62a1c7a98ea2e702b105ee5
UHJvZHVjdDo1NDk4,2025-12-22 01:01:27.915,pro_UiKHtV324a1jPM8uYSEhgq,QXBwOjE=,cea9a525a30cb6c32d92e0c3a52f923bbd252a44470c19ba9576394af177aea7
UHJvZHVjdDo1NDk5,2025-12-19 12:10:13.364,pro_JqDQGZAF4SrRDnNcrfus7N,QXBwOjE=,ac0aaae1984499730454f0c480485d7c79d78c0cf75a644643aff2222784c81f
UHJvZHVjdDo1NDkx,2025-11-30 05:02:31.166,pro_MvP2YRuRKUvjX7eXnxyC9o,QXBwOjE=,12691a3989d14b2aeb581353be2adab90cdeb3e2d47b6fde830d2475417f134e
UHJvZHVjdDo1NDky,2025-07-14 09:49:31.954,pro_SLzFTxZFFisgKEs9cCJmos,QXBwOjE=,cccb634b0f751d27ca9651e912435a9edc11ae43e6a6e85ed481d1f6787f6c0b
UHJvZHVjdDo1NDkz,2025-07-14 09:49:31.954,pro_SLzFTxZFFisgKEs9cCJmos,QXBwOjE=,
UHJvZHVjdDo1NDM=,2025-12-22 01:01:28.574,pro_BCcLKgRejbKMhWTT6kRkxi,QXBwOjE=,0f36c95fc2cea5fe1bd5835d62bef17e7f56e4ffc547b444f826b6612d4b3d92
UHJvZHVjdDo1NDM0,2025-11-23 05:02:42.800,pro_3KMuLoSKL8HAHrPqLXyaS9,QXBwOjE=,64b3c282e9054c9a62518c85f5b07288d3148e0d0afc83fd4deeec9576682657
UHJvZHVjdDo1NDM1,2025-12-07 05:01:04.676,pro_5qGYndPyVyNPXo852N2nRX,QXBwOjE=,7dd688e4d37dd6cc22ad07bd352e66a11ace955f36a4902e6b40f49c9f1f7440
UHJvZHVjdDo1NDM2,2025-11-23 05:01:31.893,pro_63sqgHrKiM15EPduDV73Yh,QXBwOjE=,1e4238bcfb59395ac97db8bf81bcca86c30c4b6a76179a4a225d443f12232252
UHJvZHVjdDo1NDM3,2025-11-23 05:02:09.774,pro_6a41h7wjGvdQRVAMdJo69D,QXBwOjE=,8151fc59be96753d4fe290db06c6caf169f97bd4248ad91fe72584de8c4cad17
UHJvZHVjdDo1NDM4,2025-11-23 05:00:51.338,pro_6vwSLohQMwrpy8Yhvb2qzD,QXBwOjE=,dc183dbfdf948892bf70e0ca8dde63ab0d2df22405482d4755a8c28bd0f91725
UHJvZHVjdDo1NDM5,2025-11-23 05:02:08.081,pro_77SpVG7TSkDRVkPV4K4P3w,QXBwOjE=,6cfc39f49ec717fa8e27d1c44276cb93f88c5448df9b52b47725f89139961b80
UHJvZHVjdDo1NDMx,2025-07-06 16:15:12.115,pro_5vLkwWXaLGCUeYx5sxC4DL,QXBwOjE=,5c3937a37c0ce52b9561c9b11700c3b9d63036235a77d9154e811e5e3901a394
UHJvZHVjdDo1NDMz,2025-11-23 05:01:57.925,pro_31uS8FGGazP6h82rgSezNn,QXBwOjE=,2bbafe459f13128dd558b7d12d8e44e6ae5a6c87dccb5d6fe66faf3d405d62f4
UHJvZHVjdDo1NDQ=,2025-11-30 05:02:46.581,pro_JMFSsPqX2Bct6c3J4aPDBL,QXBwOjE=,8cce3ab6fd1fc81355728cc59a105a2a3609a94ac59433e48dc0b12fb2aa2d38
UHJvZHVjdDo1NDQ0,2025-11-23 05:02:28.609,pro_GXBxNCVuSaK47hq2r9PF3U,QXBwOjE=,e55d8bcf4fe39336bd0dc218fc84d159e470ee6f9ce303bbd44de70d5f1fc5a1
UHJvZHVjdDo1NDQ1,2025-11-23 05:00:56.589,pro_JVErEkhj7W5X4DCyfZzfCd,QXBwOjE=,1609ae77454547a888402ab19e1c4bf94b268b303241b773f99fe47fb52842fa
UHJvZHVjdDo1NDQ2,2025-11-23 05:01:16.230,pro_LNg91JjR8i9GEx9XWxXkCR,QXBwOjE=,06218e1982789cf0315c82d7f12794fc65debeb1b170f16db41a8cc3b2874625
UHJvZHVjdDo1NDQ3,2025-11-23 05:02:00.155,pro_MHpriMxXvUVJncG5ytBhw9,QXBwOjE=,449339523d57d93cb1e897419984469d1f1d4f66d09c83ae3c61d7e65ef6621d
UHJvZHVjdDo1NDQ4,2025-11-23 05:01:23.658,pro_PkHg2xLKeTHRypFvhNokoq,QXBwOjE=,d105008ac27c442ce98b23253f74d60562620e30577792e35dd47be1931d2d99
UHJvZHVjdDo1NDQ5,2025-11-23 05:01:51.551,pro_PQDuZyXmwqG1ELKAavPTWD,QXBwOjE=,f5982a0bd962a160864baf637cccccd1186724f23d36a61ecd44f0374981394d
UHJvZHVjdDo1NDQw,2025-12-07 05:01:00.298,pro_C3yUHfjJre3BcwW562Tvoe,QXBwOjE=,3896f6a3cddae76c491ae45c50162185db10d0c83573406840b83fae44aa42e2
UHJvZHVjdDo1NDQx,2025-12-16 19:05:53.709,pro_C4vqpRbsf3ehzLPmeVJAs5,QXBwOjE=,2ad8a5c84f213c822b6d2f44c74cca9d331c55c812d90d919f165b90c34905b9
UHJvZHVjdDo1NDQy,2025-11-23 05:00:51.105,pro_CHQfhHfEt645S2W7AjoUtX,QXBwOjE=,fe37e1ffff9f866e2f21fdc0969e1d9716a8d1bd15e1bc0a9ca6fd926f830f95
UHJvZHVjdDo1NDQz,2025-11-23 05:01:55.142,pro_CPCZDJh5Jo95yK5v1vtQWc,QXBwOjE=,74e4d0242aa81117bb211d438b2191cc3353479bb1b165741fee56a911f9dcab
UHJvZHVjdDo1NDU=,2025-12-16 16:53:32.724,pro_2H5c8ygssdQtaa5jCWySEp,QXBwOjE=,13f60190326dbafc423fcde15383b57c0e1aaec74aebde7a8d63826e25df4c1a
UHJvZHVjdDo1NDU0,2025-11-23 05:01:58.608,pro_UFnVVANuVN46FfmMcmbogn,QXBwOjE=,69266f93a7e2bae227137791cec41520fa80141d10da03fe79fb91342965fef4
UHJvZHVjdDo1NDU1,2025-11-23 05:00:51.409,pro_UvRpQbXcW778GvXVttiKt8,QXBwOjE=,0580bb7e13c3ca4e704c29c7c857dbb5c92ea3c4591a7020286ec4c972ed6355
UHJvZHVjdDo1NDU2,2025-11-23 05:00:53.518,pro_V4u93zAgN9xrmChaceVKbD,QXBwOjE=,43c993793993f8618307607336c3a1b8cb2bf451cb96a1732cec7d82f86debf7
UHJvZHVjdDo1NDU3,2025-11-23 05:02:48.353,pro_VvTaWpUoVuhcs3uFXK3duA,QXBwOjE=,9bdb2816882076c34a76cd78c46f0d96012d990057965d1d7ee4ab4d85c5b633
UHJvZHVjdDo1NDU4,2025-12-22 01:01:29.160,pro_XVcWUMiGaR9Xk1uz17HRgX,QXBwOjE=,f12621529446fdd40b9acd56a6e3fd213666f3deffdc34bf61afa636ccb40032
UHJvZHVjdDo1NDUw,2025-11-23 05:01:54.826,pro_QHzf42tBtyNf8fuf1Y1LaR,QXBwOjE=,0e13a875d77350966c0ac313a7162049a8225379ff765cecd39c4937bdf12188
UHJvZHVjdDo1NDUx,2025-12-16 19:06:07.638,pro_TH4HjzR2dN8aToVdPGTs9T,QXBwOjE=,cd0793002be45e4f397cfcd66c8bfc088aa8cc639b3b5a442b9c5a637f247a61
UHJvZHVjdDo1NDUy,2025-11-23 05:01:56.358,pro_U8EJJoixDo8QWcr4UqHLoY,QXBwOjE=,e85206160c57d34e1fb951c3128c3adcae293be96a3a7fa85479ce4148285f40
UHJvZHVjdDo1NDUz,2025-11-23 05:01:54.507,pro_UfC47V1vG7JG9SNvmdbw9L,QXBwOjE=,5a587d6f4c7737564e304223d4b7815a2a716d9f46917f5fe753955eeda16abc
UHJvZHVjdDo1NDY=,2025-12-22 01:01:29.848,pro_6NxeTHt1yaAEqu2C4usbEB,QXBwOjE=,15267061ca7618010940cba7cda780a727af8cea89c0eea486c8fd7aeffba699
UHJvZHVjdDo1Ng==,2024-04-09 16:37:18.180,pro_WcD2tMJ5TbNysP9Ccu1ptC,QXBwOjE=,9f0bbc3d6236fe69b3174878186e7d80cc3244096ffd0976f69f6a56b8cc1960
UHJvZHVjdDo1NjA=,2025-12-22 01:01:30.463,pro_XZCL3BSNGgJLZ7xNa2WHEf,QXBwOjE=,0fc5cfe5616f5fa24ef2bc807cb04f012a70f293f209f96a96428ee4164fdb07
UHJvZHVjdDo1Njc=,2025-12-22 01:01:31.765,pro_XSwsFijUZvzpPxxiMiujpG,QXBwOjE=,944d3c4c0355423c58edfa122cfb988972ca70f2e96139199fc253f8b1e8b3a8
UHJvZHVjdDo1Njc0,2025-12-14 05:01:28.875,pro_Fs8mcnd3FaJjpKrQaNZ3q2,QXBwOjE=,a65f581b7ddbe5de4ad86050fab85e35565958c41ed10d19156c738cbc2e6737
UHJvZHVjdDo1Njc1,2025-12-14 05:01:28.017,pro_QFKKnx332AYJwdVRzRprKo,QXBwOjE=,e431769bf72cfe09fa9247349b418a3d6c3c6c80ad219d68e5a7886ec3ccc698
UHJvZHVjdDo1Njc2,2025-12-14 05:00:29.036,pro_WGaDoXW7tk5z3HBN3E8ZY5,QXBwOjE=,e6156bfc3367ebbe792d11260b6d711964a2257c9abe6071e9f7125a7970394c
UHJvZHVjdDo1Njc3,2025-12-14 05:00:18.379,pro_X7k29adNyFE11NhZgX8jdp,QXBwOjE=,16889bb4a621ebba2663f31ae1a13af7670f71077e7e81f9baec35cde5dc6727
UHJvZHVjdDo1Njc4,2025-12-14 05:01:28.231,pro_XxcfKTJEFo9PbJt1tuiHQH,QXBwOjE=,744853ad1ab200b1b56dff5819fbeb5a998919530848c873f3cc53ce8f7fa134
UHJvZHVjdDo1Njc5,2025-12-14 05:00:56.407,pro_CEsnJuE9BCVVkLS9pwQa9E,QXBwOjE=,83e46a05a625668d2c37a00aec29c79e95765ba6c9cdfdc443f5d625949666b2
UHJvZHVjdDo1Njcw,2025-12-16 19:09:55.068,pro_3Lgdk1Vzfjp78yk8jcut6t,QXBwOjE=,ecd63f8a94347bdd6c5e1d027fe9483af882e3faae5a1ebe3a84c6d5ed204226
UHJvZHVjdDo1Njcx,2025-12-14 05:01:33.199,pro_6GhNsDMbJForc5eTSFnVnW,QXBwOjE=,2857d72261e2bb64129ab4a6c3a7c64700dc69ef17a7cd50bb82595d7c782177
UHJvZHVjdDo1Njcy,2025-12-14 05:01:00.169,pro_CKBgMmHJm6Lng1LnwqaoFK,QXBwOjE=,b3752dd1275d0bc3baaf6987b4cf49b6c39354e08ad68ec2f937227c88481865
UHJvZHVjdDo1Njcz,2025-12-14 05:00:57.727,pro_Fbc76QxdNw2QkbG1H6Ypsh,QXBwOjE=,cfcb2618d2b6c3a50b829119b2a41adf5b67c30401150029557cf15bafc94a36
UHJvZHVjdDo1NjE=,2025-11-30 05:02:25.735,pro_84znXMBbjW7gnJfe2mkp2x,QXBwOjE=,cdff0cfed88bee426e06ecdf580b97d2fd1123551be66b4c998f1663f165e800
UHJvZHVjdDo1Njg=,2025-11-23 05:01:42.938,pro_LvxeBAGbYwUXHSB8SSA9jb,QXBwOjE=,01fed0f765e5cfc5d08118baa4a2d190ab4c3896f16d4c8654450bbdfe3f8b88
UHJvZHVjdDo1Njg0,2025-12-14 05:00:44.939,pro_SXq4eWxhovnLaxZZDtMSGw,QXBwOjE=,41c9149a2e49858dcc4554f26678f87348acadfcaaf263c6b89c554494de1ba5
UHJvZHVjdDo1Njg1,2025-12-14 05:01:17.653,pro_2LDichDrGRnvLxxeLqYNyX,QXBwOjE=,0bd9e9840864517bc9d306f70daffee78cfa40b06883890717a9cbca79e4dcd5
UHJvZHVjdDo1Njg2,2025-12-14 05:01:12.030,pro_2X1yQjFLARhdJGyKVu3UK,QXBwOjE=,92790f7b8be5e706a7f1e1093d8514526db5f83c598ff05bddd03e8bef08e88d
UHJvZHVjdDo1Njg3,2025-12-14 05:01:13.192,pro_38cPHMjDeGWsCnXRmhCyjz,QXBwOjE=,46f6c878887c2277a9a0714b71472112e7e93c049f16e3225d0574005a0d7dbd
UHJvZHVjdDo1Njg4,2025-12-14 05:01:58.747,pro_4hFVqvKWZ8RgaHHxeR652V,QXBwOjE=,6a878df48cb325aa22b2383a268b98d74b9b621258648fe719892a58f89b2fc0
UHJvZHVjdDo1Njg5,2025-12-14 05:01:19.923,pro_5F3N4nRRHintcQ1xYYctsb,QXBwOjE=,c036005c0aa2edbd43a7d760fedc4e647f44245ef1233c1511fa7dc223fb9113
UHJvZHVjdDo1Njgw,2025-12-16 19:10:13.588,pro_2qthcz25gXFTz9txS4soBo,QXBwOjE=,98a63e259d38ccdc9b7fbce70b2f62f35e0e56ee1e975600eac5d8ef05a615bd
UHJvZHVjdDo1Njgx,2025-12-14 05:01:47.375,pro_AQ1MiyQdGV7sHVgzUTSUS8,QXBwOjE=,a75bdfa393813373c1f806dc206ef7700a17d0372d0583dbe7808cd527059f8e
UHJvZHVjdDo1Njgy,2025-12-14 05:01:23.535,pro_KLYxWtVb4LX3jvjFa7sr3Y,QXBwOjE=,50246a7189bf5ad1488b69d4930ed45bf00bef342c4e4a243015f98d1882a44b
UHJvZHVjdDo1Njgz,2025-12-14 05:00:32.288,pro_L39FTQLntRCsbYYb3LM6wx,QXBwOjE=,d5889cc9f2b5fdb19fca1fa20b12986ad02fa7ec12286e129dee354c404ed223
UHJvZHVjdDo1NjI=,2025-12-22 01:01:32.563,pro_Ba2UWJ6UHc8RYD8H69xq94,QXBwOjE=,1cac9d8e3a1abdd914a3b1e5fa66c2d2f201b54e296d36e410e62e7ae5de385a
UHJvZHVjdDo1NjI0,2025-11-30 05:01:30.447,pro_NyZZAGYaBUaHi21WZmVX8m,QXBwOjE=,ae87094ae882728927093c7a40d354b9d0929b4fa5750fa397d38cf72f8b5f0f
UHJvZHVjdDo1NjI1,2025-12-02 14:13:36.997,pro_RrCjDibrpQ9PiK8VDTQeQH,QXBwOjE=,b111ef8b09a5d5ed9597ce4d337595fdd181bef121e7b5f6a1ddd93d4614e1b8
UHJvZHVjdDo1NjI4,2025-12-22 01:01:33.165,pro_38MZGiwtZUsvz3sg2u7nDn,QXBwOjE=,
UHJvZHVjdDo1NjI5,2025-12-14 05:01:36.807,pro_EhLfUfRVSoRQtZk3uxgCXP,QXBwOjE=,
UHJvZHVjdDo1NjIx,2025-10-23 17:53:10.469,pro_LNVoCNeAHqPGqH5yEHY4Sc,QXBwOjE=,
UHJvZHVjdDo1NjIy,2025-10-23 13:04:37.329,pro_KRAdpgrcZ2b6V2fGiwESVq,QXBwOjE=,
UHJvZHVjdDo1NjIz,2025-10-31 17:05:19.316,pro_XaM1kpkjxM9aBHDBL8YT4W,QXBwOjE=,
UHJvZHVjdDo1Njk=,2025-12-22 01:01:33.884,pro_KcxFgxNZXhskMDrmTrkVyk,QXBwOjE=,ba51f3be1af8f0b9500b855216eedd383921084ff4caa036c87d9316259e301c
UHJvZHVjdDo1Njk0,2025-12-14 05:01:17.543,pro_UdujBxEiTnNvGuD7TT3mqX,QXBwOjE=,d06c83ac26941d96dbdab0d46894cacc353187257268704906149584559752f4
UHJvZHVjdDo1Njk1,2025-12-14 05:01:19.296,pro_6nfgYo4iS5BwbVrJmsuzW8,QXBwOjE=,2c84e379ba77e3c359083bd3caecb2244a09e90a5a8e36a38ce320239102ebe0
UHJvZHVjdDo1Njk2,2025-12-14 05:00:31.415,pro_96y7M34PFktxoNC4Z96TEB,QXBwOjE=,140b33af6b77cba16b34bfe0940053dfd7942efe6ca9ac717d8db0d2dad2fbc9
UHJvZHVjdDo1Njk3,2025-12-14 05:01:13.433,pro_BmJFDystPBNv8AmDQp2Dab,QXBwOjE=,7988be41b51c3563f5269a8d1c8cfa6ee2e5d758a455a7723a5a24e76a1e6525
UHJvZHVjdDo1Njk4,2025-12-14 05:01:14.042,pro_FSe3aMA3Gc369iJ4V8uHS5,QXBwOjE=,7b5dfa13d580d77f7d222080073017d9c636f9308fd557ad609897d15c3a6d49
UHJvZHVjdDo1Njk5,2025-12-14 05:00:54.662,pro_3cFHdoQ7N7sp5v6uoNFvVA,QXBwOjE=,09d53d0c38b8ce4cdf0ecd86104dea3a76faebd33ab94427fb6cfe1286fff2f8
UHJvZHVjdDo1Njkw,2025-12-16 19:10:28.067,pro_icNoRy7R4g9bLVWqSWGcC,QXBwOjE=,3cee7a3bf7d0e2532a39b2272ce5a03c7e4ae91a9d300f05e38fbbbdc401436f
UHJvZHVjdDo1Njkx,2025-12-14 05:01:18.476,pro_KTtt3shWAxUgdWP5uivnP5,QXBwOjE=,634c949b78ea8b07e341bc142074ebd45b66ef59432c2ea77d17bfe0427b5d5a
UHJvZHVjdDo1Njky,2025-12-14 05:00:32.051,pro_Q48dKG8fNURPQ7PcBnVRet,QXBwOjE=,7881b62bff428717659f978f6453e9b644c0e52c967dd71ca9bdf5117bb4662a
UHJvZHVjdDo1Njkz,2025-12-14 05:01:20.585,pro_QFtk2nQZN3rchoA1VPn2wL,QXBwOjE=,c5f324e0bd1f63efcc5c18e1c241b03f5f3f8c758cf493c0f0c2b11ebe4514bb
UHJvZHVjdDo1NjM0,2025-12-14 05:00:59.938,pro_7C6KhZjkccjGvCUTak4fxo,QXBwOjE=,c9086882843a8de42d7e529e6cdfb071b11dee146af41c209aedfca8f1572418
UHJvZHVjdDo1NjM1,2025-12-14 05:00:17.291,pro_CPU1voS9dehey8JSjYQWkR,QXBwOjE=,e413bbfe79f0f34f7aaf21f297a01161d935eefb2f6c0dfcb4d0dbd7a971fc49
UHJvZHVjdDo1NjM2,2025-12-14 05:00:24.087,pro_XdRXTY2aaEwy5Uet28twuL,QXBwOjE=,512858bade0f9ba50943dceaae731b9908e61cdb8433db795e86dbdc8e2e1a23
UHJvZHVjdDo1NjM3,2025-12-14 05:00:29.286,pro_6aafeEtcqub8qYrApYxZCE,QXBwOjE=,0bcc04e900ec701f17035038b09782e74bfb26367fe35355415ccab3c5bb15af
UHJvZHVjdDo1NjM4,2025-12-14 05:01:56.046,pro_6vehitkfJFuikJWWR6evyg,QXBwOjE=,98352092b993d8f24daf93875a46070e5f6d03aac1c3a0b255675bf84e3a1e89
UHJvZHVjdDo1NjM5,2025-12-14 05:01:56.474,pro_7DahpFop19TrvuxELVm9qV,QXBwOjE=,78a6f24b069ed8c54e1ab22ed8b641a40f872418606c13ba84fc1f4005f9cf10
UHJvZHVjdDo1NjMw,2025-12-16 19:08:47.447,pro_Cxf7cmBSomnvBysyR9jFXg,QXBwOjE=,6d4e69489a4f4c10d528cd07b999e2df9b58f55b262a6c4052cde5cefe390d2e
UHJvZHVjdDo1NjMx,2025-12-14 05:01:00.244,pro_6RoGvQ67w4mD2Uz9jVZjA6,QXBwOjE=,01bac9921c32de826f1b3ac16daa9603959f2cefa442a098147bf3720a9db660
UHJvZHVjdDo1NjMy,2025-12-14 05:00:59.327,pro_GP2EdKwK59L3PdvFR7hZu6,QXBwOjE=,885279ec1c77891cb50ba2ee2113bcf9b68aa16b2ecc148040c8dcc3adeae77f
UHJvZHVjdDo1NjMz,2025-12-14 05:01:00.328,pro_LFigZ4gcFLJc7ksV6Wv2zQ,QXBwOjE=,8025dfa591b24a29071d8f42edf3d7bb382d346b2549ed434b6565b32225c918
UHJvZHVjdDo1NjQ=,2024-04-15 21:30:46.589,pro_PfnvXsZWGN2vcQm2pRrPZr,QXBwOjE=,10832fe0c905a7a6789abe9068e000e10e7b22ac50a27d64b213e103c5b7749b
UHJvZHVjdDo1NjQ0,2025-12-14 05:01:03.825,pro_KWDFBnbHha2yEG5Kds7fB9,QXBwOjE=,94868363e6e394726be9c0b7a731af6827f85396701a7acd8f9f5fbd0228a511
UHJvZHVjdDo1NjQ1,2025-12-14 05:01:37.226,pro_LNwnKRNYh1sihgH7Vcy6qo,QXBwOjE=,97a66eacfa634c0bf5c7241f45722d0cbafba2eda77b349af693f6b1bf5ee023
UHJvZHVjdDo1NjQ2,2025-12-14 05:01:32.447,pro_RJXgMhS686VdJDfpTGEMwF,QXBwOjE=,77da07cb7ee57ebd960e1cb9b4426f6c30e66097d95ea62439610e7bba7226eb
UHJvZHVjdDo1NjQ3,2025-12-14 05:01:56.639,pro_W21CTZAqiMeAFuHDhZ1NGS,QXBwOjE=,f298bab3c36fb56e88a6a6d09ebee302eb1e5a7d4ea7345cc45f3b1c23e78e85
UHJvZHVjdDo1NjQ4,2025-12-14 05:01:56.517,pro_WYQ1zBkEU7N3YpG3hba4nv,QXBwOjE=,b35e8b6f9410489fef055697b0fa9f1527ea5786e1798a3023b3653cd3153a74
UHJvZHVjdDo1NjQ5,2025-12-14 05:01:55.710,pro_9qBxo9XRNenSajDKfr4Ahp,QXBwOjE=,13c6ea8671e02f0c4954d1a76493d6139c933cf177c1438cc7c1aa6f71a14545
UHJvZHVjdDo1NjQw,2025-12-16 19:09:02.912,pro_7YFgfzkpdoSkgJGbWftpNF,QXBwOjE=,2c53ad51e4d01c20dff718d815aa5d0777a07cafbcbbbf1fb0092da97169a79c
UHJvZHVjdDo1NjQx,2025-12-14 05:01:59.099,pro_Dp7xk8z95F6MkFF1M9R263,QXBwOjE=,a1bc402d68468baebaa2467722864ad680e81fc3a483967754fb0f116f34835b
UHJvZHVjdDo1NjQy,2025-12-14 05:01:55.680,pro_J64MzKpm2csYYTvSMNwxCz,QXBwOjE=,c736bf446a9c61104f55194ec5f9c386ae9bb00d73ee8ec310f308d82ff33b42
UHJvZHVjdDo1NjQz,2025-12-14 05:01:42.879,pro_K6BNS7D5kaKfJ9cdPFwxXR,QXBwOjE=,e4b4f0624a07807c9227ae58a42ea3efd54b4af88ef6493cea40d38a3c937b76
UHJvZHVjdDo1NjU=,2025-11-30 05:03:22.002,pro_6wLYzCt2FBxEQtTZAg7uw4,QXBwOjE=,b541dc1436443eb420b453b9e05392ad5e081d494bd586731d16c13a32baf1dc
UHJvZHVjdDo1NjU0,2025-12-14 05:00:47.908,pro_55nPQ2AsuQQFEsH4Uwqcsg,QXBwOjE=,cd885b794c5b4b12f6178ada8531780ee9239973e8a70a1b625e7a78da7b5c0e
UHJvZHVjdDo1NjU1,2025-12-14 05:01:28.648,pro_EEiLLSdwE6owDpEEBBNBxc,QXBwOjE=,a90b9353a9915e86badd40a5f714955409e6e288b49fc59dec7e2565830501ad
UHJvZHVjdDo1NjU2,2025-12-14 05:00:46.829,pro_X11MQzLdYEWHJmzWTYr18b,QXBwOjE=,a662e7a309743f710d01a71d341b1b3e7134889f558cfcb2c3bbca25834c4c31
UHJvZHVjdDo1NjU3,2025-12-14 05:00:24.765,pro_PCSowWvkSjnHAqR5jC14xk,QXBwOjE=,ce1c477b53da1719fb7e6071cc1420a176ce5127922a2aa9c3a1c568ab26d30a
UHJvZHVjdDo1NjU4,2025-12-14 05:00:18.467,pro_NmyMHvvMXiBRXBzcaRU3Z2,QXBwOjE=,a6165aaec116ec0968bc816e90c8b1813b15f44fbfffaba4d52de8a1065b1e48
UHJvZHVjdDo1NjU5,2025-12-14 05:01:06.636,pro_UQjtpbjiVUF98X5ngv2fff,QXBwOjE=,77a4f22b99352dc07611826322303bca20ba649f0fffa11588919d72368c0d13
UHJvZHVjdDo1NjUw,2025-12-16 19:09:19.815,pro_CRShHpxccwBnEZmvhiMBgv,QXBwOjE=,e49043fa7ee363060c902e9d804417d12496478925f96dde8f4af6d87704c176
UHJvZHVjdDo1NjUx,2025-12-14 05:01:57.042,pro_HK5vPR1QdLP1Q2gfP4q7Yg,QXBwOjE=,ce1e3eaaf1a848ce9990b575c1e4b31b6920e5b13a46d577b1c509f4b77c8f52
UHJvZHVjdDo1NjUy,2025-12-14 05:00:18.434,pro_RWZH98QEExZ5SWUNGXFKBb,QXBwOjE=,79c82a31b239bf4144bb9cfe8469eaf81bccf87917ee8d76334a2dd3aef38a62
UHJvZHVjdDo1NjUz,2025-12-14 05:01:46.946,pro_DFzeHqsuykbkNZN9jqX9Dc,QXBwOjE=,801eb4969366b82bf7786d8bd193f707bc88fcadfdbf62f09db8a0fc164abc22
UHJvZHVjdDo1NjY=,2025-11-30 05:03:15.551,pro_Hj4wv4E2FgGSFbWGBPR6xP,QXBwOjE=,0bde2a4af71d29ca0206566b711991834022843dfe3837136cb9bd5dd5d37047
UHJvZHVjdDo1NjY0,2025-12-14 05:00:20.963,pro_7B837Wgtddr6sMraWAvLBe,QXBwOjE=,a15c32cd918782f0f5a6b0b3fd494d9b045bdc0bddd057455ec8fa3c06caa0d2
UHJvZHVjdDo1NjY1,2025-12-14 05:00:42.224,pro_8eTXq21zzWm4oEikcJkkhA,QXBwOjE=,ce45471d576226c17e0ea1072c932ca9e561326f821329cb22c2314b3e359b7e
UHJvZHVjdDo1NjY2,2025-12-14 05:01:20.992,pro_9iwPYBnGPGK9yWGoT6tQGQ,QXBwOjE=,2461df168b0ad692359d8eac9bb85356eb83e6c84a98657752d1d35966ddc9a1
UHJvZHVjdDo1NjY3,2025-12-14 05:00:42.370,pro_CU3vhnWzB1yPHGpjmRDBG5,QXBwOjE=,2b71ea3a6db643373321199c6fdeba2dd2dd740fa910b942c126767b275561c7
UHJvZHVjdDo1NjY4,2025-12-14 05:01:34.321,pro_EzBfDYKkyEoTkstPThWUsU,QXBwOjE=,e3217bf6bde4102186f8d5fd2532e384c827377833fb7dae5a075252ed2b09c4
UHJvZHVjdDo1NjY5,2025-12-14 05:01:12.724,pro_VuCSHB6eDihG84xNb1UX5e,QXBwOjE=,0c9a7c4f058e9610dea79703a3ba936cca1a13315ffd9b1291ea5a656d0fb885
UHJvZHVjdDo1NjYw,2025-12-16 19:09:38.379,pro_XThpX6u77R2frNAwi5KaXZ,QXBwOjE=,00d9c2ace019fcfdb8691b71770a24d0bab843ba5d9322e8e8a24deae08a05eb
UHJvZHVjdDo1NjYx,2025-12-14 05:00:39.581,pro_MfanaUeNaPB9bmgGS4eZyP,QXBwOjE=,30d84bd16537f78f9ab0a5778fcfb9a028e50509a398061b6e005ae547480d12
UHJvZHVjdDo1NjYy,2025-12-14 05:00:45.154,pro_NHjz3qPDsi1M2ATdmpEZL3,QXBwOjE=,4a63f8f5d1b09a6976097c51d23c33f1f575b285b36ffbbebd944c929920869d
UHJvZHVjdDo1NjYz,2025-12-14 05:00:34.129,pro_3UFQcnkiXLPu6dgy5WBnmT,QXBwOjE=,b9e19f0d709f0751aa499e0a8878d53880301ce36942d21550293848c722fdd4
UHJvZHVjdDo1NQ==,2025-12-22 01:01:34.692,pro_5S488QMwF648kbcNCpX1bg,QXBwOjE=,17e26779cd0261117b1d7eb4d2922fd3aafc9a93704cbc5d253eb6002ebc4983
UHJvZHVjdDo1NTA=,2025-12-15 18:24:20.747,pro_XdJoVpSNHXBhdwS4v5TRXF,QXBwOjE=,ea5b5a5a647b173ce142b10d9f41c80cb4d09082dfb09f3ac9c41f2d0de0d2d7
UHJvZHVjdDo1NTA0,2025-12-16 19:06:50.825,pro_LYoJ27hHxY6JTZzdxkvuJ4,QXBwOjE=,749cbb44f55006d3a7f82619bb036511ef35a9be190153e5a97d9aebfb52ff14
UHJvZHVjdDo1NTA1,2025-11-23 05:03:01.543,pro_M12iPGNzHgwSbv2HP8BhtU,QXBwOjE=,1bada554387df05edf04e075260898bf4f96cb4897662e6f99738ec77d73e451
UHJvZHVjdDo1NTA2,2025-11-23 05:02:59.663,pro_UkmuRmsT1DrQuWsY43SZzR,QXBwOjE=,e1dfb6c130a695247bb16d8df6bb80dee0ce584f25c36870ffacec80de3955d2
UHJvZHVjdDo1NTA3,2025-11-30 05:02:24.991,pro_QtBzfNCD341EsYas1g1RPQ,QXBwOjE=,aa5d1e406004338e167b1c3beb11a8e0273e285da50f2e38489f83f5c355077c
UHJvZHVjdDo1NTA4,2025-12-22 01:01:35.433,pro_7uCLm5KzYFEWJKDC1VCQ4Q,QXBwOjE=,e33d6b697d2cab3a02176862e93fa25660978056cc81c6c39c5c7ec877400c78
UHJvZHVjdDo1NTA5,2025-11-30 05:03:05.210,pro_Y4TguX8nBWAYNYJ5C51bor,QXBwOjE=,91759d773024fb1e4ea90386e6762435950c24c8388bcc08c642cb13d83e23d3
UHJvZHVjdDo1NTAw,2025-11-23 05:03:00.026,pro_6mVMyVqtwwyMSFoCMNjjc4,QXBwOjE=,fc445a995aad7ddcc7455c48dc84acf6b40922c78a5a84587d201509098d8b8d
UHJvZHVjdDo1NTAx,2025-11-23 05:03:02.963,pro_6V7Rso83cTQr46ZrF6YQva,QXBwOjE=,cfcb5210b5e2addad4d7ff1b27e462a71e2d6af913147a89da4ad992e7a0acfc
UHJvZHVjdDo1NTAy,2025-11-23 05:02:58.934,pro_BX5Tz7ZhMr8TYrHoPDvyd8,QXBwOjE=,1a557419dea3a41b99b15d2acfe81b01d9fab572e8341a946d1f23b8ffdc72c4
UHJvZHVjdDo1NTAz,2025-11-23 05:03:01.733,pro_FxT3YKiGUGDrLnothKDFs2,QXBwOjE=,1c89fd7024555347027240a44477ccb0dd0e89eb26c2c3cefa3db20e45b4d8c8
UHJvZHVjdDo1NTc=,2025-12-22 01:01:36.146,pro_8otiVsphNFYvhD6bgAE3eP,QXBwOjE=,f6725ff3232c38c1ae7bed54c43012486f6f6e2c159cbee95183c72202e93cd3
UHJvZHVjdDo1NTc0,2025-08-05 15:05:31.590,pro_KX1WZ3k1TV9BRnXHaRieDc,QXBwOjE=,6dd377cb31eb57e9a2906827ba75011cf42c43a2633cb78efb6eadc8563ca709
UHJvZHVjdDo1NTc1,2025-08-05 15:05:27.853,pro_VBpzha2SJj7D1FGZDayhYR,QXBwOjE=,
UHJvZHVjdDo1NTc2,2025-08-05 13:50:02.466,pro_X4C129nJLYG59SLjZrHhsm,QXBwOjE=,
UHJvZHVjdDo1NTc3,2025-08-05 14:50:04.340,pro_XKRZQC7KB82HVw5aLZuQok,QXBwOjE=,
UHJvZHVjdDo1NTc4,2025-08-28 16:25:45.479,pro_YFXXgKn8W48UC7DJnk2ooE,QXBwOjE=,9a9609b4e9703091afe0500207903c9dfce346ba9b18203b1a4a680599b11ed2
UHJvZHVjdDo1NTc5,2025-11-30 05:01:26.648,pro_7U2J2X9N888oCC5ssR9Sfq,QXBwOjE=,ceba373ad0bbe79fb077c7a95adb2cee04f13576a38a59b2fd4301121e44e321
UHJvZHVjdDo1NTcw,2025-08-05 14:50:04.340,pro_XKRZQC7KB82HVw5aLZuQok,QXBwOjE=,
UHJvZHVjdDo1NTcx,2025-07-25 15:34:28.530,pro_7NV2R9BohJBjgGiXBMZNNb,QXBwOjE=,
UHJvZHVjdDo1NTcy,2025-08-05 15:05:29.817,pro_Dv7vYThYWaR6GNLadwhVN,QXBwOjE=,
UHJvZHVjdDo1NTcz,2025-08-05 15:05:32.454,pro_KLETCt2348g7fqaqyMSdDX,QXBwOjE=,
UHJvZHVjdDo1NTE=,2025-12-22 01:01:36.910,pro_NeAsWLPSFDa78Wh9vNXR3K,QXBwOjE=,f20dad5c1e795c9284ac2488012b5f3f427e32dd458b84c30c6574d14bcefaf4
UHJvZHVjdDo1NTE0,2025-07-15 20:00:21.853,pro_9ZdijU7UZpmknREQptnMhe,QXBwOjE=,099d6e1b7ad0c8d91e303b0b3c2cfafc1bb296ee19701c7bf41671fcc3d45c36
UHJvZHVjdDo1NTEw,2025-12-09 23:16:18.204,pro_DASiK4uubuePkhSqnVSuKu,QXBwOjE=,f9435e385b738d223b64872408789529246b347bfe480a08291ab1976b707793
UHJvZHVjdDo1NTEx,2025-07-15 15:11:40.905,pro_6cakM4oskC2tTBdawy4Soh,QXBwOjE=,e64ef6a18538eb05a131bfb29410d1d83f345d4cef168bb2b998b31ed37b54f9
UHJvZHVjdDo1NTEy,2025-07-15 15:11:41.722,pro_BXm4ywKDiq2nKNC6ZNpwqS,QXBwOjE=,6c1154d92fb4bbc7858d952c889b5f9b321bdf07259be32e4c8a86b7c2a0f3be
UHJvZHVjdDo1NTEz,2025-07-15 15:03:22.083,pro_Dr5vmZAxobYSmzztCC5r3K,QXBwOjE=,cbb4fa09808e470c249c471d2512674c132eb71b0e3ac6ea31a762bb8782e674
UHJvZHVjdDo1NTg=,2024-02-06 17:26:35.569,pro_SuTdMuGEgNMohPJakEYKqn,QXBwOjE=,
UHJvZHVjdDo1NTg0,2025-11-30 05:02:36.170,pro_SDhK4QhLhdBhtomP1MxsXw,QXBwOjE=,97d4689ee829aeff33e2cee70478093c7b8073d9df2df9cc71435494054f844b
UHJvZHVjdDo1NTg1,2025-09-14 06:10:11.193,pro_QuSwUDEDPKtL3RzBbRVao3,QXBwOjE=,
UHJvZHVjdDo1NTg2,2025-12-16 19:08:29.172,pro_HbJfiibYWfVrxB1NrLtzhP,QXBwOjE=,
UHJvZHVjdDo1NTg3,2025-10-31 17:05:15.307,pro_WgbKa6unkDxinR38mZmYi5,QXBwOjE=,
UHJvZHVjdDo1NTg4,2025-10-30 13:37:51.357,pro_8fxNkjtnj6danYL9GD9Xuy,QXBwOjE=,
UHJvZHVjdDo1NTgw,2025-11-30 05:01:20.966,pro_8M5SsuwVMVP5jeabiKHLUM,QXBwOjE=,d26901b34b2be359e000b4cdacaf1c715bfc183d8d4d7d87d2bbf496089992b0
UHJvZHVjdDo1NTgx,2025-11-30 05:01:21.050,pro_MbeNs5omKLtaiDExWe85Kj,QXBwOjE=,ce67ef78ef3bed592b3d41e6a1b3c9b0bcf1d33c2d40789be050d15942fd24d3
UHJvZHVjdDo1NTgy,2025-11-30 05:01:26.690,pro_VbWhYuwsr55dUQmcDEF5WY,QXBwOjE=,ffc8e6a59a43d6a30ac5a93db5442c4f9b3944a29f323072c73c438384776698
UHJvZHVjdDo1NTgz,2025-11-30 05:02:40.822,pro_GzZ8u3ZBWNFYtqgNdT2kJv,QXBwOjE=,447ac265c48b991a409ff19dd01634676c4bfc8dcba775ef654a240d3c9cf872
UHJvZHVjdDo1NTI=,2024-04-09 15:43:11.171,pro_FvK6S9d4frua75myS89X8w,QXBwOjE=,29f402a9a2c135815709750336b21e9612ff526087dc02cd227290063c88788f
UHJvZHVjdDo1NTI3,2025-07-15 20:54:43.167,pro_YWLWycRjFVutfePRvjf2xd,QXBwOjE=,3acf68f112d27cae3c75aede872a412e60b00457f2c36a5f9a7b5d6b6021f1fe
UHJvZHVjdDo1NTI5,2025-12-07 17:30:22.944,pro_GVHUCVW1WcBig9tSLm6NQL,QXBwOjE=,
UHJvZHVjdDo1NTk=,2025-12-16 18:38:07.023,pro_KGyD7XxJRhgh9Sw5FxW5Ru,QXBwOjE=,e57de644e5ee902795a9721fe53d2d942a3a93c2e610bdfce4b0b77b74812d3d
UHJvZHVjdDo1NTM=,2025-12-22 01:01:37.751,pro_S4AXzUnxJbXo226Zy7Fvoa,QXBwOjE=,ebacea400953badd31a361145ed2bb76ec5034d9ba19d08781480da3a85f24be
UHJvZHVjdDo1NTM5,2025-11-23 05:03:02.920,pro_PCMG5k9tBWZrvr8qCn3Bim,QXBwOjE=,004221caa3c37af24af69c2efab52fde3905bc89285610f1e5a81ffbff438317
UHJvZHVjdDo1NTMw,2025-12-16 19:07:15.187,pro_D81eahFWsTxsDgkrupeuM3,QXBwOjE=,a6619d2eb9499d99b3dcf099ede1dba86b06e1d6f922c6bfb6179bc3665f5ac3
UHJvZHVjdDo1NTQ=,2025-12-22 01:01:38.411,pro_DKB4ATyQk4d5XQkos9QEKV,QXBwOjE=,7f1d6ac9068f3c113a7880220f2a0cab344b8ba9825ca55c47b3a714ba2f223a
UHJvZHVjdDo1NTQ0,2025-11-23 05:01:57.668,pro_6xHP22NsEEL1y8KgipRKGY,QXBwOjE=,8c406f657e390f60fe04b962f648ffe7cedb8f051efaacf1ea85f4d2a080b046
UHJvZHVjdDo1NTQ1,2025-11-23 05:01:59.520,pro_Ek8bhVb21bj3FAP5EoePdt,QXBwOjE=,27d6646f9022deddb65402e0f6fe302c457d207eaaafd5ffe07c59d227012871
UHJvZHVjdDo1NTQ2,2025-11-23 05:01:59.520,pro_JAUNXBU2NAeAxu5SCVoX52,QXBwOjE=,f6cc20538ac28745d37053ae8d5235ed53451d66c9daacbbffc202d87d6ed676
UHJvZHVjdDo1NTQ3,2025-11-23 05:02:01.180,pro_QUdGBVPiJkwbgbGqs3RTVL,QXBwOjE=,0d7d8cb3471610d87315f4992ac7dfcf1dd9d0ed649dab4b5161fc5d5dc03eed
UHJvZHVjdDo1NTQ4,2025-12-16 19:07:33.674,pro_SUi212jLERKjDs9nchYxEs,QXBwOjE=,b269efbee5c3168350d83b41c0b2409ed40ecfd8c63ee9efb0cab2be11db9b2b
UHJvZHVjdDo1NTQ5,2025-11-23 05:02:03.118,pro_Swqm8gpMwDkySktnZGyPoS,QXBwOjE=,8a37396cae798054d861191fd7199c2107dbf1a22b694115dd4b4b91566a9d1d
UHJvZHVjdDo1NTQw,2025-11-29 13:55:53.430,pro_MLeEbiFG2C4ASYpFRLUGfD,QXBwOjE=,18b5d43a7d35d9950bc6af063006a8cfd0882332f222e3a94b5486064f336e36
UHJvZHVjdDo1NTQx,2025-12-01 20:33:38.190,pro_98iaTwvJ9dPDJ2uT3mzpkz,QXBwOjE=,fae79c4eda399dcac93855fef229a7ce26fd4cacefaf8639d5bc9629d9b98242
UHJvZHVjdDo1NTQy,2025-11-23 05:02:04.393,pro_2AsovYTBHVWvkRk252henk,QXBwOjE=,54d62fa77203e3efd3bc94fdbc456b1d30eb1ff7fe0c50012ee4a83b873a2c88
UHJvZHVjdDo1NTQz,2025-11-23 05:02:03.120,pro_32N23236tKhtukskndKopj,QXBwOjE=,0188fefaf0435986b6a9c40e22705e04de8541c77b897074f1e49f7ca5d91390
UHJvZHVjdDo1NTU=,2025-12-22 01:01:39.191,pro_HuFUMTHCpyvUvQ8LtXEKyd,QXBwOjE=,53391a57e0e898f36cb968290ae4fd9c2a287fc23413a9cecc3b88e98084764d
UHJvZHVjdDo1NTU0,2025-11-23 05:02:06.105,pro_FBfjsKoVnVfnXM3Uf2Wt5S,QXBwOjE=,7647478a8dccb0acebe29e7fcea41f0a5c250f47690ac61db0369da1efc4284d
UHJvZHVjdDo1NTU1,2025-11-23 05:02:03.177,pro_KpNAzU8QEhx4mf9tLa5UXy,QXBwOjE=,be8cf66435f44773dc1260c0b72ab5fa1adc620e9a6dd7c35b756e978f036995
UHJvZHVjdDo1NTU2,2025-11-23 05:02:06.159,pro_LpQkxSKDEvYh2kWAN2B8Sq,QXBwOjE=,37eb9ce3c010d938dd5da90bb0be77e4de731cb4798224e3e604b9bdee1576f1
UHJvZHVjdDo1NTU3,2025-11-23 05:02:03.174,pro_MibxMG8M5qNZUHkp7mRLkV,QXBwOjE=,a7a2e8ceda0f0f8cd5814416d0e6418f684cdd7c991d96ca66cb94946c711c6a
UHJvZHVjdDo1NTU4,2025-12-16 19:07:52.482,pro_WV3PnqvZApBrTwmW8mbK8G,QXBwOjE=,bba3d00a9c1d17bf5cb1ac85611b750aea2f333ad454a3ae5ddca881b960206a
UHJvZHVjdDo1NTU5,2025-11-23 05:02:07.622,pro_511b95Tpu2GPhcGdwJJ2GZ,QXBwOjE=,0bd4c7d9f6893729ebdfc96c65b5de1400aa149d74d7fd54a3502d1c8ce787ab
UHJvZHVjdDo1NTUw,2025-11-23 05:01:57.512,pro_W3Y5RuYbhNJQdYeuqQq6of,QXBwOjE=,0e845a6f2b9bed7a133ef021140417957a093e7dfc11ae13081b5a8a026a0085
UHJvZHVjdDo1NTUx,2025-11-23 05:02:05.436,pro_D6WkDuVwy3eng8KC3DQcNG,QXBwOjE=,3ff76ffbceb4aead87dc59d2074c95552550ac49c42e68b8bf4ec4edda0cce53
UHJvZHVjdDo1NTUy,2025-11-23 05:02:04.924,pro_Dij1ZKtN4AjH6QmGsGLqZC,QXBwOjE=,86b0713d2d1964f5b3c1c7ffaec9c8937468615e6340ecaf48759c6aa07aa9e1
UHJvZHVjdDo1NTUz,2025-12-07 05:01:00.855,pro_DnAGRuMFiNSzmZpkcxd3FL,QXBwOjE=,c1c3dd201da8d77f597634683cb438244f92f2673c83fc965ee12a77bb31780b
UHJvZHVjdDo1NTY=,2025-12-22 01:01:39.819,pro_7FFqBe1aBQ8p3KDqGocLvz,QXBwOjE=,f840e5d6eebae589851a2faa4ae9773d0be6d25a565d806e29b7eb1e4d3e0a99
UHJvZHVjdDo1NTY0,2025-08-05 15:05:29.817,pro_Dv7vYThYWaR6GNLadwhVN,QXBwOjE=,
UHJvZHVjdDo1NTY1,2025-08-05 15:05:32.454,pro_KLETCt2348g7fqaqyMSdDX,QXBwOjE=,
UHJvZHVjdDo1NTY2,2025-11-23 05:01:19.305,pro_KX1WZ3k1TV9BRnXHaRieDc,QXBwOjE=,
UHJvZHVjdDo1NTY3,2025-08-05 15:05:27.853,pro_VBpzha2SJj7D1FGZDayhYR,QXBwOjE=,
UHJvZHVjdDo1NTY4,2025-08-05 15:05:33.093,pro_36JfMqp6ALA1JrghxKYTgk,QXBwOjE=,
UHJvZHVjdDo1NTY5,2025-08-05 13:50:02.466,pro_X4C129nJLYG59SLjZrHhsm,QXBwOjE=,
UHJvZHVjdDo1NTYw,2025-11-23 05:02:07.623,pro_8vhEFqyxMhwG4KtuEMwzqj,QXBwOjE=,cbed04ee9e70627607c20dd81a6d7eee1ecd079be7d97e012fb6567f98d11969
UHJvZHVjdDo1NTYx,2025-11-23 05:02:08.119,pro_DjoeC9v5uE3fjUsKzhKHE3,QXBwOjE=,28bc5890524d5e23dbc514c3e50fefdaf39b7395b6aa41d078719564ef25cefe
UHJvZHVjdDo1NTYy,2025-08-05 15:05:33.093,pro_36JfMqp6ALA1JrghxKYTgk,QXBwOjE=,
UHJvZHVjdDo1NTYz,2025-07-25 15:34:28.530,pro_7NV2R9BohJBjgGiXBMZNNb,QXBwOjE=,
UHJvZHVjdDo1Nw==,2025-12-22 07:20:09.977,pro_U8oBvFZEk4fjbdpCsTuhRC,QXBwOjE=,0b3e10efbdb4c6398647d7d824884a77f1b49454cc26cafe475b030738cbda8a
UHJvZHVjdDo1NzA=,2025-12-22 01:01:41.580,pro_GQQ6qyVN7QJPJnFrhAiNtA,QXBwOjE=,f5d30642181bde14b11dabfa34be594349d78cc899486b05a0d8ea8f097ae727
UHJvZHVjdDo1NzA0,2025-12-14 05:01:02.770,pro_7mNxkybkTF6tgk6jCinMCa,QXBwOjE=,a351c5ad8883e464391d4dcec0aa46652c6fb6e58515761865b00644e7b04c58
UHJvZHVjdDo1NzA1,2025-12-14 05:01:47.850,pro_BafhT9XBkZe4H9EfZ695E7,QXBwOjE=,97102a681b54ad19fb7ed57a244fcd9664ca61d256335c2e1e65cab0262aa3a6
UHJvZHVjdDo1NzA2,2025-12-14 05:01:42.006,pro_H6SxabhzxkP8SUbds7iUmp,QXBwOjE=,421443337e78a5d4d0f9a053e491564e59a66b711d2af2327e939f08c61976eb
UHJvZHVjdDo1NzA3,2025-12-14 05:00:48.560,pro_Y86cZoyxFbZrnk9fSf3Qk5,QXBwOjE=,11d0aa54bdc67693b63267f094207aa56e17f42fbe387a3149e8a1b67d92d731
UHJvZHVjdDo1NzA4,2025-12-14 05:00:53.534,pro_AM32K3tMGe8h638PFeymDp,QXBwOjE=,0ca33af1c77b3241bc7ada1e6a4726e189f586a3a0616e7aa5fbf1ee4023a53d
UHJvZHVjdDo1NzA5,2025-12-14 05:00:50.666,pro_JtcKJu4z6cHczsWeKone75,QXBwOjE=,65a25e0e2cc66c9bdc00d6e1fc9507f7fffbf77cf2ced2e5d99d331ab167b314
UHJvZHVjdDo1NzAw,2025-12-16 19:10:43.511,pro_9iK7suKhLVjjNdx8wGS2HB,QXBwOjE=,3066485f5840afb4f30017b25481115a2423c192ef2334dfbe8a65c0f62afa93
UHJvZHVjdDo1NzAx,2025-12-14 05:01:24.645,pro_HkuzA37MUc1yM6Sd41b2Bx,QXBwOjE=,52943752c20ac318fde62c89d60095f62cf111a1009301d2f4664779482813e8
UHJvZHVjdDo1NzAy,2025-12-14 05:00:56.274,pro_QErkNRD6jMVdfFhr4suaxv,QXBwOjE=,67791606b6bc88010884e849671fea390dd937e279bcb10d66a23c6703b468c2
UHJvZHVjdDo1NzAz,2025-12-14 05:00:55.080,pro_HVeYPXFGiFxRg6HgWsqvLk,QXBwOjE=,f0dbe13813a31aca553ff9a5246d216e85c623ea93899ad07d8a8d299d55a688
UHJvZHVjdDo1Nzc=,2025-12-22 01:01:42.395,pro_B8obAJucnrmRzCkWfKWjYL,QXBwOjE=,6de1fa03c2fe60a699090614c3553994016e8ced817d44afc367c9d1784750e1
UHJvZHVjdDo1Nzc0,2025-12-02 12:25:41.718,pro_JLBKZa9yw2dex9Zmgsmeyf,QXBwOjE=,2b43413f6481980defc8c7b021c573935d5f6639de4cb5ceececd0ae9cf3b4d5
UHJvZHVjdDo1Nzc1,2025-12-02 12:25:46.940,pro_M2Hjf88HessTESceG9rKHG,QXBwOjE=,de3117d802e7149514068faa2780e22d2584088d8674089e4695c83a4f346626
UHJvZHVjdDo1Nzc2,2025-12-14 05:01:45.522,pro_P5ysD8PnVojoJaPtQDj98s,QXBwOjE=,3738b742e3dd5a0fbfd2d38d4534a4e82e04bf0b53567e57ff7b438614115de0
UHJvZHVjdDo1Nzc3,2025-12-02 12:25:55.715,pro_RcKkTprs3Rv5ytTuCXXQLj,QXBwOjE=,3d903eeec9832fb57234b7bd4bc50c060824322c78b9710a8a776280bcd9cf44
UHJvZHVjdDo1Nzc4,2025-12-02 12:26:00.783,pro_TMTvSC5PyKAH6WzBaVSKHR,QXBwOjE=,67ab03432bd71311fddcf6af1312ec3ccc68a0afb5bcd5ff2c7a19ab9b4b7c1c
UHJvZHVjdDo1Nzc5,2025-12-14 05:01:44.517,pro_UkTdzifLBaRHAQig1Gc6L5,QXBwOjE=,46bffa5f3b915a8f75b706e34cadc5b68a132ab540440c47b3c1ee1fd0e892ec
UHJvZHVjdDo1Nzcw,2025-12-16 19:12:40.428,pro_B536X6QdtHgosmL5iqkdH6,QXBwOjE=,da252dc485e32e0faf8d549ea450f8e1d4b495b9ec74f46c794e55371b07957b
UHJvZHVjdDo1Nzcx,2025-12-02 12:25:23.907,pro_BxMov421G8MQPLxGTjCwbt,QXBwOjE=,edf61174463968e6f91a4fcd88eb1783459f16d2ecee0417feafa61f527863c9
UHJvZHVjdDo1Nzcy,2025-12-02 12:25:28.681,pro_CDtafAvGGPZTgJvrYCB8ft,QXBwOjE=,78f3d00dc3700deecc6d4f45b749f30297a87fbea96627ae8f34962d3c9d9300
UHJvZHVjdDo1Nzcz,2025-12-14 05:01:45.035,pro_FMdG4rtAuRgnPwytG1ctt,QXBwOjE=,97ec73c9b0f9ac76fb8d421b70477d740d7fdc6e0069a6ab6e1448ffa33695a3
UHJvZHVjdDo1NzE=,2024-04-09 15:48:17.000,pro_LnmCdgd4cxDEnnsYAFGVUX,QXBwOjE=,cd14f496e15a430d6bf4f7d4d849f0cc49eddd8b72f2d4d04fd54f88dea86612
UHJvZHVjdDo1NzE0,2025-12-14 05:01:05.572,pro_5AKhLamaYCNhQ76nnMPbfL,QXBwOjE=,60f6d7757e09037577d307dda1cf6a56b95ec3d0313066256156d7a1657d3feb
UHJvZHVjdDo1NzE1,2025-12-14 05:01:38.841,pro_6ZSu6DwxQki7U769tohwmb,QXBwOjE=,9875aa4eb2dc422df4913d5a986e96fd82c5b94ddf7fd75843f662a63a3dbf33
UHJvZHVjdDo1NzE2,2025-12-14 05:01:36.247,pro_KpaTA2d1DerQdgWDiJHhCD,QXBwOjE=,59899b70a8717e1b6d937f341f7d5cefd309e80968ec16efd346edf3d5d98bbd
UHJvZHVjdDo1NzE3,2025-12-14 05:00:32.290,pro_PD9oxBAbnLWc2Mb9aALWjH,QXBwOjE=,9b3c41e25fa15b12ab0a7874db21032db740316796ab9198f154abb900805db1
UHJvZHVjdDo1NzE4,2025-12-14 05:01:00.234,pro_PYSdHnUf4ofPSJnHVUcuJT,QXBwOjE=,cc713d4947c7af16e1b8cb29a31545ee33c4faa7fce628365182b90a87457422
UHJvZHVjdDo1NzE5,2025-12-14 05:01:49.836,pro_QQ3reXfc7KhPzRmeoGLnyQ,QXBwOjE=,7aba4aa8a56ed73c9c546f0229e47e3463aac1e38becb42b409383f7ea394d4c
UHJvZHVjdDo1NzEw,2025-12-16 19:10:58.737,pro_JVd7ud27LKCG7FqNpRUrUu,QXBwOjE=,2e9c40a04409e69d5848b763d71ca9eef377b0c01acbd7f93da0c3def7a373e3
UHJvZHVjdDo1NzEx,2025-12-14 05:00:49.020,pro_Pn8NGnfK5E6rTAEqhS7tzu,QXBwOjE=,04c87d3828e742a178f4efca11eeebd7457a9ab57997252dcdfdd216f2d25708
UHJvZHVjdDo1NzEy,2025-12-14 05:01:07.390,pro_UcTUxJBhbDBEUPaZmSYkcG,QXBwOjE=,5b98684b49ecf17a113523628a08cf7d5385fbe8ad3dba08d96dc1c547f1ff4f
UHJvZHVjdDo1NzEz,2025-12-14 05:00:37.658,pro_3E2MWVqXCfcRKEnpitivpF,QXBwOjE=,aa51e5d864b2d019997e0453b4b6c8661d563f09119885cbd4f6032cdfc96262
UHJvZHVjdDo1Nzg=,2025-12-22 01:01:43.130,pro_V1PP73fX2PBzFhng28TyhC,QXBwOjE=,1db489b66a6f403a9757b30a780cfbce3a3f78fc1c2635eade4833759d6c0495
UHJvZHVjdDo1Nzg0,2025-12-02 12:26:12.126,pro_Y2tjP16Eh5UKe4rqvkfGeX,QXBwOjE=,c95bc6b65498063e7bab060a28fae587f87d72d31d13769cb3eeccef96c1a05a
UHJvZHVjdDo1Nzg1,2025-12-14 05:00:27.416,pro_2MRE2b1Udk2HK7Jje3tTmp,QXBwOjE=,c71963e7e715ee9c9ce14b4f411278ebe0a605b87e6f1e89f3939c9bd1634d7e
UHJvZHVjdDo1Nzg2,2025-12-14 05:01:08.960,pro_BQcMrRLSZUb7SRjarpEwwm,QXBwOjE=,7fa0f28f150cc7f247e702ea23bc0b26a2e6da7fda1a84f90f5a0524c7094b58
UHJvZHVjdDo1Nzg3,2025-12-14 05:01:34.012,pro_C6DwVAXzdPuNj6eHuHPCbw,QXBwOjE=,bdfc8daa12eee95baaf9c4711ccc2a0c9d0b5f72cd6e90eb96b9a67dbf0f2a3d
UHJvZHVjdDo1Nzg4,2025-12-14 05:00:24.678,pro_EfB52QKRJnk1cWRSH5n7Jr,QXBwOjE=,17a34902c335b1e55d5e64bf7e79b4abf1391dccab11f99fbe91cad4618cf983
UHJvZHVjdDo1Nzg5,2025-12-14 05:02:00.569,pro_FuJP64SJ799ULs4JfsvaX1,QXBwOjE=,61936aa7966b6a8070500dc61ea948501d5a0f531383f0c16d9d2b624e0665f3
UHJvZHVjdDo1Nzgw,2025-12-16 19:12:56.110,pro_UvBB4Xyf16JL8yseRkMd8X,QXBwOjE=,7073d2b33f73a7eba040d33f81cbbfe692bed48db1ee3dd7d47eed306f1fbbf0
UHJvZHVjdDo1Nzgx,2025-12-14 05:01:45.118,pro_VE2bBrdEozCXF6XSbbhdiZ,QXBwOjE=,8e5ba03f1356ab62f5daedcc1320c6077879bdd88017826076a78d8ec871c8fd
UHJvZHVjdDo1Nzgy,2025-12-02 12:26:07.261,pro_XE2n3oMnL2uugXmYQfzsHq,QXBwOjE=,61f30a55f68a186c35889f280e4d5b6db9191db1b5d903947aa4680bb96b122f
UHJvZHVjdDo1Nzgz,2025-12-02 12:26:10.458,pro_XzCidrT4zSqpaQKiyDKD29,QXBwOjE=,6ff49492db7366d3dd68bee66e17990d3434885622831ccb95a2ff20d33ac827
UHJvZHVjdDo1NzI=,2025-12-22 01:01:43.764,pro_CYzJspUFNxes1uuHfkBhHu,QXBwOjE=,f3d1d16ac25a42c5a44afe747fca02e15f68852b6e91aff93a5834948c1fb8ae
UHJvZHVjdDo1NzI0,2025-12-14 05:01:03.109,pro_57WBu9ryUXEq75bi1o8joP,QXBwOjE=,545bb34dd6079ea50834e0b5ef51fdbfbe91f35cf92a0f203dc6f7f0135d0003
UHJvZHVjdDo1NzI1,2025-12-14 05:01:47.592,pro_6hjcYiEBaoqxx6crV8dFrE,QXBwOjE=,5bf415569b4887594ac744c10d3f802f19ca79ff025336bbb01e782118f0b5ea
UHJvZHVjdDo1NzI2,2025-12-14 05:01:01.321,pro_8ccMveyXdig3W9dW6o6RaP,QXBwOjE=,d7d729eef1bd01bd37a4f4a4604d8459b18e22ff909625da2142aad67018ec70
UHJvZHVjdDo1NzI3,2025-12-14 05:01:30.994,pro_Luifs97C4DRzpx9VDnK7C7,QXBwOjE=,d94e457d0af55e9837940a230ea3abfbf794af21b5f7e1d81870b4d0fd21fed7
UHJvZHVjdDo1NzI4,2025-12-14 05:01:42.779,pro_Pgf22Yi8kaWoo2qFnk5tWh,QXBwOjE=,dcb2d43dbe8a89267fe935c7b9e56e8a861107ceb81d145c51bd8f15e3b4b6c8
UHJvZHVjdDo1NzI5,2025-12-14 05:02:01.746,pro_SPQFLhMWqKbx8mCnUKqS6C,QXBwOjE=,aa7ca027c1df17f3dcd635446a351e4ab346c562bcd4bea42e3389228bbe3b6f
UHJvZHVjdDo1NzIw,2025-12-16 19:11:12.370,pro_WRXzdw2c3mj73FtEni4Rff,QXBwOjE=,0cbcfc3f3af027773ae58c680f013140a23c1667dbb0b2c499db17b0669d3ac8
UHJvZHVjdDo1NzIx,2025-12-14 05:01:36.869,pro_WSdERTDt2QmeRGoZejor4y,QXBwOjE=,bdf503b9520cfc90fdb2e9f9a0d1cf09f95ba0484402da09be0938a174b08ac0
UHJvZHVjdDo1NzIy,2025-12-14 05:01:26.825,pro_XwVtKBcotcmYXNGoYWaRqY,QXBwOjE=,8eb6e846ae4ed63ed522e107a00c763b6127fa171b8d61bf843d85fc189e5127
UHJvZHVjdDo1NzIz,2025-12-14 05:00:58.661,pro_YWJYxmKXwZcVv4SrPXF6nH,QXBwOjE=,c040fff19a5f22d260600a873650f16f90b101dcb2594ce93b832c5bcc7d0527
UHJvZHVjdDo1Nzk=,2025-11-30 05:03:11.518,pro_Mhf3n7K5FK1KBcB4hfUnS,QXBwOjE=,782368c309acfcb2cf0a90074b3ef6b0cd39b519584f83d79ffc01b9c6d61a73
UHJvZHVjdDo1Nzk0,2025-12-14 05:01:53.159,pro_4n4v1yUGMAvjrRK6cdaJrV,QXBwOjE=,0d7e3a9cd16302be0e502ad0918d9b3cbe0a52affe9e7f9d8d8c6bfe04a0b982
UHJvZHVjdDo1Nzk1,2025-12-14 05:01:37.365,pro_7bMxDYATS9U5wEJzLzxTh4,QXBwOjE=,abe2e52594886a219f36ec14ab7e35355eded06584c361615d8e62aefab8e3ef
UHJvZHVjdDo1Nzk2,2025-12-14 05:00:35.064,pro_CNoXKDTvNtgN8ygPLmPJQ7,QXBwOjE=,06e19ea118f650c1cce39b2b31967aacbc14a92c5099d5f354b59e943afc886e
UHJvZHVjdDo1Nzk3,2025-12-14 05:00:31.765,pro_KMeQ5nHwBRdRGR7gpazSsH,QXBwOjE=,90ec94016f095b86279e4bd2f13623f76698b0ed72734a48bb76359f0a568911
UHJvZHVjdDo1Nzk4,2025-12-14 05:00:35.989,pro_NYu4EiLuP7VrmGz6f3cEu3,QXBwOjE=,9520d250a228679c0c0cd18c32152912393580741f22a670b09abf48c6a13393
UHJvZHVjdDo1Nzk5,2025-12-14 05:00:39.552,pro_PwAsReYkEYA97vuMPNJYP2,QXBwOjE=,61ddbe9d07ef2c94e318fd91fe6a7a0f6069a4ec474ab5b2d4c4bf9282ccd23a
UHJvZHVjdDo1Nzkw,2025-12-14 05:01:00.453,pro_R7EF9qvs2cyxg5fYT4Va9W,QXBwOjE=,41fb148144e7605db91f5578061462367af3c9ebb7d4533113cc4849d9da9295
UHJvZHVjdDo1Nzkx,2025-12-16 19:13:14.165,pro_EizjBF7FuohbTeDMFdwRXi,QXBwOjE=,7940e176b6638475dc102dd785ba41f30f2b2a05f17942624b15f2245e9f4e43
UHJvZHVjdDo1Nzky,2025-12-14 05:01:12.863,pro_JGievbVCq1KFCvbw3JTNnt,QXBwOjE=,2842fe931a55abc9c98dff40994c2ea22b14a4a4c256e650f2b0a4576c449990
UHJvZHVjdDo1Nzkz,2025-12-14 05:01:05.369,pro_EHw6K7mXU3zEZ98Nvnu6W8,QXBwOjE=,0d2982f340da1d046ace3959cb0c4cc56c6184933da958bb96a47930e0df84f2
UHJvZHVjdDo1NzM=,2025-12-22 01:01:44.541,pro_HKLpWSjsAomd1zQus23S2u,QXBwOjE=,1b672dbfc5a146e77f784189a40a83befa569589fbf3144f68a9f1e50979492e
UHJvZHVjdDo1NzM0,2025-12-14 05:00:49.780,pro_9MNLeHxjE32bEmWpfXhy5t,QXBwOjE=,4ea5997212a14d215fba42b15ec3cc014dc8e487f92c9eaf5c57ba1246725393
UHJvZHVjdDo1NzM1,2025-12-14 05:00:50.180,pro_CAFP6aQwpcAUC6qgb5CsFP,QXBwOjE=,4ea5997212a14d215fba42b15ec3cc014dc8e487f92c9eaf5c57ba1246725393
UHJvZHVjdDo1NzM2,2025-12-14 05:00:48.779,pro_F6yMtKGtVJXPB2JVYMWN97,QXBwOjE=,4ea5997212a14d215fba42b15ec3cc014dc8e487f92c9eaf5c57ba1246725393
UHJvZHVjdDo1NzM3,2025-12-14 05:00:50.323,pro_H4q3oMWZy9vYufZB6gzP69,QXBwOjE=,4ea5997212a14d215fba42b15ec3cc014dc8e487f92c9eaf5c57ba1246725393
UHJvZHVjdDo1NzM4,2025-12-14 05:00:49.942,pro_HCeSsw3VWax9Wij5MnzZLq,QXBwOjE=,4ea5997212a14d215fba42b15ec3cc014dc8e487f92c9eaf5c57ba1246725393
UHJvZHVjdDo1NzM5,2025-12-14 05:01:25.872,pro_Nq7xspBSZD1a7zMc2JasXZ,QXBwOjE=,fa39290e9e61c8f5a83093fe7d2236fc9c968536a7db75b8d150aa537dab5683
UHJvZHVjdDo1NzMw,2025-12-16 19:11:28.435,pro_SqxjEX4ns7haqwcTk5GYzM,QXBwOjE=,009015ac3bff8599dbd798225e883c56955539fa47c967efb8f63c1500954bd3
UHJvZHVjdDo1NzMx,2025-12-14 05:01:03.223,pro_SwUZEPyMUUQueSB4zQsaRc,QXBwOjE=,c1f03199edec0402e80e4a00ffce9b8875df9ff4467dd4f7007b09355f37d15a
UHJvZHVjdDo1NzMy,2025-12-14 05:01:03.459,pro_UtU8kob6T54ypqN3CuUVdH,QXBwOjE=,64c913e2edd78edd44eb467d0687f57af7e40428d1f56ba70c437982138a1b70
UHJvZHVjdDo1NzMz,2025-12-14 05:02:01.484,pro_VCqLo8HV4bDZyMU6AVN2Cv,QXBwOjE=,30b370d3e32365bd013001cbb712192ce4787db72ae23b7c9190c676e8ae60e4
UHJvZHVjdDo1NzQ=,2025-11-23 05:02:27.075,pro_VQbENyeBqtz8dgQqwREEdV,QXBwOjE=,def9e3448fa3e50ae5d87597af53694324bcbeecf1de116312a766471b99a56d
UHJvZHVjdDo1NzQ0,2025-12-14 05:00:56.642,pro_TCRCf43dA7Rh5iorS5jtPh,QXBwOjE=,15e443af61f42dd80d4dce5ff418fb3cdc5ab89a17277d868209310bb44c5022
UHJvZHVjdDo1NzQ1,2025-12-14 05:00:37.355,pro_VNZ8Tm5hFi3D2kmjMZQGTq,QXBwOjE=,88d4133fc51ab6e20636a1db973ad31ff7dd6079cf856c7c48a7b76ba31b2925
UHJvZHVjdDo1NzQ2,2025-12-14 05:02:01.682,pro_5WHGtKUz5hPUiVfHPBqkWP,QXBwOjE=,74b2a5f4f547e7cee4355462e45da8577918881808e886eb1d8ecb42c57f9bc6
UHJvZHVjdDo1NzQ3,2025-12-14 05:00:30.523,pro_AvyBPWeN7Dp5BhBHnY4SNf,QXBwOjE=,e0ecafa1297c333547677eac4aa1d668852fb43e0520c4116a24753574c77a32
UHJvZHVjdDo1NzQ4,2025-12-14 05:01:56.386,pro_GYF7JCpA6yfm7NJqZ3aA8S,QXBwOjE=,17d61d3e524c45e21411257040fb330428e7777f606d25b5c806497dad133bdb
UHJvZHVjdDo1NzQ5,2025-12-14 05:01:28.118,pro_WvLVJQScCyVLNf34asLw3X,QXBwOjE=,be9e930e2ef7fb25076f82f1d3c3d86f10ddd664436702ef36d2dbe4acc5578d
UHJvZHVjdDo1NzQw,2025-12-16 19:11:47.256,pro_7Gc1wzdi6PG3Gr2buEDR7C,QXBwOjE=,91fcf467ce59c3f4dfdc153ea41f49da41245544256b3e2437b90d345d99d9f5
UHJvZHVjdDo1NzQx,2025-12-14 05:00:57.874,pro_3xZsdcTHdqRiJKXhiRsgxw,QXBwOjE=,39f71692c905472f984313e41d5c2ab492ce6a9dab0b4c76c702fb50f6e2fe6f
UHJvZHVjdDo1NzQy,2025-12-14 05:00:56.845,pro_J1kFZU2V2iWxGaodenpk8k,QXBwOjE=,6cabeece54508b3583f6596413e5f39347e8d5531242e4c6367bb91ab822fa27
UHJvZHVjdDo1NzQz,2025-12-14 05:00:56.816,pro_PGhXBpNqHx68aD77VHVpDH,QXBwOjE=,c02c8c882584612dc522d97fca4af62cda9733a8d9b81286a89d851715997c4b
UHJvZHVjdDo1NzU=,2025-11-30 05:03:14.434,pro_4dHfNpMQJNECKNMUxVoWPj,QXBwOjE=,b5aee7282bc1c86b84412080a4093e666844e2e49ea5e6d30d3a27f2dbedf9ca
UHJvZHVjdDo1NzU0,2025-12-14 05:01:16.386,pro_FLDuXGXaRUsVyJEK6tdv8y,QXBwOjE=,1e05191e9e65e7028976ff25a570ffa5c8bde2339a09b7c87c68df5e4aacce8d
UHJvZHVjdDo1NzU1,2025-12-14 05:01:47.118,pro_JQ94vViqtcfd4q26hzrzwQ,QXBwOjE=,0e2569a3fc55f76b391a8f00718bcec782ea8de6e60dc4a46a3afb00fc872b2d
UHJvZHVjdDo1NzU2,2025-12-14 05:00:38.177,pro_QPTrN3mQthV9r35N63k2Ab,QXBwOjE=,2b58a82c015e9a89713bc2af06888a4833c6428028a75861554dd6a2aa025b96
UHJvZHVjdDo1NzU3,2025-12-14 05:01:47.954,pro_SHcy6g6pTq4aCMMjQTSD6Y,QXBwOjE=,23d77f61c851292a63c52ede3825449039352144b901789a937f76fc72844f56
UHJvZHVjdDo1NzU4,2025-12-14 05:00:56.026,pro_87xFpcWrkGBkrLEiBaatP4,QXBwOjE=,4e8b85233d6ac5761bed28af018d97339e990f73e6f42393d77f105d20eb9bbb
UHJvZHVjdDo1NzU5,2025-12-14 05:02:00.532,pro_9nLM9m1nv9teayPiV8EUEy,QXBwOjE=,cc915d8074140a71ce7c3b32b5c707cb40c740b191452b29b1788fef6ebbeddc
UHJvZHVjdDo1NzUw,2025-12-16 19:12:06.370,pro_B6YyY2jhiLJv9Y7bhekAWF,QXBwOjE=,ed52c915f873c2a38d480c6cd762916b4ed932390f92080f3e5c37a58a7997d7
UHJvZHVjdDo1NzUx,2025-12-14 05:00:32.000,pro_Sa3EMfhmFeXmb4bAWnmB9f,QXBwOjE=,c6921d7cf7d8848c0f730fe4632b821304c178b034d13b597d5853b4c9b8066a
UHJvZHVjdDo1NzUy,2025-12-14 05:01:08.708,pro_MrAFPN79PjfsY2HFZXV6Fk,QXBwOjE=,d19c62d48be28e2bcea36713f4881e17343fb083129a7128fff434cfe3c3d99d
UHJvZHVjdDo1NzUz,2025-12-14 05:01:09.184,pro_T4JMieotheWzK2wQuKG63k,QXBwOjE=,26aff5055ec24da49fcb0c02fc0c58c1d3689de179d8781343d903c57523d7ea
UHJvZHVjdDo1NzY=,2025-12-22 01:01:45.250,pro_VbXuq7H8tPQBwqB2nHYmRS,QXBwOjE=,417ea9728c48091d9462374f47a6f6c4bd1272a28f3cb316dd985a62d3b0391c
UHJvZHVjdDo1NzY0,2025-12-14 05:00:48.037,pro_J9upSsWRGWHF8yk6fhyCVr,QXBwOjE=,db7d34e90e665e81cfd48548fd16afc2d0978cced363792368e45fbf78fddb0a
UHJvZHVjdDo1NzY1,2025-12-14 05:01:12.064,pro_L6n4zFa9WTeykhthyKFBjC,QXBwOjE=,00fe52e3ba7ac7f90bb6452694dbfe76469e48dff788f9b18b6f9d5070f8fb84
UHJvZHVjdDo1NzY2,2025-12-14 05:01:37.500,pro_Xkofx2kTSKSngsmkeEGr1b,QXBwOjE=,86dd1fba628ec3d3eb2ba51c23807cdb3bef5a3744439e43ffb5ab48020971e9
UHJvZHVjdDo1NzY3,2025-12-14 05:00:41.033,pro_4FdvFhfzgTDbrT9M2QdBFi,QXBwOjE=,02972f375325be85c2aef28bcb8bb17dd9b5d218f8e6f23d4df659d329b0d9e9
UHJvZHVjdDo1NzY4,2025-12-02 12:25:08.085,pro_2mobWH1YNEaeZkqomRjovE,QXBwOjE=,94d2ac4f84e13f8a589a7f8d4da3b65cee6a4f934fb9825f91ffbf2e5b403c90
UHJvZHVjdDo1NzY5,2025-12-02 12:25:13.410,pro_7uD1ouvvyeMSUaXdPtVfEU,QXBwOjE=,c822165ece8e819d3a4d0bf3244b6ae6c27aaeb4dbb1214fc14dde2d88672ef9
UHJvZHVjdDo1NzYw,2025-12-16 19:12:22.031,pro_BaV4CvVyWUiuvaL6MHFWpJ,QXBwOjE=,e4cd42380cfe2af51471f1db6aa0a2806075c5640e231816f8cef180bf810f9f
UHJvZHVjdDo1NzYx,2025-12-14 05:00:28.350,pro_GYfDJJfh4ZXtvkrcvCBeKQ,QXBwOjE=,a4887882c5e6eb96d9abdc86d6634544ce6d093ad1f44e273f5c754207840315
UHJvZHVjdDo1NzYy,2025-12-14 05:01:43.534,pro_C1c3JWuW5RMtZsK2ZFaVFs,QXBwOjE=,c856975210287d2ea2e6d113379a26e6eefc57334512fad93733d7f18529010d
UHJvZHVjdDo1NzYz,2025-12-14 05:01:06.491,pro_HkboXg7myP7qfsThjnVm6N,QXBwOjE=,d08dcdf0cf39a88eb7379c4ce5965482c0f9deba40b691bb11ddea664dfc1945
UHJvZHVjdDo1OA==,2025-12-22 01:01:46.103,pro_2oAtDtPG8R3QznbFBLwniL,QXBwOjE=,85e644882210c77ba5ad8200d83430d3cb27e20cfbbf1fc86e8adc4bb44ca08f
UHJvZHVjdDo1ODA=,2024-04-11 16:32:41.791,pro_RmzR6NWBBqBJHBsDmcq7Hr,QXBwOjE=,fc6cf28a50f93c1288627e8db07a654eb9c9817667b79bbc7e35b96ae53cd90d
UHJvZHVjdDo1ODA0,2025-12-14 05:01:26.074,pro_hFRWhYNgm8oNVMKDZb3z8,QXBwOjE=,3bfa3c36db199aacde5484397efd6fdfb53015ed23988e0ca321b5edc656d843
UHJvZHVjdDo1ODA1,2025-12-14 05:01:45.284,pro_29M8qXbiv3amN9Pouuajy5,QXBwOjE=,2b933c7e3d062a1159b79ee08af56aa024ff9fa6846cd70eee9d78b0b8883ff9
UHJvZHVjdDo1ODA2,2025-12-14 05:01:22.385,pro_3jxE2rGYR5PkJZiyLUfKnK,QXBwOjE=,d9a67a07b4f9c0c341c2d8a8c0f82bbc19db0653393ffcd17627f95540e40130
UHJvZHVjdDo1ODA3,2025-12-14 05:01:19.940,pro_AjnUL1k2PnkwGETTGFxp7z,QXBwOjE=,0cf61811da81509b97aab7a160bd72a51ac291b668db4799fee6f2329d4eabb3
UHJvZHVjdDo1ODA4,2025-12-14 05:01:14.654,pro_GbSk14WmYtGGKeTHFGCn,QXBwOjE=,b5aee91a12d537acb59af7e9f9d262682e8a98fcbad38b1d42746006de236348
UHJvZHVjdDo1ODA5,2025-12-14 05:01:17.751,pro_Qu4bvAeYBD521aSs1yasu5,QXBwOjE=,e412fbb06c5321559b6347d1e6d5752625410982ad20c7e32ace6274fd8d59d4
UHJvZHVjdDo1ODAw,2025-12-14 05:01:18.554,pro_EiPs6TKgZWToSdwu6FLzYZ,QXBwOjE=,602165d0142d26148d4b360e7790cfc88750cb1c061b217f72d41b8d2b33a505
UHJvZHVjdDo1ODAx,2025-12-16 19:13:33.841,pro_HWSseEHWxmYt82SRZRk8Xf,QXBwOjE=,055ef5f124d19af410057906fc4723919107a29ccb52c8b1b21957aeee6cca5f
UHJvZHVjdDo1ODAy,2025-12-14 05:00:23.608,pro_KghEdzMQ9MwqrrgfQ39Wi6,QXBwOjE=,07e9bfbc75551aea31c57aaf3d1061768a4b72acfd808c95bd912d831de79b4e
UHJvZHVjdDo1ODAz,2025-12-14 05:01:28.445,pro_ACd4yTuDVCxwjH3u6aEpNh,QXBwOjE=,3bfa3c36db199aacde5484397efd6fdfb53015ed23988e0ca321b5edc656d843
UHJvZHVjdDo1ODc=,2025-11-30 05:02:13.901,pro_6c1TggVm28rHNbZreuduhm,QXBwOjE=,673829dc2db63d20ca6eb251b64cbbc99ff94b839b8db196a1ebed3e39e16750
UHJvZHVjdDo1ODc0,2025-12-14 05:01:18.801,pro_Uc2775huLPsDYHrfHRa8eJ,QXBwOjE=,71937a75ba8375da627e87d83b43525a79f0d2805b5eb6087a5f886b4075ffbc
UHJvZHVjdDo1ODc1,2025-12-14 05:00:22.193,pro_GTim1h4amGKRB1qg8F6ah2,QXBwOjE=,55902ba90e2edf19ae763db70578f566c325dcd78d30cfa27b2420383325b40b
UHJvZHVjdDo1ODc2,2025-12-14 05:01:44.386,pro_2PGSaZknUqsPpP2irXqv6D,QXBwOjE=,d2aaafbbb45c847e2a33471af286096689865ded62e678c81196458f43fbac87
UHJvZHVjdDo1ODc3,2025-12-14 05:01:41.425,pro_2YnbJ6fbmLhQh6jXxJLyyV,QXBwOjE=,f2770dc53db2d198a94ffe5fa32f1cc9ef82afac0b2acf9d362542b0b3f03848
UHJvZHVjdDo1ODc4,2025-12-14 05:02:01.251,pro_54YWGbWxkv9aVbHiAKHukr,QXBwOjE=,199ca0e406a7640953f56d6089e7f6f44ee9b4529aa5133814ba8ed453d8c0b3
UHJvZHVjdDo1ODc5,2025-12-14 05:01:44.430,pro_9eS61h2eVnqUGS5W7238NK,QXBwOjE=,3d9e887a3eef2728130f90333d28c912a682a751205de1abee87131019dcc694
UHJvZHVjdDo1ODcw,2025-12-14 05:01:25.572,pro_FTWsUutNsHYzhaWy1SU4ee,QXBwOjE=,2a3c8aad29164d18f5d1b182160de78a4e8ad28cea764d50f15803dce87b04b6
UHJvZHVjdDo1ODcx,2025-12-16 19:15:41.786,pro_oYEeqFxjiiN6stuFyb4Vs,QXBwOjE=,0216eba332ff4a756f1e7638f38e8b5c2ca6596ac606bd61502cbdbf855ddf79
UHJvZHVjdDo1ODcy,2025-12-14 05:01:35.063,pro_V7uhTE2gVrt6fduwEnzQ27,QXBwOjE=,40bb87369916866f9daf6968fdb022763aceb5cfd347986c90f16a8dccab9380
UHJvZHVjdDo1ODcz,2025-12-14 05:02:04.237,pro_CeC1hE4ZbpQP7JsJqDaib6,QXBwOjE=,c34f08dd5e0330232f8cffb83b9ee6cd6671c033df213c24b9da8cad491d09f7
UHJvZHVjdDo1ODE=,2025-12-22 01:01:46.772,pro_4EKmvLSDjRD9tXQJhjbdXK,QXBwOjE=,d12f67410442502af7050e1a71c02f53a35cf6b8559e042a0ef048b2cb4eea72
UHJvZHVjdDo1ODE0,2025-12-14 05:00:22.314,pro_2FywnUSbj7dBXq8KLWQk1U,QXBwOjE=,2d522f5035086ee0d5c0af9ef7cff92b1a6f58b1e72c75d3f1b721cbd9c55886
UHJvZHVjdDo1ODE1,2025-12-14 05:00:35.383,pro_8HAecBofdRRichrsnhPZku,QXBwOjE=,88f3749fea4aee7838296cb09c8322359d07825a0eef1f4d1c42911a20190853
UHJvZHVjdDo1ODE2,2025-12-14 05:00:35.656,pro_EzK8taYmu48JZjP8f7vkQy,QXBwOjE=,88f3749fea4aee7838296cb09c8322359d07825a0eef1f4d1c42911a20190853
UHJvZHVjdDo1ODE3,2025-12-14 05:00:28.996,pro_FeD615J4ggbwQz6WSFdMua,QXBwOjE=,ac6a8ff6045f3cdc5842da5b4815ce37af47fcd90e6f2f3e743d79cba0205215
UHJvZHVjdDo1ODE4,2025-12-14 05:00:54.122,pro_3Dz54YZbNybHjKKrPKpZiA,QXBwOjE=,9956e445d9a4429c46faa9eb07fc9e686f5fcdd2f17f7219a875cf99b2b41edb
UHJvZHVjdDo1ODE5,2025-12-14 05:00:51.622,pro_9U5eZ954PsQibSdMTdQzhX,QXBwOjE=,003f13f80a237a1189ad821fc9da940f6d71b64c34f91546d5a1e46e8db671be
UHJvZHVjdDo1ODEw,2025-12-14 05:01:29.623,pro_3tNwFWQkAsw27KDpDfbSae,QXBwOjE=,d863d0092227bff501c2e26ebaa89520361ae7b075a63a7f426cc090a6e43db2
UHJvZHVjdDo1ODEx,2025-12-16 19:13:49.561,pro_ChTFafLaEdkT8aCqXT96t,QXBwOjE=,f13d065ef8d0ee9f5528aca8267fd7665329e3780ee3272fd26b549fa208723e
UHJvZHVjdDo1ODEy,2025-12-14 05:01:29.433,pro_HFzh5cQi7fRBsoK6PfzfLU,QXBwOjE=,98abde8acf42843433246d3558ead281b8213f0ccc4cbd78f1aa391b18b38670
UHJvZHVjdDo1ODEz,2025-12-14 05:01:14.860,pro_KBRp46bJpTcLhrut2vWoN3,QXBwOjE=,e02434687eaac9e4b6c8357343eb3a54c8c23cced1e1cc092222ae947adafbcf
UHJvZHVjdDo1ODg=,2025-11-30 05:02:42.303,pro_KyTScxtMox6YSTRACG3tLD,QXBwOjE=,f0871c202badedb7a390a60379abb4931a0752cb6c372e4179cc13b723f1623d
UHJvZHVjdDo1ODg0,2025-12-14 05:01:26.393,pro_FCVMHeqkH4Ver5RD5Vwhfu,QXBwOjE=,59e5e1e6588261e2231a068a52c425f0e4fb2c5eb1f56c5866b106057b033f51
UHJvZHVjdDo1ODg1,2025-12-14 05:02:03.260,pro_FCvyLJDMg324pXivDWLXiF,QXBwOjE=,c1a76bb789610f8dd641febda94617eb78d5ea279a17c090efb74cb046484329
UHJvZHVjdDo1ODg2,2025-12-14 05:02:02.514,pro_LNXRM5GpB6s45TVymUC8dH,QXBwOjE=,e0fad0d26883bcd798d63310a4353c5b2b2a47ef0b8459c79952fd7d8ec593a6
UHJvZHVjdDo1ODg3,2025-12-14 05:01:06.309,pro_NhrcWdHpG9PS9D95eK1a8P,QXBwOjE=,69a31da251113fa75e3935d7fed448ba61bc96bd10a9fc1d32fab83e9535412e
UHJvZHVjdDo1ODg4,2025-12-14 05:01:06.248,pro_NZ29cenaGEKVev89ozhWPP,QXBwOjE=,c57eabf16de5e7394e481b67208cc5a70df1e41002132254bbfcbc71bde2ec49
UHJvZHVjdDo1ODg5,2025-12-14 05:02:01.874,pro_PRy2gkqpWQ9x1ek3rLbHSV,QXBwOjE=,d72c1d71db31fdae9088143fe7e738ff046de0806cd6c29dac81e49e03f236c0
UHJvZHVjdDo1ODgw,2025-12-14 05:02:03.859,pro_AnJHzbmhaDkunif99HYurS,QXBwOjE=,fbf1f50bc8a99bd50f8d53ca59775b4dd429e2855ad66f58a89e7ed2ad0c856c
UHJvZHVjdDo1ODgx,2025-12-16 19:15:57.514,pro_BG65FLWAm6UJ25Q5E1Abiz,QXBwOjE=,5571b9c9047ce44716198a02a8792c14d09f28d9e32acabe3dbf380064ce498f
UHJvZHVjdDo1ODgy,2025-12-14 05:00:44.223,pro_ETR2Z9aYN1F6frsoS5fWHB,QXBwOjE=,8fd3cb32199d589ba61cc69040394aa935756f4a0e65d2b9605b48f38d59098b
UHJvZHVjdDo1ODgz,2025-12-14 05:02:03.966,pro_Fc2x3qkuhq8PF1ST7TLPRa,QXBwOjE=,ebeaac87b38dde1fe7355770f0b3dbdc6b6578dff7425608f578ec4216d65a25
UHJvZHVjdDo1ODI=,2025-12-22 01:01:47.446,pro_2wwpv42joYaLJWZhWofoJ7,QXBwOjE=,dc21fceb4b532e02933960e482f8721a6aac4e11a4563f7127d8ee886649f82b
UHJvZHVjdDo1ODI0,2025-12-14 05:00:54.696,pro_Q91zibKEcB46b9JseShQeC,QXBwOjE=,b528eed392f49e554f4c4925269370fbdb8962e7b28aa41ad8a1bb2068333b10
UHJvZHVjdDo1ODI1,2025-12-14 05:00:51.049,pro_RLjedMHuo5WddH2eW4NYPL,QXBwOjE=,3aed52b24b2f021884bfb95d55c38e68f61c69562ad90282f007c524a881c142
UHJvZHVjdDo1ODI2,2025-12-14 05:00:50.466,pro_RYNt2fWPZZLJJDQasDhDoL,QXBwOjE=,7a2be86ccce14b9ee359a60af7ace91493d4e9f1cfb6782449ddbea9ef174ba9
UHJvZHVjdDo1ODI3,2025-12-14 05:00:52.141,pro_UeraU5XjJ8v3GWWwmc8XMA,QXBwOjE=,62acffd24728c129e481c399120553f257663675ffba7c787dff0f5bfc914c2e
UHJvZHVjdDo1ODI4,2025-12-14 05:01:12.353,pro_CLvoznS8CduCgU46J2uYXB,QXBwOjE=,8db445df45ed12337d2fcbc21130db5eb9125cbb0a09bf6566c6849e03b5ce6a
UHJvZHVjdDo1ODI5,2025-12-14 05:01:52.992,pro_UrLHwowWgi6cs7AMR5YgaH,QXBwOjE=,17998c70acb4bfa5d6df2d43ded419e04d6c6e92448da4b60d50ca16c8861196
UHJvZHVjdDo1ODIw,2025-12-14 05:00:52.127,pro_G125eNjPYYFSuW5L1bCteD,QXBwOjE=,2f2e08c6d60fb7764ff1b672838853507189be14863ab58d1749f79f36f843b1
UHJvZHVjdDo1ODIx,2025-12-16 19:14:08.858,pro_HxrG2Qoh9G4aQ3Kw4cfE14,QXBwOjE=,bfe522e79032834abc0e620ebe81db7e698996513bdeb83923cc676c7b058d3f
UHJvZHVjdDo1ODIy,2025-12-14 05:00:51.708,pro_Nj4XQFC9QrHoosvRzEK9iK,QXBwOjE=,21ee093b273e1829014f9359a67f5cda5101a47564e1c32b72c63d97a6239c7c
UHJvZHVjdDo1ODIz,2025-12-14 05:00:53.420,pro_PhiYN5xWRQAaPaqDXqci64,QXBwOjE=,b64a291f2494a48bfb79b3c98cd5b683bd755d167da61344dfe9c0aafb69ed98
UHJvZHVjdDo1ODk=,2025-11-30 05:01:34.907,pro_AmeYNSWEJp7rafocizmc7q,QXBwOjE=,2a8fde6e66e4bd1134716dfb8de35bca40133b27ea35b523bdbebe129cd7fc0a
UHJvZHVjdDo1ODk0,2025-12-14 05:00:44.098,pro_X1xMrf66S3btBjbfAdEedx,QXBwOjE=,6176d48247b1a57e3348f6516ff1ad725255ccf22d14df9990c7d478b4837d2a
UHJvZHVjdDo1ODk1,2025-12-14 05:01:09.255,pro_Xhz5FRQUMCygwVS6xfdzcP,QXBwOjE=,1418bf05f92cf7f28e51459509179c70dc06e4825b779c0722ef274d6a547e49
UHJvZHVjdDo1ODk2,2025-12-14 05:01:13.498,pro_YT3Vk6CptGJyTMBHMRoPoZ,QXBwOjE=,2e01e192968c0be98b37ee8b17ae1dcf50da070b52c523d8adb124227762f88b
UHJvZHVjdDo1ODk3,2025-12-14 05:01:42.176,pro_HJsQyv3vbdmM2mVGT2PgJX,QXBwOjE=,a27b4bc7b2327917b31d035c5cc12a4adfff2d4db27127652eb4f0f2a0e27bf4
UHJvZHVjdDo1ODk4,2025-12-14 05:01:11.183,pro_XkQmVQDo398vbkyeM58PG2,QXBwOjE=,9c64bc10336ea33ecb8a4b741350a21f4d5811d9b58e65d4e701546a7b239eea
UHJvZHVjdDo1ODk5,2025-12-14 05:01:52.824,pro_EMQL5wAr2F8uTKZA2yvUeb,QXBwOjE=,b022f8683a993600d558fc93c4ce64b8bec4b25581d4bccc3d550eafab256588
UHJvZHVjdDo1ODkw,2025-12-14 05:01:43.309,pro_PTrUrWN977MTz64Ya1bM3V,QXBwOjE=,03ce9a528f5ca84063e4a6791ab96a11f7ef865e89f96a33334ba9501f832136
UHJvZHVjdDo1ODkx,2025-12-16 19:16:12.855,pro_RZC1Fhtb9TcGNb2NrxWL7R,QXBwOjE=,b25734ff7d12301732ff25a5511668057cfbf9584880ceab15295941fd443512
UHJvZHVjdDo1ODky,2025-12-14 05:02:03.781,pro_VeoKVUotS5jsYSAPdzp4Fu,QXBwOjE=,d14bc2f3072520ca752acbdf4ed7e8833c3bd59168932e47b400c38322ff2fe4
UHJvZHVjdDo1ODkz,2025-12-14 05:01:55.892,pro_WRXKVqnpd6bqWuBwGFhRJM,QXBwOjE=,6c6bb9fa87a7ce316b699c135ebf060cebcafeb9938c3bac8a96147c69045b80
UHJvZHVjdDo1ODM=,2025-11-30 05:01:41.409,pro_Ts1z8BNF6gW1fCHAwALwsJ,QXBwOjE=,e6e296793d8097a0346a455f9d26ae5ebedfa2c5691882a2720dcbaf47f5e654
UHJvZHVjdDo1ODM0,2025-12-14 05:00:54.194,pro_Ft73r2QQUJ5xbvuPk1bpJA,QXBwOjE=,8c5718e854a155e5017b69ad7e2e5136f070fba47f36d55a4f09ca8a4241e3f1
UHJvZHVjdDo1ODM1,2025-12-14 05:00:54.382,pro_J7JU8anFGQHLyyypi8sprV,QXBwOjE=,69db42015f00f64447e02beee03be9eba2103db9f20b793a18bd7c3db88ffb13
UHJvZHVjdDo1ODM2,2025-12-14 05:00:52.738,pro_LdTTuikonkKuip7x8McKQY,QXBwOjE=,e364d02d278eb920a3f99189bb29ccb596213fa2a8ce0a1bca99da35cb5b1bb0
UHJvZHVjdDo1ODM3,2025-12-14 05:00:53.523,pro_MHwFxRzxBL4qfPu2d68ea2,QXBwOjE=,822b3ad592308f7d70f90e62fd527e6713b52006178c1409c0bddf5c473d92fe
UHJvZHVjdDo1ODM4,2025-12-14 05:01:40.007,pro_PiRXSGpoPRbx9dHuvU8j8r,QXBwOjE=,4a97545c0ba3616389661bd8df3e23301c3e3a165a8c0a0ea948623ab8aee06c
UHJvZHVjdDo1ODM5,2025-12-14 05:00:53.652,pro_T728Qa32VF7XB4LKrBPpNC,QXBwOjE=,07fc52a139681b82926aa38e263c3df360bd331ebb599ff9a25f6dd85cfd5b26
UHJvZHVjdDo1ODMw,2025-12-14 05:01:41.516,pro_Je2og16cH8iYKX3ntVpb6J,QXBwOjE=,47ed221fbde14144c7b352566e502d5b313dde60a60cabb0b73856d625ad2a73
UHJvZHVjdDo1ODMx,2025-12-16 19:14:26.054,pro_4HkNxcYcskXTwm7JD1C7B7,QXBwOjE=,81299d040280439bada6601b36682f47de20d2e1e8358f62f63967ecf81d29f9
UHJvZHVjdDo1ODMy,2025-12-14 05:00:53.235,pro_5p6o5mXhXwfkhRTvt17JNW,QXBwOjE=,67d764c6e84d3afb3a1548eaeabc9c0fa327d125492e22399691cf79c732be4a
UHJvZHVjdDo1ODMz,2025-12-14 05:00:52.880,pro_8mPLoEU3kGdWv4JsGTufcY,QXBwOjE=,2ac6c2b0fd03d445ba84ed1a57feed62279b3d97df7edabad7669c42b5b5cdb2
UHJvZHVjdDo1ODQ=,2025-12-22 01:01:48.112,pro_6K9RfhCG8mag2cv1mPycCV,QXBwOjE=,43140638512793c76f4193c7aac464d7a5462bd0a706ee2f52c4fccf275257c5
UHJvZHVjdDo1ODQ0,2025-12-14 05:00:35.150,pro_5rKVaYkpRX6DLeu9hc8sMJ,QXBwOjE=,eeae81c613884a3bece0eaf7f0f8eb9fc6585897b123cc40d1092fbb1b87ed7a
UHJvZHVjdDo1ODQ1,2025-12-14 05:01:38.866,pro_8m2jKpM8cVw9hqHgxQ5Mda,QXBwOjE=,7e97f0b57eed07066e13d4921c10a707668e930e8f6890e3e6df2acbc07b9c1b
UHJvZHVjdDo1ODQ2,2025-12-14 05:00:49.570,pro_HwF82DBSyKziKCoDtRWNuA,QXBwOjE=,d10fe4fc41e03e553ddfff504bbb70b64b6700e4247ee0b0ff0270694f186d31
UHJvZHVjdDo1ODQ3,2025-12-14 05:00:26.114,pro_8qepYtgiadiux1Dgjp6BaD,QXBwOjE=,c942b51269b07b446ee1bad89867b130c5d66f63ed39be7382d86d709b2e4d26
UHJvZHVjdDo1ODQ4,2025-12-14 05:00:29.297,pro_ApZU1hMvW5N7gsivkqqahw,QXBwOjE=,2aeb8d58a3b4f435fa6ceea9e99d4cb72895309e96fe4b7bc8c5acf3d0ea49d5
UHJvZHVjdDo1ODQ5,2025-12-14 05:00:23.380,pro_CBGFBJ7Seps1uZSsNi98DU,QXBwOjE=,d188d54c1e90361b1287bfaa5330d80f788806684e0f6a53621e2291a4ed67e3
UHJvZHVjdDo1ODQw,2025-12-14 05:00:54.785,pro_Vzu3xsCEja6B7ghcrMeYXr,QXBwOjE=,7671577262132db2343511c8fafcabe2f0facfe68d153197d6a50be24bee8c2d
UHJvZHVjdDo1ODQx,2025-12-16 19:14:42.441,pro_UZ2W6VWw5JpQNCXVMLgwe2,QXBwOjE=,2a0db5816fda76be67690c4f419baf8201a6783a23755fed32e6a94d8ef88459
UHJvZHVjdDo1ODQy,2025-12-14 05:00:35.869,pro_2ESkB39y4XxsaeNiDooZub,QXBwOjE=,eeae81c613884a3bece0eaf7f0f8eb9fc6585897b123cc40d1092fbb1b87ed7a
UHJvZHVjdDo1ODQz,2025-12-14 05:00:51.797,pro_44Q4kfb4KbJYtnWMaxHsk2,QXBwOjE=,05d7d26b0fcc2deb9d1294522e44e356097a873803c2baeb07bc849bd5b04e0e
UHJvZHVjdDo1ODU=,2025-12-22 01:01:48.792,pro_43asSssKvV2G3ZaRhaqR5y,QXBwOjE=,3c0c3898bb072c008faa500a148512ec27e06ad6d2c55b49afd847a0ca664ad1
UHJvZHVjdDo1ODU0,2025-12-14 05:01:40.112,pro_YUUvC2jBxn4CBtnHU1T8XR,QXBwOjE=,027f6cdd2b006c83b79dbcb415bebdd02d125f3a0b690a05f95ea16fce748cbc
UHJvZHVjdDo1ODU1,2025-12-14 05:02:05.612,pro_WJp5TNJTS2dULNdERRb3kr,QXBwOjE=,9cdc2744674759ef4f27e9a15053d73ee0b7f18fe8af4249a92c8cb906018bd2
UHJvZHVjdDo1ODU2,2025-12-14 05:00:45.988,pro_4A6cLXXwL5ZVYcFbdikt8z,QXBwOjE=,ffbf5d1a3625649c0dd7b76a9f03a065e245c755ac3a91fb00826bace4b30ade
UHJvZHVjdDo1ODU3,2025-12-14 05:00:39.174,pro_7b6agqmDRsfCaYQCAef2Ac,QXBwOjE=,ce2be054c7d6c7fbcf4b16a5923eb47ef3f17d6ffbc2e96a50da56a4dd390d4a
UHJvZHVjdDo1ODU4,2025-12-14 05:00:27.893,pro_9L578JDoqVAVm1b1qFmtmU,QXBwOjE=,47355a0701261992072c5bc78e6d20dbf2de24f6ccdacc4d15726664ef9a5782
UHJvZHVjdDo1ODU5,2025-12-14 05:01:08.815,pro_AQjHEsRvyH4bKV6Zz5kiZX,QXBwOjE=,b3c2605d8ee839931a9a9c9aef554928600cf9a5e97b9c7e1490b6f61bd6c108
UHJvZHVjdDo1ODUw,2025-12-14 05:01:39.455,pro_eZBKQQjiF6fD9mJUMEmXh,QXBwOjE=,f555b90e9c43e4de239d91dd172074e0d971fab4bd6ca15959fa2a4d217c9081
UHJvZHVjdDo1ODUx,2025-12-16 19:14:56.429,pro_K7dYsS5uVDsCHvhKzD3uzx,QXBwOjE=,97898f4c8c93abbfaf531f079213f0732bd6d50c4351bc30b37d8f530e8cb271
UHJvZHVjdDo1ODUy,2025-12-14 05:01:40.069,pro_XnXaWRWmULfxLcRP4gV6NS,QXBwOjE=,e2b68b68ade9795c293adf05596d0b5e1e93ff0fc73dbafaeac0b2c99a9a47aa
UHJvZHVjdDo1ODUz,2025-12-14 05:00:31.758,pro_XoqgBkRdmKNzA8g37UPpDM,QXBwOjE=,6452b8694773818e56cb4f8fa0cce99a4adc7eb484792a371a06e8a2f6f40d06
UHJvZHVjdDo1ODY=,2025-12-22 01:01:49.547,pro_ExYWVZma6LX9YFgHyHz5Rt,QXBwOjE=,bdc3892412e7d79fcda074f42cbf15d57c01a6de68762fca59bb41d128cc5b9f
UHJvZHVjdDo1ODY0,2025-12-14 05:01:08.787,pro_NS94bUirkZ4bw8aocrYh48,QXBwOjE=,075282ab630820042765bded807ae6c83279599414a7d29ca4d1cf531b5971a9
UHJvZHVjdDo1ODY1,2025-12-14 05:01:22.191,pro_Q8SCNjvGbKDjoaCdEbN9Vf,QXBwOjE=,94672fc7e42ac9bbf133387f2a589b8f88e74ee8623c5b0213c8cb722bbaeb61
UHJvZHVjdDo1ODY2,2025-12-14 05:00:25.324,pro_QQhcB9KC1oAHz6QBrLe1Qk,QXBwOjE=,cfb47d9a8ec8b669ffdd3f33c7a03d9620b4de6970efcc86b28bf7b3fbaca9f5
UHJvZHVjdDo1ODY3,2025-12-14 05:00:35.541,pro_TbTdsAY8iDCcqfrN7kwbXb,QXBwOjE=,5ab7baad84bd7e080565b72fd3c6eb372c8b0f85eb1cf8365eef01290a64fde7
UHJvZHVjdDo1ODY4,2025-12-14 05:01:00.988,pro_JKDfAGfPoVQu4MS7Zunx4A,QXBwOjE=,785eb88bb495efe280f415dabb9b353afce67665ecfbc833d055c926cb1c4347
UHJvZHVjdDo1ODY5,2025-12-14 05:01:06.884,pro_FAsecm7fqWY2jFuSfjP7PX,QXBwOjE=,081ea096a557eecfbd55a2687919f8ded2bf00c967f5d5bb1f7ab460be78507c
UHJvZHVjdDo1ODYw,2025-12-14 05:00:33.234,pro_BLHZYx1z3DTSnr3C5gVm3e,QXBwOjE=,5361e1be287d93e4d8d7e1d1cbf4847716c94d54e15f3c6f3375519d414fb6ac
UHJvZHVjdDo1ODYx,2025-12-16 19:15:16.785,pro_GcW6roc6PdZi4ptc6JLSr3,QXBwOjE=,7c676fc4108e299ac262e0af914fc4247baf4ac337958f0cb3ff8a631773e68d
UHJvZHVjdDo1ODYy,2025-12-14 05:01:36.952,pro_GqhkJeNqtiPpoW7S61P2fA,QXBwOjE=,2b81547a990da2a0124a56a2f2c13a9fce055a4e7873724cd27591dd28f28bb5
UHJvZHVjdDo1ODYz,2025-12-14 05:01:54.895,pro_HEcfSmDQNTTD89gL6g1uGe,QXBwOjE=,e3f365913aeca9c1d79a56cbba6e8760c439f02f31d606356534ad1d1680cb4d
UHJvZHVjdDo1OQ==,2025-12-22 01:01:50.257,pro_YcCS7dkj6M5n3Xs9nxsQ1f,QXBwOjE=,6bacb43109abcffbd056e5fa6c5d813c7172e7b6ea6c514c06ec108ded977ff0
UHJvZHVjdDo1OTA=,2025-12-22 01:01:50.906,pro_4J7ZA78Wk588EaDkZbe19d,QXBwOjE=,519c73018b008ecc52e72bae1904b1d429916ce0dcda64c2f766fc9f79fb4daf
UHJvZHVjdDo1OTA0,2025-12-14 05:01:42.653,pro_KXMWYvR58M5EEdRxipWwwj,QXBwOjE=,7821340fbe796ecdb2f889ea48caa6c75f97eb5edd021faeb4668d5c9d04000c
UHJvZHVjdDo1OTA1,2025-12-14 05:01:53.282,pro_MjqzPPhsZso3D8y4PuAzWz,QXBwOjE=,01a462df255c2c013dfe9d24171af96f59248c1224ef817c6a6e540c49e8a5be
UHJvZHVjdDo1OTA2,2025-12-14 05:01:54.079,pro_NNZCTRkngBPkWADmUVwAPA,QXBwOjE=,42eee1e6dd9093252f40a8c45fc8c2749fe59bad84123e84132537c0786e2b80
UHJvZHVjdDo1OTA3,2025-12-14 05:02:02.196,pro_RxmYdLS18yiYUotzCJsXku,QXBwOjE=,454422256c6abb74676cad1c736989fbcb5d688d68a8595586031e36f7bcbab6
UHJvZHVjdDo1OTA4,2025-12-14 05:01:43.038,pro_TERt3A8pwswtKU8HohcvQo,QXBwOjE=,40d513f5ca71a27af82efee90b7e207665961ddc830cbe6e2429774f22c9a0f4
UHJvZHVjdDo1OTA5,2025-12-14 05:01:42.553,pro_VoAzHnCquzpfMMAVrx1372,QXBwOjE=,9f77c2f7e532126c445a4d66398a21a256cccb89b74c4b51e13126db5ec5dc8a
UHJvZHVjdDo1OTAw,2025-12-14 05:02:02.044,pro_GCWXocn4ewczvNgvEKnCMC,QXBwOjE=,7782dffcc90568db99b4041877639aa54f409d259d6e994b606426269e8ed942
UHJvZHVjdDo1OTAx,2025-12-16 19:16:30.148,pro_GeoBLHNnq4rJyH5f7QkKht,QXBwOjE=,822ea33d5c194fbb5d79378026f3137562c11c68a127431a7ffa4f33a47f406e
UHJvZHVjdDo1OTAy,2025-12-14 05:01:52.273,pro_GhkM6wWHfTCXaiRL76ijUN,QXBwOjE=,f2739591c23e67b1698d1b0647def2240ab0f62e95caffd94378a4ab2d28f155
UHJvZHVjdDo1OTAz,2025-12-14 05:01:56.562,pro_HjczMxaGscyBaJJ64ypfSe,QXBwOjE=,344757ce32db3345118d848c0b3d6fb8dd18fdbf2b49edbf6fb643222bd9f2d3
UHJvZHVjdDo1OTc=,2025-12-22 01:01:51.575,pro_Jp2TtxH8S6cRfQa1XYPYg4,QXBwOjE=,af520f14d2dd188b092d672db9a91d0cae3249bf61396bd019c18d448f1846d2
UHJvZHVjdDo1OTc0,2025-12-14 05:01:22.663,pro_LgBqxfeXeddaLpd2dz364s,QXBwOjE=,dc308360a2770f9f89324d37444de6dcece23d77e3588985baba8434aa74cc95
UHJvZHVjdDo1OTc1,2025-12-14 05:01:24.351,pro_MTHxm9uNdcv4FhqRa1r7Mb,QXBwOjE=,55b10c942424a39bfd982f7df9dd9eb5d828d39345f0748225b8790250f194bb
UHJvZHVjdDo1OTc2,2025-12-14 05:01:41.330,pro_Rh6Z8RKEwSXiDhgCNH1r5f,QXBwOjE=,3ab48a78518a31d15280dd317ac025286667a22398a18e2db056a5e4689a3986
UHJvZHVjdDo1OTc3,2025-12-14 05:01:23.183,pro_TZwdgg8tf1N7AUWGJuBXw5,QXBwOjE=,22eeb122188c4cad8cc9f7c07389a1dfcd9f9c573c00aa7967224efd246890b4
UHJvZHVjdDo1OTc4,2025-12-14 05:01:16.175,pro_UeP2vZoyMT2Z78Q2yjWw1J,QXBwOjE=,292409fc21de27a5370f814f8067ff7e043d0923e0ccd91f8b4610a28c2420ce
UHJvZHVjdDo1OTc5,2025-12-14 05:01:09.733,pro_XqZKyTEmE6x7uvFmyHESKz,QXBwOjE=,fec4f7d04651ec9105bf592c8069260d8db648016abc77db4803e11f4628fbeb
UHJvZHVjdDo1OTcw,2025-12-14 05:01:23.140,pro_5x4xR2NPXbNqFmcrW1ACdX,QXBwOjE=,457dbfa6465134fd58c337c8bcbfb38154adb400a7d433ab7bdc816d275d4ab7
UHJvZHVjdDo1OTcx,2025-12-16 19:18:29.196,pro_7hhSyU9AbHjaxwGr8MLfxS,QXBwOjE=,ce6b360e6980a951623b607f3993d6f32a4ebf838733545638b2bd19b476dbae
UHJvZHVjdDo1OTcy,2025-12-14 05:01:16.901,pro_8ab7aVDXMCY8YgNXiLwNj6,QXBwOjE=,f38cedcfc23f343ccf2c7574ec884f5ac67d4c9405353aa3c2eb9c28f4397500
UHJvZHVjdDo1OTcz,2025-12-14 05:01:16.760,pro_EqR65HHwQLdbBUfRiC1qL,QXBwOjE=,1871b5818def345122724ba49365e96b340a6c40b9e591912dc0839cca5afe33
UHJvZHVjdDo1OTE=,2025-12-16 18:38:50.197,pro_3sBfmkr1zaGszg4F3xUHq5,QXBwOjE=,56eefaec2e2e5cdb4bfc02daf1f6241fe48a5886fa3942974bda0bbc5e735242
UHJvZHVjdDo1OTE0,2025-12-14 05:00:24.037,pro_Evd3XQH7rmUvo4wdNDtU1W,QXBwOjE=,d77917e7bb6257fda25918b089ee9e9baef2c671ba59803abb3d9b71c2821205
UHJvZHVjdDo1OTE1,2025-12-14 05:01:47.192,pro_HrkD4dUJA9JNciX3GZn9xJ,QXBwOjE=,537b06ccb9ac3166d19eda186230392aed036c8acef56a6405b65c7e66fb2511
UHJvZHVjdDo1OTE2,2025-12-14 05:01:28.203,pro_J6V76d5ZkEusUwtiB4YxCG,QXBwOjE=,b74fb8ae6ce55fa02498563c252595a2013df6208613101b3dcd0152f5ea3413
UHJvZHVjdDo1OTE3,2025-12-14 05:02:03.453,pro_3u2UfWeQ1XKCb9zCMif8W1,QXBwOjE=,c643d845ebde8a56fd3259f7946b0d5939a5e0916786102c0d27fc939510e0a0
UHJvZHVjdDo1OTE4,2025-12-14 05:02:03.156,pro_54wVYka2jox8XoZMGbMZZz,QXBwOjE=,e81af1b04018b7a6837eef200176778e36842b84c2f3637cac8301d2564eaa49
UHJvZHVjdDo1OTE5,2025-12-14 05:01:10.922,pro_8q1QwaNxQu7EhwdVFuimji,QXBwOjE=,0806130fce5769d3ee3e7b043822e737c41456a605bd0267fa2e3d9aefc6b01e
UHJvZHVjdDo1OTEw,2025-12-14 05:01:51.732,pro_XorU2ewsZSehRyeotX1M8J,QXBwOjE=,30e2d3adbb6aafaf94f3a305d982adbf0d321df648422257b1bf0f148fd8b1b2
UHJvZHVjdDo1OTEx,2025-12-16 19:16:47.245,pro_7caTbY9v9up5ivyt1Gd4bX,QXBwOjE=,19142dc5e9350843126b2e4998072f521dc6010d4f59e185d454d470c041f269
UHJvZHVjdDo1OTEy,2025-12-14 05:01:44.289,pro_7YyNH6feD7vkFRNaWyq9BG,QXBwOjE=,07cffcaf26ad985e98e6bfee5c151a85eb9064a90ede9929886dc834b0c77922
UHJvZHVjdDo1OTEz,2025-12-14 05:01:47.136,pro_81N89rm5AoYnUyfeJyH2tX,QXBwOjE=,4c03b6f28d6d5d50c0e3febc81347e99f71b0d038f90a7a5d05679b05fd3c62b
UHJvZHVjdDo1OTg=,2025-11-30 05:02:26.820,pro_Hx8xwiYM6nGrWkWLu5ZWgk,QXBwOjE=,be410cd942cd87613f3c2e0d09b5c7dd71f7caf9827aaa44dc387e331dfed0cc
UHJvZHVjdDo1OTg0,2025-12-14 05:01:18.288,pro_YW4QvRAo5PdhVEPCDDSxiF,QXBwOjE=,54c0f76bd8972e0a84d4773b6fa5ea46d548d48742e5d12bbad58bfccabf57cc
UHJvZHVjdDo1OTg1,2025-12-14 05:01:22.559,pro_JLx6naHuFTaDmjVw3bL32t,QXBwOjE=,1d2a56dd08e20a0c176885f996788ec844f6ea593834a6e25a9af9281c2c926f
UHJvZHVjdDo1OTg2,2025-12-14 05:02:00.673,pro_23gbSFuQJjrWC7WZuRAkte,QXBwOjE=,a441b01df171e4b18dea94ab1da35613f98b8e10eb2889f8240520fd043a1aa8
UHJvZHVjdDo1OTg3,2025-12-14 05:01:12.492,pro_F1sWnhUrKuN9cYhbK48Rkr,QXBwOjE=,da9bc97bc1feb60ea42a6f0a22499f9b8ed4520ad467502e66531714199693d1
UHJvZHVjdDo1OTg4,2025-12-14 05:01:16.366,pro_3FR7yv5gNQfLSkgHKCHy4M,QXBwOjE=,f432d1ab4ae0a58e1f68720509004cde88a76068fb8a7df4c6d1fdaf016413e0
UHJvZHVjdDo1OTg5,2025-12-14 05:00:39.924,pro_6697H9vDtZ8G5CzR3nVk4x,QXBwOjE=,cb77fbf410cff019fc7405915597e6282a64dcd0392ea02f20da147dbc70acd5
UHJvZHVjdDo1OTgw,2025-12-14 05:01:06.475,pro_JLexauYnPvfXs7gvFtKZvG,QXBwOjE=,d930409784c07ce5b0d652054c64345b73f5036ed1e1486b975311da927c859c
UHJvZHVjdDo1OTgx,2025-12-16 19:18:48.263,pro_4bko5zmow4MmRNfF1aLcU3,QXBwOjE=,f9923b3e33a4bdb26f5d6e761d2cab066fe713b8490e68bb6741b7dcc6b03dce
UHJvZHVjdDo1OTgy,2025-12-14 05:00:35.054,pro_9Dn85etWd9JYrv853uj96e,QXBwOjE=,b8fce228696a50001b602498c9a7fa81d3bc1f7fc65435265b0edbc5380c3dac
UHJvZHVjdDo1OTgz,2025-12-14 05:01:17.445,pro_Ahx2Yg2oVRczC6L2ZXLe6z,QXBwOjE=,f7c6c83d394fb1d6dc893dbd24c6578ce8fba3985a28c7980e9d0c4276d435b0
UHJvZHVjdDo1OTI=,2025-11-30 05:01:10.182,pro_QFAHoyjeKrrudr9yiT4Row,QXBwOjE=,d41d293d7fbea7c56ba2ab7c1bbf1cf8887fe7193a0d8103554e133d898cd974
UHJvZHVjdDo1OTI0,2025-12-14 05:01:51.816,pro_66GGq9VLNHP15Aiux5visZ,QXBwOjE=,ef7b860ecdf7c747f548dab5c03492ce44eec568b439ca53001d18ba7ae6ba53
UHJvZHVjdDo1OTI1,2025-12-14 05:01:36.002,pro_9b9j8rR9C7HvkdhAMVeRm6,QXBwOjE=,6c3482e5c41aef7bcfc381ee734d9fbe7bce1348e95be07c4db219ab31312578
UHJvZHVjdDo1OTI2,2025-12-14 05:01:34.893,pro_Du63MYW4Uu6vUwnB3BvJ41,QXBwOjE=,4292d11c01723c9a6658250cf77f652b813baa10403bbb5b1bdada50193638ee
UHJvZHVjdDo1OTI3,2025-12-14 05:01:56.409,pro_Gjbfny4vkxCTG29E3GhNWM,QXBwOjE=,95e90f4341cdf21a92a2e8dce8c864bac9bc0409428824f494c1d0a21e73644f
UHJvZHVjdDo1OTI4,2025-12-14 05:01:36.341,pro_RjTBdscAqGkX4kuBPUCsop,QXBwOjE=,041a12fe4991c2c3645f4d2dd8043b5ab6c329d818a34b3e452dc07a7a61a101
UHJvZHVjdDo1OTI5,2025-12-14 05:01:44.189,pro_W9kPdEzKV3ZxrRbgDCQHJP,QXBwOjE=,5644d3bb31b096f9bae9536581764b761a15ef1976a60c8a1f9535370e00403f
UHJvZHVjdDo1OTIw,2025-12-14 05:01:06.355,pro_ChwsiUWe94REvHPd71J3Fr,QXBwOjE=,56c0531eb39a92209630bbe922b7bbfbec35162f627ddf159b270c79798057dd
UHJvZHVjdDo1OTIx,2025-12-16 19:17:01.644,pro_25vge8Gx31SaR73SbYnMwU,QXBwOjE=,f3137882cb61dd34c4ad85e64a65676d5d732695bb176e602c6bb3973ce7b06b
UHJvZHVjdDo1OTIy,2025-12-14 05:01:34.920,pro_Fn2NhLtTakPsfDotWa74G2,QXBwOjE=,240299f4e1f413500b1431a491c889e6b2e933d874969c132a4b6fe9209af0f1
UHJvZHVjdDo1OTIz,2025-12-14 05:01:25.488,pro_2vj1TGyopnJjkH1btyV7bX,QXBwOjE=,9f1c3d14d76cc3e152a0a50582652745340be14c254263c7c693bba476621a86
UHJvZHVjdDo1OTk=,2025-12-22 01:01:52.350,pro_UQDTRDi6BAhTRmYLFshvqQ,QXBwOjE=,21bfc9b9aaf40657fa7f3229fab0cb8c32eb76eac3e31e2b31285cbeaf975590
UHJvZHVjdDo1OTk0,2025-12-14 05:01:36.378,pro_QY7KnUF2iTJcxps9jbPmyg,QXBwOjE=,37c78ddaa9da8a5ced261608506bd7d29510a35696063b0b6df9331301426a7f
UHJvZHVjdDo1OTk1,2025-12-14 05:00:36.967,pro_Re4UEQqqruzKyuA82qbu1z,QXBwOjE=,b1356dc57170bb84dce33a5912911497d23ad63542c067740ad3fc6270adbd20
UHJvZHVjdDo1OTk2,2025-12-14 05:01:47.897,pro_RiHfnXmczDyyAwvaWtF33g,QXBwOjE=,9f57717a54adef231b0b4274dfc8a8f96e3fc7dd07c26308cf582ce20afc52ad
UHJvZHVjdDo1OTk3,2025-12-14 05:01:24.219,pro_VcVPVLMNoQL6uPgbYXpTQZ,QXBwOjE=,0d8d22931bbb8165ec500f484237fd6957e36b6d1d46b71dc0d1cbc903c4d2b2
UHJvZHVjdDo1OTk4,2025-12-14 05:00:24.434,pro_YMyDr5EV3KDM6rbk829HCS,QXBwOjE=,427a91bdcabacd3235b4694e93c7aafd87a6c6115f784dc0170635b4644b4b25
UHJvZHVjdDo1OTk5,2025-12-14 05:00:58.518,pro_2aD4yieHPuk7t2zc4BHWvH,QXBwOjE=,cec9400b116b58e277079c0c073cdcfb04d5543b8e7ad62fc86894ac90d72d1a
UHJvZHVjdDo1OTkw,2025-12-14 05:00:38.314,pro_HCnj8QkaBZ6QWbfVUCgptM,QXBwOjE=,b1356dc57170bb84dce33a5912911497d23ad63542c067740ad3fc6270adbd20
UHJvZHVjdDo1OTkx,2025-12-16 19:19:02.972,pro_Jbb1VR8J7LzVtjssY3ktPS,QXBwOjE=,3e1a389ce849f429b66090406e16534dab24353339a1b6b18ea6b573be35fcca
UHJvZHVjdDo1OTky,2025-12-14 05:00:38.301,pro_MmCmQ9br8DdCuko6eSwzw5,QXBwOjE=,98a96d38254f9ae36cea0ed7490764b5f610897660dc908f7228989d72c5435b
UHJvZHVjdDo1OTkz,2025-12-14 05:00:36.832,pro_P2jw8S86JKGbXaH98KvU2Y,QXBwOjE=,b1356dc57170bb84dce33a5912911497d23ad63542c067740ad3fc6270adbd20
UHJvZHVjdDo1OTM=,2025-12-15 01:03:05.124,pro_RH2AYAgG9MAWDnr1HsaLNP,QXBwOjE=,36d11e04f0a663cc29a4dbc03296538aa82b3dfb653f8c044506038cd521c220
UHJvZHVjdDo1OTM0,2025-12-14 05:01:25.108,pro_6a1EBdgR3LLaFTTaQGMWy4,QXBwOjE=,bbdd73bb074586ec664715036f5c3cd56c09d0470b575193320ddfec6786990a
UHJvZHVjdDo1OTM1,2025-12-14 05:01:38.483,pro_BEEcJ7y5rPLrXGp2z3M6Ny,QXBwOjE=,7e70567f631c587fbf0991c8ddb425f8e562e0a236cf116643584bb8b43e562f
UHJvZHVjdDo1OTM2,2025-12-14 05:01:25.538,pro_PQaJ2LF8tKR6tFgc7ov7QR,QXBwOjE=,4ecd63704af8088b0a081911860b4e1f3ecf1c20b2e14d236bce83665618156c
UHJvZHVjdDo1OTM3,2025-12-14 05:01:30.830,pro_31q1hxUuT2bFPz2Vr2CLuY,QXBwOjE=,8da8a582fa787e4581719a27f3b2755f622f3362035eb4e2fcfabda9b971d949
UHJvZHVjdDo1OTM4,2025-12-14 05:00:23.540,pro_3PGtoAfF7rjq5aj7riH3MG,QXBwOjE=,0f55bee9d0a18816ba263843d305748599481801f9d88584a223b614c5c49c4f
UHJvZHVjdDo1OTM5,2025-12-14 05:01:22.535,pro_3rKLt65zTMp8wXSUwrw7Jn,QXBwOjE=,1ef88420c548388bc282c6c9c01e5673665a7c673770d9a166d33f7248e78d8f
UHJvZHVjdDo1OTMw,2025-12-14 05:01:11.692,pro_23rQB6EB6xqtB66iBsZu3b,QXBwOjE=,6fdbc23c2fcab5fbc1f8bfdefd41d4f90bfde8c8e8ec755f8e86182ea2061475
UHJvZHVjdDo1OTMx,2025-12-16 19:17:16.419,pro_GmdCZJKqZzeMFrRonUv51j,QXBwOjE=,9215d489a430f31ea5b9870f223a84aae4c7bb47f64e21b801c8b9776801820d
UHJvZHVjdDo1OTMy,2025-12-14 05:01:38.772,pro_VauWJZLcRmdMYdd3MXR4Xq,QXBwOjE=,ce4857db047bb8287ff3dbe4439ecb0cc1aaf00e66f88396bf990670c67633bd
UHJvZHVjdDo1OTMz,2025-12-14 05:01:45.349,pro_MMF5k9aLcX1RGW7oboAMTe,QXBwOjE=,d64321dd9b3ac909f5c275d22b363f34b39b8b2b579413211a06e430f74c3475
UHJvZHVjdDo1OTQ=,2025-11-27 17:42:22.817,pro_8oaJnvqawtm4z4guFau9T8,QXBwOjE=,5beb11851f1c77a99bf0fe311fe68b668bd05401621e02e4bacf7afe8b4ab70b
UHJvZHVjdDo1OTQ0,2025-12-14 05:01:10.227,pro_ABCEtgn3PhdNKWZx7ceV7,QXBwOjE=,f0b7861f75446b1e28202822e228ab518b72099853faceebfc72fdcbe6894c5b
UHJvZHVjdDo1OTQ1,2025-12-14 05:01:40.604,pro_EbP8iNBhSTeMwX8jE5BMdS,QXBwOjE=,f3d06e945c383da02e5d5e6b2c90ab1c4f1cee1c8f250d506d0a3864113889b8
UHJvZHVjdDo1OTQ2,2025-12-14 05:01:58.571,pro_KqELrndsMuPvF3CGqcRAyn,QXBwOjE=,5c1a99a6d26785714166d959460bf7895866eb69fde41cbd09600fafb275221c
UHJvZHVjdDo1OTQ3,2025-12-14 05:00:44.587,pro_N2J3TEMSwh68YGYE4KNtm3,QXBwOjE=,3f5ca6cc1c2ed301350432fd8f1dc271ea5fa95650809e4245a4121f7d687f5a
UHJvZHVjdDo1OTQ4,2025-12-14 05:01:24.381,pro_SVyi61stfU4eHkpKtW8ssg,QXBwOjE=,e4cbad1c4f665eda8c4bfe36bef435e4b4cd6159eea9aefac3d18c5d85ef3947
UHJvZHVjdDo1OTQ5,2025-12-14 05:00:56.390,pro_YCAXJ82adS6a5e1Shz9571,QXBwOjE=,31465de142a634ff756e9daf974d71d7c572131405ba47a6b187acac9197fe99
UHJvZHVjdDo1OTQw,2025-12-14 05:01:59.461,pro_6MWqkqJCWuuZknsGFHW9hh,QXBwOjE=,6feb7ad7301218ba4114ac4cef78bf599e6e8e50bf178d3b90a7faf75e506bbd
UHJvZHVjdDo1OTQx,2025-12-16 19:17:36.733,pro_DH4bM9YNaHXmASqaoHwcPr,QXBwOjE=,fa605fee099778bd41f01c388fa958f9f910856b7008bbc2a9f0dda9155ea99b
UHJvZHVjdDo1OTQy,2025-12-14 05:00:18.362,pro_T6FoVriRQ63brv9myZXD5B,QXBwOjE=,8335ede9d17d5987bfad8520c0c507bf84de8c4c945564990eec51bbaed690d5
UHJvZHVjdDo1OTQz,2025-12-14 05:01:20.266,pro_WTnM9m41KEvU7CAcaAyUEd,QXBwOjE=,5af4c425b3de9ea6943068e54238e3da4953f199a15663548854342fe2e35683
UHJvZHVjdDo1OTU=,2025-12-15 14:50:00.350,pro_SbRG5DfXD2s5cZsUsU2zun,QXBwOjE=,81801ee2f588cd59995e2803b4c81284933392efc2b5cf97637dccaf7c50476e
UHJvZHVjdDo1OTU0,2025-12-14 05:01:20.438,pro_CKjfaQDCTqhZbtsNYagQDz,QXBwOjE=,78310d77851d43e7c07014f6270d9fb23ae7763c27967b21b8f39cb0c23fbfa1
UHJvZHVjdDo1OTU1,2025-12-14 05:01:38.687,pro_CqadjEfUvd3E6SEtCsv4xR,QXBwOjE=,fefd92db01bdc7b9067ab3a3dce0ccce8dba45b5008c77cc3c74333cfa1ea45b
UHJvZHVjdDo1OTU2,2025-12-14 05:01:32.483,pro_EjWNQTxyMCqXX2Aq7HiNXp,QXBwOjE=,d708a88cf7c3ad82d679b798d13bd705595cee800cd9ef398ca718bd358ae10f
UHJvZHVjdDo1OTU3,2025-12-14 05:01:33.541,pro_HJoDziCEvXSY1ubQDiQ8HJ,QXBwOjE=,d708a88cf7c3ad82d679b798d13bd705595cee800cd9ef398ca718bd358ae10f
UHJvZHVjdDo1OTU4,2025-12-14 05:00:43.619,pro_HyC6wDzXz1X1FoJtR2BCrj,QXBwOjE=,65380f5fda30d2eb98943cdddefc21bb9e5fb18fcedcb6de402ad2ab904d6b9b
UHJvZHVjdDo1OTU5,2025-12-14 05:01:21.787,pro_M6WAWVTHY9JWKoW937yzWL,QXBwOjE=,6d2f19baf2bd1f09d93e644920326ffbef51b0c05f40d1c9599cff826562f670
UHJvZHVjdDo1OTUw,2025-12-14 05:01:29.502,pro_5mnxnSt4cKoTcq2FzVEoLC,QXBwOjE=,bf0041af79398dff36fe09c89d8638fdf274367a8cd63291111b9236f15eac4a
UHJvZHVjdDo1OTUx,2025-12-16 19:17:54.668,pro_6QV4Qfa9yqhhXTdtAPQocW,QXBwOjE=,c09a66474396ec3b538f195c53f086b28dbf8fb7fdaa32077fb71978dcac342a
UHJvZHVjdDo1OTUy,2025-12-14 05:00:59.235,pro_7tk5xwz7pp8qu3JGG8YEgE,QXBwOjE=,96e241cec65852fabed7cf83def5ef8ce927aaf7ed998f1061f4e9aa57a3e8fe
UHJvZHVjdDo1OTUz,2025-12-14 05:01:23.415,pro_B1C3SwEhThPaLrPB8JJeqi,QXBwOjE=,7486c29f82ae75d3430cf867e00b23634a14564a0e78a1b3af82e6c9733a1614
UHJvZHVjdDo1OTY=,2025-11-30 05:02:34.253,pro_6hT8DyQJ11t7GZ1v9nTeSR,QXBwOjE=,16ae1b4e776307263a0590caadac24ebe2536b2fa0f1e4f09569739b48a85296
UHJvZHVjdDo1OTY0,2025-12-14 05:01:19.944,pro_4bF89vCtdETruqAsdDynMi,QXBwOjE=,fdde95b0440da0fd2b916c9023f6f234c126b6ccd84c0262c25d0bf71e8af27e
UHJvZHVjdDo1OTY1,2025-12-14 05:00:22.617,pro_4j5ocSGVRtMGmfsfDJTSx2,QXBwOjE=,8ccd516a43f82befaa6058b66dbd32ec57142b0cf67bf1e36a14832cf2022fcf
UHJvZHVjdDo1OTY2,2025-12-14 05:01:10.827,pro_4MMVQn15wzhtADtuXPLgyt,QXBwOjE=,3a8bb20ce627d71dd187e2f81ea839ad59b66137e2b28ab4df68e9d92b722058
UHJvZHVjdDo1OTY3,2025-12-14 05:00:44.906,pro_4Rc38XuscfBPvPgNeiFwM9,QXBwOjE=,30c36c57a92d388791fd01503b99b0de0bf4a7da1fc9c01aae50f4cffddd92eb
UHJvZHVjdDo1OTY4,2025-12-14 05:01:47.404,pro_4XSXc9eLCipSUqgrHNUswD,QXBwOjE=,920d01ccf61156fd25fb09e94f42c79cfa0ab8499b8307f1a740c77357541cad
UHJvZHVjdDo1OTY5,2025-12-14 05:01:40.627,pro_5aJQRT1Yzd9C5G7mmNcWsk,QXBwOjE=,a6041b2141dc91a88f492560e551df58e3740bf19c05551f31ee1c7cc46867ee
UHJvZHVjdDo1OTYw,2025-12-14 05:01:31.711,pro_PS1MMvMfe9BJ2yDxhp1F6s,QXBwOjE=,d708a88cf7c3ad82d679b798d13bd705595cee800cd9ef398ca718bd358ae10f
UHJvZHVjdDo1OTYx,2025-12-16 19:18:13.573,pro_S67Dt5pao6WbBy69FBTKo3,QXBwOjE=,a4bdd0b3fe4e8f1bc3cb8825b8d976eaa95328ec2249f21e1b2c5e68c21e7f85
UHJvZHVjdDo1OTYy,2025-12-14 05:01:38.357,pro_SjcyFoNvphGCDEpysyCFKW,QXBwOjE=,678e59943e127e9d05bcfc3fb685c404d7d82eea2e9b0c46104959b5ded50f4a
UHJvZHVjdDo1OTYz,2025-12-14 05:01:00.840,pro_XM8s9PqUUxu2U4gXmsxywy,QXBwOjE=,4fe2608c90dab03670cc87d6645d178c65ad1337891470167883072b98bb077c
UHJvZHVjdDo2,2025-12-22 01:01:53.232,pro_XEhgsffqQEukvLt1nz6EZT,QXBwOjE=,1f537564a0e44dc1436c516b1834684ee41f62effafba4e46ec4455fe7bb3a0f
UHJvZHVjdDo2MA==,2025-12-22 01:01:53.910,pro_KcQQPych4pVgoYN76wSvqh,QXBwOjE=,ddecf66f6be6a1726de21f678e6e1668af8d87e7821f79ee0924ffee980a9c3b
UHJvZHVjdDo2MDA0,2025-12-14 05:01:31.361,pro_5dXbuJpBPmGAhzTt9aZZSn,QXBwOjE=,d8f366d312f9a7b7e061d25922150933aa2082b37c50ac454b29e233e46ae669
UHJvZHVjdDo2MDA1,2025-12-14 05:01:03.870,pro_5ZAUg1EAFf3N47XDSmRwMw,QXBwOjE=,53265d319838193343cf697aff5b50c4c6c103cf13e80c37f07a217c3e166367
UHJvZHVjdDo2MDA2,2025-12-14 05:01:12.305,pro_672XLEFVBxeFX5J91Q9mk5,QXBwOjE=,ea14c2413e8db690302438276a02db5b46f5c266469a3387e23e35b294bf184e
UHJvZHVjdDo2MDA3,2025-12-14 05:01:08.900,pro_6Q8haHTEfeCFxJpumFwT1E,QXBwOjE=,4c79b6cce2638a64335aa5deb834f3e15239600083950e5da8ac603b7b48983e
UHJvZHVjdDo2MDA4,2025-12-14 05:01:33.427,pro_74ysrgu7DADcoNpF76FVaW,QXBwOjE=,119abb7bedf1d96ef98c57cb1310cd0b292857f7076e382c8f6112c80dea44c9
UHJvZHVjdDo2MDA5,2025-12-14 05:00:37.024,pro_7VLwQreYXEJMrtvMjAaPQF,QXBwOjE=,6d2301f25188de89f2b7ed217357f0f39ff874c06debf9ad504af924b6b4330d
UHJvZHVjdDo2MDAw,2025-12-14 05:01:14.972,pro_3wAvRoxkoK3yBRgU3om8oq,QXBwOjE=,675fe867067467cfa6d8a48841633ddb6d261c31fb9d8e926ef87a4fe18ca192
UHJvZHVjdDo2MDAx,2025-12-16 19:19:23.644,pro_4ftw4dam8giB1ZNajWi8gt,QXBwOjE=,07f78f1451a25cd6c42df8d6bf771a864e42ea0e5ff999f978e07e55bd421335
UHJvZHVjdDo2MDAy,2025-12-14 05:01:31.897,pro_4Gpcj3sbY4DZVA6wwYQt1p,QXBwOjE=,784e509821e8110e227e9a5e45d845eb43e22c81013afcba1f0480ea003e79e7
UHJvZHVjdDo2MDAz,2025-12-14 05:01:03.513,pro_53MJC5xcSQFizXw66QaZ6r,QXBwOjE=,e75ee12361d5ef60e9ab893764f2453f9431e2205d9d68d0352f49556c9acc88
UHJvZHVjdDo2MDc=,2025-12-22 01:01:54.559,pro_BUmW9D36n33i5tvo2GaBmN,QXBwOjE=,8cc2c57047c9fa854615e5ffdc640d2ec105932aeb8a7505e48748f3d4e1f861
UHJvZHVjdDo2MDc0,2025-12-14 05:01:53.418,pro_FzgVuXEHJKEGwNhGpKkWQp,QXBwOjE=,6a17d67edfb6dccfc29d9ccf45bd6fd4e06e3b70d22fdd04c2224eb15397fb6e
UHJvZHVjdDo2MDc1,2025-12-14 05:01:53.387,pro_GJfqykN31zcNa9EGS3PBiU,QXBwOjE=,6a17d67edfb6dccfc29d9ccf45bd6fd4e06e3b70d22fdd04c2224eb15397fb6e
UHJvZHVjdDo2MDc2,2025-12-14 05:00:46.199,pro_GNBo1YL6RunyLHv8HbCQGi,QXBwOjE=,e0a569af8d07f30499acce8b94f0497d1f3f7322d0a00293b5c96111b585c021
UHJvZHVjdDo2MDc3,2025-12-14 05:01:53.111,pro_KNCbGnYy6YtxrB1Dj2jy8j,QXBwOjE=,6a17d67edfb6dccfc29d9ccf45bd6fd4e06e3b70d22fdd04c2224eb15397fb6e
UHJvZHVjdDo2MDc4,2025-12-14 05:01:53.084,pro_mA54MAARgXnTigKktbCKH,QXBwOjE=,6a17d67edfb6dccfc29d9ccf45bd6fd4e06e3b70d22fdd04c2224eb15397fb6e
UHJvZHVjdDo2MDc5,2025-12-14 05:01:49.579,pro_R6X81H5u23s8NbBA64oFTh,QXBwOjE=,73e2989bcf1b3d391492f926301e9cb1613bbed2754f79ed4e73d6ca505ec72f
UHJvZHVjdDo2MDcw,2025-12-14 05:01:43.122,pro_K44z24mBhGuHa9aufSfy2c,QXBwOjE=,9b1a893e9fe5e854bdb7e687e3b6097cb96b54e32d024d3c44629bc4fd60fc1d
UHJvZHVjdDo2MDcx,2025-12-16 19:21:29.312,pro_W9iGFhZLwbdys8VmsH5Bq8,QXBwOjE=,7336b749e5b9c90ba309e26b56d7db6985d97982496281c9891789299d13e41e
UHJvZHVjdDo2MDcy,2025-12-14 05:00:20.888,pro_Y8ogtd4J78zC3dq65PFRMQ,QXBwOjE=,a90a50d771020c37e1d1a266a8e885f99766b22c4b1964e6e91a4109f84b2298
UHJvZHVjdDo2MDcz,2025-12-14 05:01:14.451,pro_EgYADjKbfgUm7dVjUiCHyV,QXBwOjE=,5c2e8410dd6c9f8c59f36bfacb1c76daf9e251b6fcd5f2e228f935483421655e
UHJvZHVjdDo2MDE=,2025-11-30 05:01:23.852,pro_WhKvBT8oxxPhG4iWAeBqK4,QXBwOjE=,43c9ced33ab8f63028f33f9496a99d91c52a9bca092c918ad941eb7ea070e476
UHJvZHVjdDo2MDE0,2025-12-14 05:00:51.725,pro_C8ue2pcELx85236SwsZCBW,QXBwOjE=,6ce61a9d1c2eef024fce354ff8e6d65488c84aeb5bcff721cbd498663c0630cb
UHJvZHVjdDo2MDE1,2025-12-14 05:01:46.807,pro_CP3hn84FNchyr2yUV2EmM5,QXBwOjE=,d9df9b13801ef2bb33a72df445769df3c9871122a306c30e5183d20dc7ab7452
UHJvZHVjdDo2MDE2,2025-12-14 05:01:06.137,pro_DFQ7UyxxarEtjtxx38rnPb,QXBwOjE=,4bd92404413c15e4f88f61c22148d6693ebd25f80e852625fdbcde29498af1a8
UHJvZHVjdDo2MDE3,2025-12-14 05:01:15.778,pro_EBJ7p9fTb3RTpq3eDNwCkL,QXBwOjE=,18bca7f36245b65d6e42006a385a7389026bc276276a95d51d4c1e3a8a3e01c4
UHJvZHVjdDo2MDE4,2025-12-14 05:01:27.273,pro_ECR5HtCx4sVgztKdSAFivV,QXBwOjE=,5df3d8edab7d101574f2f613994b3f4661d76b7690311c98cd508c8ea1712c50
UHJvZHVjdDo2MDE5,2025-12-14 05:00:20.855,pro_EkrG1JqfonPLevzWjrdJ5y,QXBwOjE=,42790f60dd0921ab8fd10f192346f68116445b7f24749403d8797f0139611a0e
UHJvZHVjdDo2MDEw,2025-12-14 05:01:58.716,pro_9Gjs8uH4oDps76eQkx55Fc,QXBwOjE=,a52c111bcd4cf448470a2339fd3dfc95bbc4bdebef2440388459696e08e6c621
UHJvZHVjdDo2MDEx,2025-12-16 19:19:40.178,pro_9JVWqQTH8rjiT8nouLtRjH,QXBwOjE=,c1fe1c0a17cdc735c131b55a74f84b85e02863b4cf60e6a374cae4cf90755909
UHJvZHVjdDo2MDEy,2025-12-14 05:00:20.915,pro_BEhLPw9zBLhfPCm77nSkPR,QXBwOjE=,fd94aa307cb0ed3fa7aab875faa76bf01c77452aa75e1c6bce6f63b0384da032
UHJvZHVjdDo2MDEz,2025-12-14 05:01:03.622,pro_BpN1TkfEWnF4R5hxb6697h,QXBwOjE=,cfe1be4bbd3204c3e89d24a6f44902c7f8c16c09bcf562706d8bcb452e23cd5a
UHJvZHVjdDo2MDg=,2024-04-11 16:31:54.601,pro_7gs4ch8rP6RWhA8Vzf68Bg,QXBwOjE=,91546403dc746fe23e9848af182a4c0d509cc663571014a369c73002907bc32d
UHJvZHVjdDo2MDg0,2025-12-14 05:01:27.790,pro_V2md4KMjeCh5ev7UFR97tB,QXBwOjE=,7ecf5e334115153f61fb6722f9cf093f630d00a476eeac6aaf5249afd987a72c
UHJvZHVjdDo2MDg1,2025-12-14 05:01:49.201,pro_3WZjyQ59qUaEMKkiDDqCav,QXBwOjE=,48ea981ecdfff4ddac8312e03a61c1afde3013869540de6f8709970f6ad09ab6
UHJvZHVjdDo2MDg2,2025-12-14 05:01:15.667,pro_6aMdxMC2ZyzGcJL7GJXrfL,QXBwOjE=,9d0967d4a7192aaca719ace24cc11519a9460a96310e897954c6ee643c454ed6
UHJvZHVjdDo2MDg3,2025-12-14 05:00:43.834,pro_7ifX3EZ2MZDcy1rDRbeof3,QXBwOjE=,b3982c36c2075a924658e77ea0cc0e8128ffb76ad29028ae5f58ffe5de7314d1
UHJvZHVjdDo2MDg4,2025-12-14 05:01:21.993,pro_8NDG3eKMAeX149hvzv61nR,QXBwOjE=,11533fb01235911c40f4d2079a66efdef0dbcb923e8cba1ccedab94b7b28c88e
UHJvZHVjdDo2MDg5,2025-12-14 05:01:24.551,pro_DJBKLkFqBUjXuz2koDcvho,QXBwOjE=,d9a4ee0160f9d7f1a093e243ddca08f6c9d3558ee27fc51d019104597a18f87b
UHJvZHVjdDo2MDgw,2025-12-14 05:00:38.328,pro_4SwFYZGQ9i5wcoJP4pgzYh,QXBwOjE=,1407b5236ab6beaa0c63978702121f17adc046c23336289d31e2f83cdcaeb29e
UHJvZHVjdDo2MDgx,2025-12-16 19:21:48.649,pro_Bo4cmjWiH2YNr3r9RhD9Fh,QXBwOjE=,26be6c918ee96193204cd51eafbdbbe75ed5ddcf8faab598123f7822eada2795
UHJvZHVjdDo2MDgy,2025-12-14 05:00:41.564,pro_C9ZKhnPv8FWJUrzdg4s9E3,QXBwOjE=,f206e5c2efb718232abb486021721e40f7f6b4b54dc099794380192820b20619
UHJvZHVjdDo2MDgz,2025-12-14 05:00:46.608,pro_G8SHKY7E9e6nC7cq5LcoJ5,QXBwOjE=,809554dca429a81f00fcd0926e6360966d96f111a334e7388725f28519bfe689
UHJvZHVjdDo2MDI=,2024-04-09 15:58:09.877,pro_X3fWnRHKPvSRNoZMmdqFN4,QXBwOjE=,c5f79b0842df17e01d9ba13f4271a0f5f7d3d71621c3096ff1f1097f2e0c1635
UHJvZHVjdDo2MDI0,2025-12-14 05:01:26.519,pro_GqG7P7E5XBmJp61uKFmQMZ,QXBwOjE=,7ed7282b57ee3343d8a51f6f4a4cc973193a6aa5607b0ad60986e8aa4a96c749
UHJvZHVjdDo2MDI1,2025-12-14 05:01:15.705,pro_HJ5QhZYv65eygNDJyXhXas,QXBwOjE=,0e25291bd242b37d51ed0a54b26b5e76a924c9d56e1d98ecdb2199227568a0eb
UHJvZHVjdDo2MDI2,2025-12-14 05:01:03.706,pro_iLvmdHimnaYKRBpWaPyqV,QXBwOjE=,a3b6aa4dd87cadf04f382f480bcd6c0ff7b92d1f4f49796046f6f073e424d0fb
UHJvZHVjdDo2MDI3,2025-12-14 05:01:25.313,pro_KGsz4wgmzpX8YwkmXWqsg6,QXBwOjE=,85e16eed3f3b8bd4f8dc1bb75add2b4bd65a9e2ae12c06d9b6ae2801c991d49e
UHJvZHVjdDo2MDI4,2025-12-14 05:01:03.713,pro_Ku1i4qD6YgjCQRSYxwZmto,QXBwOjE=,12d8454c99b2b322e16d262a8ecd5065ea1d9621e253adc7079ec16c8f91b02a
UHJvZHVjdDo2MDI5,2025-12-14 05:00:38.381,pro_LfvXorVpqzzNd67kGAYGYm,QXBwOjE=,06f2a747c139746b1a198fab56d715d47165425f197fe808534f7a51add5ab3b
UHJvZHVjdDo2MDIw,2025-12-14 05:02:06.642,pro_FTMvHr8ERN6M59E5w97arx,QXBwOjE=,76e2ea823f57835923e8e0b8f575bbabecc0d4b38839704e4b645277927cbba0
UHJvZHVjdDo2MDIx,2025-12-21 05:00:37.428,pro_GEPn91Pv5BvmM7kz5n2U8M,QXBwOjE=,760b9ebe026cd848086311accc72df0249e4a75c6772dd1cce9880707fc348e0
UHJvZHVjdDo2MDIy,2025-12-14 05:00:18.750,pro_GiKYmJZtigGJMm7XsamGiX,QXBwOjE=,002450f5e391ce75e9ffd765099fe46feb364f26acefc87edb7aac75966396fb
UHJvZHVjdDo2MDIz,2025-12-14 05:01:50.034,pro_GmeRHZ3aTx6NWJ5fcHsq4K,QXBwOjE=,ec4b2f069c5d3e794140289ff5f1dd5a0b2dec64937271aa22bbe8e01875fba7
UHJvZHVjdDo2MDk=,2025-11-30 05:02:42.670,pro_QBMbdTe4fyuEwmX5Hzok59,QXBwOjE=,f611c69484c7b8ebcde8d969da8c67625d893fa764ac8ccd4653a36e8f97162c
UHJvZHVjdDo2MDkw,2025-12-14 05:00:36.426,pro_FuzT25mFYMADaKiZcGzsBx,QXBwOjE=,9175c488bad20c03d3b516cdef2cb79498ffc2e64f762899452e75d513c55422
UHJvZHVjdDo2MDkx,2025-12-16 19:22:02.104,pro_QmAVAcvSsWAckmGJ4X1DyJ,QXBwOjE=,146e362dfa6fc0d4a44de676ef8c9202c96d9d958cb2bcb55c18ee2fdc4bb8f4
UHJvZHVjdDo2MDky,2025-12-14 05:01:49.654,pro_R7x5AGFfs1XMUtVsEywfYS,QXBwOjE=,2ed90559643fd08bca571b28ae1fe097139ad5f560c8bd219b657e60457b2021
UHJvZHVjdDo2MDkz,2025-12-14 05:01:06.475,pro_YSjnrcDBHdUp2qf81RcN2d,QXBwOjE=,6452848cdd9b1ce94c00b91ad7b58162b3323e8dfe23dd72707694b9887acf82
UHJvZHVjdDo2MDM=,2025-12-16 18:39:04.348,pro_NndSmJzds6i7GgeJ6xH71R,QXBwOjE=,75012a180db447b275dea4597dc57d89956d2f41adcfa187c94dedfa50f9e945
UHJvZHVjdDo2MDM0,2025-12-14 05:00:42.834,pro_MP6JTaKC68VEi1AeCQRfxL,QXBwOjE=,88946ca43d82bd72559b2e2780e960cc5b4301cf0838a04d043e9051df59a82a
UHJvZHVjdDo2MDM1,2025-12-14 05:01:03.740,pro_MpgpiYFhjX1nwJWjCFv8Jj,QXBwOjE=,53265d319838193343cf697aff5b50c4c6c103cf13e80c37f07a217c3e166367
UHJvZHVjdDo2MDM2,2025-12-14 05:01:33.760,pro_N81nzjWTxqZWJUMxvD8UJS,QXBwOjE=,c66c849894db92cf1e939472f82821450bf112534fd2c24142541a5d1c83431b
UHJvZHVjdDo2MDM3,2025-12-14 05:01:03.562,pro_NrutmwxXdmyL7V4fEhSaD6,QXBwOjE=,a3b6aa4dd87cadf04f382f480bcd6c0ff7b92d1f4f49796046f6f073e424d0fb
UHJvZHVjdDo2MDM4,2025-12-14 05:00:17.415,pro_PAMTzemtwv52QBKzVc4FHX,QXBwOjE=,1e73e8ab9419de06ab96413787bebd50aa25dc724f4cb1421f316e67ec73ce6a
UHJvZHVjdDo2MDM5,2025-12-14 05:01:50.423,pro_QAPcSgYkoGVCGiAFsfNtiW,QXBwOjE=,4a8c526058043d0280c150c842e91f96b6b5c62dd9468824a4bcd3ee9b977650
UHJvZHVjdDo2MDMw,2025-12-14 05:00:39.117,pro_Lp8TkkuL5QaPx2SYPN2B54,QXBwOjE=,9829bdd80915e4316d756159b460ed5592b5d2137b5b4fb554723d0db9ed73e0
UHJvZHVjdDo2MDMx,2025-12-16 19:20:16.802,pro_M5fNhW2uUbKr1bdtCc4zzb,QXBwOjE=,c171e64246c55b5e27dc0bd404d3c8b4d946216a6e09f6d0ea0fffb19f99da29
UHJvZHVjdDo2MDMy,2025-12-14 05:01:50.129,pro_MbCa2fLTcyNki4t8Dyrd91,QXBwOjE=,d80c525ccf8b72dc5d44e6d4129d25cfe9e6d8cb18dbe8c0ded3967c2a13aabb
UHJvZHVjdDo2MDMz,2025-12-14 05:01:42.865,pro_McqnJnQ6B756EkZyQTzaCV,QXBwOjE=,c7a2f846b332f6d507283ac3cc062f8b65d7bc1a826d2b554110265baa931560
UHJvZHVjdDo2MDQ=,2025-12-22 01:01:55.391,pro_CoVqR8Fz5vEGcK2wCHSQuy,QXBwOjE=,6e8bab649baf80380c73d27f0c2c930c62d80b2508cb0b29bc10c28d15d92d34
UHJvZHVjdDo2MDQ0,2025-12-14 05:01:50.443,pro_RBD3j8G9FrGefmKugvwb32,QXBwOjE=,7921ca7007b2139b888425a6a2d64ad5d34eba914aa167c323cfc827ffbe9a67
UHJvZHVjdDo2MDQ1,2025-12-14 05:02:05.508,pro_SdgrtznovpWk7SkEyXDLTd,QXBwOjE=,6d96ee6704a9ba07f4b2b983aebedd3fbf935c59f6576c7e658bfcda5443c42a
UHJvZHVjdDo2MDQ2,2025-12-14 05:00:48.578,pro_SvXSAt9QFHayVQGzzdcU51,QXBwOjE=,f003fe12422c9571e7d2b2994d614179754be4fdf1a95f03ce9be693ea900134
UHJvZHVjdDo2MDQ3,2025-12-14 05:00:38.192,pro_Sz78Axp5TXk7ubKhH6yNcz,QXBwOjE=,0094f83d2927bbf3fd0d1f2e7084cca07c9925c649062db1f9b4897096c29160
UHJvZHVjdDo2MDQ4,2025-12-14 05:01:59.234,pro_TaovcjKKNZkDeCjehDSnE9,QXBwOjE=,3a78d0013f2ec3c7653d0fa697202f20224e2e90988fbae77c0fc48ebe7dd1a7
UHJvZHVjdDo2MDQ5,2025-12-14 05:00:49.335,pro_TFGwake4sGFQWAu5u6rpJH,QXBwOjE=,6a0ecf698b769044f04407661031a61d952d2da633a7010b5e8a6e62e9ec8721
UHJvZHVjdDo2MDQw,2025-12-14 05:01:04.901,pro_QGQt7dthfGSL3XxnCFbcTZ,QXBwOjE=,cfe1be4bbd3204c3e89d24a6f44902c7f8c16c09bcf562706d8bcb452e23cd5a
UHJvZHVjdDo2MDQx,2025-12-16 19:20:32.483,pro_QH6VPP1MtdzWMgWBxfT4nY,QXBwOjE=,cda998772d6c7d8301653d222770fb72b577214ef2683597b5ca54e4e984fd6e
UHJvZHVjdDo2MDQy,2025-12-14 05:00:33.185,pro_QQVF3bt7oHKrwBeda8duY9,QXBwOjE=,26c3dfa8cc4584525a31cad8cc7d8bc7987603e494e39d4a35e984b2978968a6
UHJvZHVjdDo2MDQz,2025-12-14 05:01:03.032,pro_QsMmECT3WLgK8xRstNxFFg,QXBwOjE=,8ac8511c2563e8fd51b5b0babfd0458381eb51bfabdc72abc1b9bf52a8e25f5d
UHJvZHVjdDo2MDU=,2025-12-22 01:01:56.089,pro_N5WwxShGRy9tCz8KzThJkc,QXBwOjE=,bc5677437a0f2885c9a24a2fbb9e9f14b5065eadfdde93229fb2d826a68368b6
UHJvZHVjdDo2MDU0,2025-12-14 05:00:18.590,pro_VFvBoLGVQqYQUhyi4nsMiV,QXBwOjE=,bd4da7f343245952143b710ea4f0d135b382f3208aabe82f0d68069e05bd7715
UHJvZHVjdDo2MDU1,2025-12-14 05:00:56.641,pro_VZ4yixqr9TrH7V8xgZbGJ2,QXBwOjE=,f819cbe7377de9e4184b7ff0d0e41d3c4794e15b84674db45a7c6d3d9a7ebd1b
UHJvZHVjdDo2MDU2,2025-12-14 05:01:58.102,pro_WcxSZ5HuYbiWXe6fVU4PSg,QXBwOjE=,e4eb77464f6ec7ec55c09a37ec33d16e6b7d61137fac8722a66abc2c4999e690
UHJvZHVjdDo2MDU3,2025-12-14 05:00:18.158,pro_WSsJypKCMGBVzFLzE6H99S,QXBwOjE=,5fcaf0d70e8112757012f6de4408c3a233a58bd574d813d1f3f224733e0aeeb1
UHJvZHVjdDo2MDU4,2025-12-14 05:00:17.217,pro_WzJt3J1TGpkh1MkFUcE3Ud,QXBwOjE=,b4c99a44f453cedb07fd3ba9048bd00969e8d039e968cd6e51646ee6de759ca3
UHJvZHVjdDo2MDU5,2025-12-14 05:00:51.137,pro_X44hcTbt7VP7zuRSwJF5xo,QXBwOjE=,e391c538dfb968a5ce16cd26ce27f78e8530938ef54376f746ca1c5c797ff808
UHJvZHVjdDo2MDUw,2025-12-14 05:01:34.081,pro_U18qe18Ryq8VAd5GkiVY3o,QXBwOjE=,c66c849894db92cf1e939472f82821450bf112534fd2c24142541a5d1c83431b
UHJvZHVjdDo2MDUx,2025-12-16 19:20:52.209,pro_UmbxdQr88qMyikVQHjSA9s,QXBwOjE=,d7806c4fb27524fc99fe9ce4c853290695d300b36eba896387f551846327b069
UHJvZHVjdDo2MDUy,2025-12-14 05:01:32.685,pro_UpZZTMvkA6kwHTfxRkiauz,QXBwOjE=,784e509821e8110e227e9a5e45d845eb43e22c81013afcba1f0480ea003e79e7
UHJvZHVjdDo2MDUz,2025-12-14 05:02:06.698,pro_V73tfiZmmtLUcELyyw7wfP,QXBwOjE=,92040a7b1fdae0c7ea66377a97bb1a2dc40af5f151c598a8b2ecffa24dd036de
UHJvZHVjdDo2MDY=,2025-11-23 05:01:00.478,pro_7qgqkSHA3dL5Vy3FgBpKsZ,QXBwOjE=,090c747a35ca0c595b9bea21a127e5513a7851e6d516792b3f3cfe136c9fb319
UHJvZHVjdDo2MDY0,2025-12-14 05:01:57.809,pro_Xzv4QorGVWZbtXa2WWFG7C,QXBwOjE=,058e447932a075674ea901b704a135088e03739495202b4cb406dd4cc55a9909
UHJvZHVjdDo2MDY1,2025-12-14 05:01:06.253,pro_AkEK1NmFcU9c39BWSmJu3X,QXBwOjE=,8647df0ca090d4ae39c1f316e0c2b3a12778cbd77d99fe99f1f67f651a0b0654
UHJvZHVjdDo2MDY2,2025-12-14 05:02:00.288,pro_D5cYMLbqtW81yz6962oZGp,QXBwOjE=,022f1d1870a271c6f0cbe11bf4367efd21d8c343a712cbfee26d71d175e7acbe
UHJvZHVjdDo2MDY3,2025-12-14 05:01:59.896,pro_YG8fhokF7LExTv1hHo7UyE,QXBwOjE=,e7b40e198d4f1b893423d3d94857618be9b199d3e94bd599f62989592de2617c
UHJvZHVjdDo2MDY4,2025-12-14 05:00:20.821,pro_97mtxsP5vjJD1Js8jSTxNb,QXBwOjE=,3fe135da4cce63b3b3c91e64516192903c11273b6ac722add513406febc81aa4
UHJvZHVjdDo2MDY5,2025-12-14 05:01:05.630,pro_JwjjbLzEmhDPj3eTLqoCKq,QXBwOjE=,cd6f9d166c6cc511307ef17cd702a14ec0d9414988e1be0aa3ff3846485118b3
UHJvZHVjdDo2MDYw,2025-12-14 05:00:20.803,pro_XmnJChbb7djKRhwr3a3qna,QXBwOjE=,fd0177a05cbd34e761c95d53734861b9774ee2f3c36637365850dd97260df4d8
UHJvZHVjdDo2MDYx,2025-12-16 19:21:10.272,pro_XT7QDWvLoKFzgRjCBk2isU,QXBwOjE=,30fdafb8af8f1fbabbd8a8dea826dd2e93ec030b4f415d05f16e51b53ff73d44
UHJvZHVjdDo2MDYy,2025-12-14 05:01:34.573,pro_XUtC2rmbddr6epHvJyQWai,QXBwOjE=,c66c849894db92cf1e939472f82821450bf112534fd2c24142541a5d1c83431b
UHJvZHVjdDo2MDYz,2025-12-14 05:01:03.983,pro_xYxuAtmnUGjertY2rn8Pf,QXBwOjE=,27f6d4686d54b60affec365746e311cf1e8fdb23235851fca3721f65969b6fc2
UHJvZHVjdDo2Mg==,2025-12-22 01:01:56.869,pro_9UDfWrLVwNULcLHyZ8zaRk,QXBwOjE=,57c8e924c44eaf1944831b0b2638f66bcb3501139427bbb8d3e126b2bd1cf05e
UHJvZHVjdDo2MjA=,2025-12-22 01:01:57.713,pro_JY1NcNvaKVoRJeUVGPMrr7,QXBwOjE=,ce9821d94e3834aec577b22886fad4acd675cad5526bd4a92f24766abd14f752
UHJvZHVjdDo2Mjc=,2024-04-09 15:50:49.303,pro_P7mYRgv75SS975N8M9TaB5,QXBwOjE=,1c0085e4ceebdd321a9b99797672de74bcf73107861dec07226db093ae2a4a72
UHJvZHVjdDo2MjE=,2024-04-09 16:44:04.052,pro_61V9qF3ao62m2DSGFosrD6,QXBwOjE=,c3c2c72c93968463423db0a4a4215a373368043befcfd12b06af74b3bbeecaa7
UHJvZHVjdDo2Mjg=,2025-11-23 05:01:13.591,pro_EniqG6KNya49udAM2N4DMY,QXBwOjE=,32162884138f869b2dc9903d56beb445cdda881a6ada904a6c5d27f1bbdfb19d
UHJvZHVjdDo2MjI=,2025-12-20 10:09:09.369,pro_UTzTUvUvwFi7Qs2JzuG8ud,QXBwOjE=,5c2657f8f01d8ff5048cf97d5d05ca383cffcb6a3ee584a009cb42b1ab53716b
UHJvZHVjdDo2Mjk=,2025-12-22 01:01:58.575,pro_HsjiBddW72HMmrocvNufgV,QXBwOjE=,c3b2247f132ca1e3c014b57cd09348572a3d1e72054c38f3180a67877aa1c019
UHJvZHVjdDo2MjM=,2025-12-22 01:01:59.346,pro_VW1f6CeHQa1SHhxugmbrE,QXBwOjE=,d2a9e2b6659be5c071f1eea47448b80c78a15912231a4910d7762e5c2bc0fdf8
UHJvZHVjdDo2MjQ=,2025-12-22 01:02:00.019,pro_A4b8fNVXmmhZoXqhLyTEXV,QXBwOjE=,09bc891c1329cfd3b52eeb554f4331f33992f6d5edc529d3868086a4032aa03d
UHJvZHVjdDo2MjU=,2025-12-22 01:02:00.717,pro_Tjqu4B53z6nuwn3cpp7ATi,QXBwOjE=,343456fe48ade6d8d81198813ff5bd4dd72ea78ad1826a04356c5f7efff3bf22
UHJvZHVjdDo2MjY=,2025-11-30 05:03:31.828,pro_KXwaEzyZ258aAf6tdKMceY,QXBwOjE=,80af238874fef7e4a832ead604778cbe926d0dff3a6945c78bc378f14b76b151
UHJvZHVjdDo2MQ==,2025-12-22 01:02:01.540,pro_wtVN7zeiLhEyis3UqqZjE,QXBwOjE=,a1f0562edf95003e28d9ff4c75d1c32386c623431f9372f4e03c722ac647e774
UHJvZHVjdDo2MTA=,2025-11-30 05:01:39.756,pro_ULLDwMBYjDQkubt2invccc,QXBwOjE=,8422159658152a5533e507329001fd77e8617bdaa1038f23563d12f189a20bb0
UHJvZHVjdDo2MTc=,2025-11-23 05:02:27.020,pro_HZ5n3cTmmN2d6U887arSzh,QXBwOjE=,1b674f5a5fb52d1f3dbb33a911bd7be0fe615ffe16364df7bbecd9199a82eda2
UHJvZHVjdDo2MTE=,2024-04-09 16:38:18.040,pro_EV4Z8ojS2yBAp41qfa4kKJ,QXBwOjE=,677a5990ab1177507ed90efc9fec6954b08e9601b066ac7f6809c12267354fd9
UHJvZHVjdDo2MTg=,2025-11-30 05:02:08.271,pro_5T62Pr1UpdWQBFB6HmpmG6,QXBwOjE=,c8b941bdbc01e416ed003b52435a16d94481fdef3c9915b33a5e7dfb059ba7a0
UHJvZHVjdDo2MTI3,2025-12-22 01:02:02.366,pro_AkG7Z1CwAoPBTBBNLFQWjL,QXBwOjE=,
UHJvZHVjdDo2MTk=,2024-04-09 15:56:07.916,pro_UrJqN6nrXsSz77Pu28Wy2L,QXBwOjE=,2f0dc02b72cec36f72e57f4a8dbd742ee32933d2ceee60e36948906176d8bae1
UHJvZHVjdDo2MTM=,2024-04-09 15:42:34.186,pro_F7p4kJesDcUqu62FGBD1ZE,QXBwOjE=,9c3f3e4b3736ee2aaa41daa05371989c0ee2d861c2481aa4794b6b996599caf0
UHJvZHVjdDo2MTQ=,2025-12-22 01:02:02.930,pro_4fpc4fg5fmUikQis2BuzYZ,QXBwOjE=,4985581568a151f96edf6e12c20276b187b08e56274e249d5eb6776fdab72efd
UHJvZHVjdDo2MTU=,2025-12-07 05:01:10.756,pro_Ks9TefSLaf226CJf875PLX,QXBwOjE=,3c230dc0042f115e918685ce03241eaa11ae40ca3dd0a7d75b22b8e63f967b99
UHJvZHVjdDo2MTY=,2024-04-15 21:32:26.831,pro_Kcz6MiyaH7ALz38DG5gKkp,QXBwOjE=,1d4564ba5032e02669d1f5a7483184ed4c0f9773bf3930b5ac5f591de7cbb82b
UHJvZHVjdDo2Mw==,2025-11-23 05:01:48.937,pro_KT2K7F3yYX32CC7mNFKcRc,QXBwOjE=,a06dcdc4d95a396c762dc674c4ad17a1760139ae0ceb14f86171b80e2211dc47
UHJvZHVjdDo2MzA=,2025-12-07 05:01:04.174,pro_MnB7DhhVRaCdKZc5dGunsX,QXBwOjE=,f305b4882d2eb2a502e36a1c4f415ccf23ed49a5bb8eec81ea138bfedfd0c26b
UHJvZHVjdDo2Mzc=,2025-12-22 01:02:03.555,pro_6U3VPFadQtJWTUFKGcA6Pk,QXBwOjE=,3d800a29b3a91675cf6837eca57fe08929200fd53d6ebd81f906e48ba1df61c7
UHJvZHVjdDo2MzE=,2025-11-30 05:03:19.527,pro_KsQMybnVYxmyHNFrr6fENJ,QXBwOjE=,b3c9f7f1c011f76b64ea02b1659c6109b4a8b193cdc98d81fed45dfaafc8a773
UHJvZHVjdDo2Mzg=,2025-11-23 05:03:03.028,pro_Po83wucoekYR6zavYdfrMs,QXBwOjE=,592bd3812c431aa9410ac975ecd04ff1b12b9d118f384f22ff84f77ac8500d2c
UHJvZHVjdDo2Mzk=,2025-12-22 01:02:04.254,pro_D6K3jDEiCC2r4hZwcpQWCV,QXBwOjE=,e9842b7a5ee33b4d533da4033130746f3f1309f8963c7899cf560f8e5d321f25
UHJvZHVjdDo2MzM=,2025-12-22 01:02:04.837,pro_EWpZmsf3PsLCaVNq2EiREH,QXBwOjE=,8d5f94ee7ff6b8b910a3d61bfcd40e06e93e8ef3d28173ee4255ea2fc989d9d8
UHJvZHVjdDo2MzQ=,2025-12-22 01:02:05.438,pro_CnZoTZPuvPpojuR1c8zq6N,QXBwOjE=,32da11484695daca501975c61e9ef7933260c4f2af9d31423f13047becd61645
UHJvZHVjdDo2MzU=,2025-12-22 01:02:06.167,pro_GqhGCmM8Hpq2KKoWSKDJUa,QXBwOjE=,7d554a04de0ad44610b193809b600f0816d0dc6349bff29198ce1e118e568e96
UHJvZHVjdDo2MzY=,2025-12-16 18:40:02.426,pro_TVxe8kAn9v6qZFqabmj3b9,QXBwOjE=,1988eeccf1cfc9c85afe83a05cab10ebe40e6beaf166bd97f7de694169aa61ef
UHJvZHVjdDo2NA==,2025-12-22 01:02:06.856,pro_HdsDfDu9d77g1i8Ta3ucrF,QXBwOjE=,f77578ea92e79e552e8c50e398b2a157b8056c4efe51f1ee6bf59584d708eefa
UHJvZHVjdDo2NDA=,2025-12-07 05:01:08.483,pro_NWMgEbefCBX4fpyfahkZQ2,QXBwOjE=,76f5dc55ca89aae1e6bcd58bdba4fe9da12f41e4a65f05706f4fbe8f6ecb5f4d
UHJvZHVjdDo2NDc=,2025-12-22 01:02:07.707,pro_N4XMoCA8ciopXSkDRNMp8s,QXBwOjE=,28df2d29cbe034f57d74a39339c0b219fec13fb644dae4c490fbd72e187b0456
UHJvZHVjdDo2NDE=,2025-12-22 01:02:08.528,pro_WXmsWnUohu3nvPigGjEAr8,QXBwOjE=,4987d072b7dd160367b6c9e9ea273c2480d959fbafd1a79e3ef85872b0180368
UHJvZHVjdDo2NDg=,2025-11-23 05:01:19.093,pro_K5RkdJaYCMwLbWG1gkR2Uw,QXBwOjE=,4b4b12c742fd037307b9ffd244bc134e51e683c819e640f08a614b2f406103a0
UHJvZHVjdDo2NDI=,2025-11-23 05:00:55.643,pro_KW2B3sSHN7qss8nWocFPpG,QXBwOjE=,a2d95ad535d206ff7dfe6d6298f93e77159ea2bae7aba91521305aa3b4057873
UHJvZHVjdDo2NDk=,2025-11-30 05:02:28.406,pro_9xxyDHKTshq4GTndttqVcB,QXBwOjE=,2c22bbbcf0490f51b1d409d04bc07abb53974d64a5d2ec9e497155a2250632dc
UHJvZHVjdDo2NDM=,2025-12-22 01:02:09.073,pro_2m127EVzrh4NpS4j212ThN,QXBwOjE=,1ce35c2229afd67bae57abc278dfc680185addf53f6ead6fb07760025de31cdb
UHJvZHVjdDo2NDQ=,2025-12-22 01:02:09.540,pro_TatGQWnihggG8A9r74JEMr,QXBwOjE=,47bfeb50b857381dc8e7301d5a513c98dc25206d1399a651d189d50545e68278
UHJvZHVjdDo2NDU=,2025-12-22 01:02:10.130,pro_QdS5QHbitAPQ6RNuq5p3Ej,QXBwOjE=,54b486bdc50006e6f6d89c56ad862ffd83c75f13b91e221449adca20419d0278
UHJvZHVjdDo2NDY=,2025-12-21 05:00:23.738,pro_8R4gh6oPHBn2ksG1nnYx1i,QXBwOjE=,a2f2b8e1eb7e6670acd35dcb87d0c0dc76200bf874c8079a85cf20bceaf00ab2
UHJvZHVjdDo2Ng==,2025-11-30 05:03:34.430,pro_YbJAX7MZ2y9LVP15JFXpZP,QXBwOjE=,bcd182dbd17ed3440d829d8494aedf39f83a9531e1c3b642fd779136b859ceab
UHJvZHVjdDo2NjA=,2025-11-23 05:02:36.909,pro_3WcPuon1DHqbshyZQ91hxJ,QXBwOjE=,8267061e7be56f0f2ee21891f6b7b056b31940653b13d7329ca23b0f87e7dc42
UHJvZHVjdDo2Njc=,2024-04-09 15:34:16.567,pro_6KLL1sXmZ8DU8Jjfphne2u,QXBwOjE=,d3ae0ed08008d375f58b14d3f0f4e8cff9f6fb276542cc1e93d5a22780654733
UHJvZHVjdDo2NjE=,2024-04-09 15:48:01.030,pro_LisgKDCkP9K3TnBhQ86CD6,QXBwOjE=,e229901fa39e23778c097f5c34fb6d9adbcaa37562e00998f1a5a585a31cff52
UHJvZHVjdDo2Njg=,2025-12-07 05:00:50.059,pro_6WWBEQoTq1fAHk4rJQQCs4,QXBwOjE=,9032d46fd67610186466b250af1a57506484f236dea0b1aa31ee369e9ce3a6c1
UHJvZHVjdDo2Njk=,2025-12-15 01:03:21.775,pro_Ad4AoPUcroH7nooAK9WyY7,QXBwOjE=,4f0dac9aed208d3cb19a99bd172e8c93c41f664f7e56b3c61c616451990a527e
UHJvZHVjdDo2NjM=,2025-12-22 01:02:10.818,pro_3V5pf4GDSx7ZMfi7xDVrx4,QXBwOjE=,3afc8db59111b97ddf5ec666f2c93eedf531e89e9b9c76e9a3745ed58905a11b
UHJvZHVjdDo2NjQ=,2025-12-07 05:01:06.681,pro_HR2SAzYXYNtm2yXctc2UyP,QXBwOjE=,8aa05be87a2056feff5090e40a8be2772ea4c7b124b617feceeeb2a8c65b32f9
UHJvZHVjdDo2NjU=,2025-12-22 01:02:11.614,pro_DzM7PZw8YLSTyuw6iX4cqL,QXBwOjE=,2add3d2e21422eb9065e03b8ecc5345388139cae609b2422cbbcb7fb6636615d
UHJvZHVjdDo2NjY=,2025-12-22 01:02:12.416,pro_NdMjQbm979wTs8ibE33e9C,QXBwOjE=,9d466f7623758a99644c7c91171a588e39953cce2ad54653cbc5d715ae25cfbb
UHJvZHVjdDo2NQ==,2025-12-22 01:02:13.069,pro_4Kn9oeCoTAF5NTYRSJD8uc,QXBwOjE=,af5593bd54ff68b425fb2b9a814365c2d55d29e14f4ad2803c53ac47d93ee768
UHJvZHVjdDo2NTA=,2025-12-22 01:02:13.803,pro_59kJQeeG6Eejy5RaTeK9GX,QXBwOjE=,45bdf0612e5fc2f2329ebfabfb2c6f79989b15475a3ef16325c43148adcb533f
UHJvZHVjdDo2NTc=,2025-12-22 01:02:14.572,pro_AXUU1rSKguiAdMkEQ6y6Q7,QXBwOjE=,06419ac119668d3541f6bfd63bf333f888c0fd4d9d79108493f8ac788f945ac0
UHJvZHVjdDo2NTE=,2025-12-22 01:02:15.320,pro_YPNW38Ufgraxn5A3FrG4GY,QXBwOjE=,7f42a88f4f5c5a925202df6201c8ef9cfe6606f03b400de98a26c9672206aee3
UHJvZHVjdDo2NTg=,2025-12-22 01:02:16.017,pro_B2qTX9T9XqJ2o2wmwNq3ZM,QXBwOjE=,492d0e8ce0d9bb458f162da7513365e996123d93c68a317eec040502a23786fd
UHJvZHVjdDo2NTk=,2025-12-22 01:02:16.672,pro_R2RH1oUWyKQZYm8ScbMu75,QXBwOjE=,0d3dcc924d6507d2d81f948d3c5de08d1d4e9627eddb47723060f45c52360be6
UHJvZHVjdDo2NTM=,2024-02-06 17:30:50.333,pro_TroghgfdKEQsNDDdTyrPzB,QXBwOjE=,
UHJvZHVjdDo2NTQ=,2024-04-09 15:55:27.746,pro_TxTsmXtXCpjgembfm3WMJ5,QXBwOjE=,90d27a2ed5ee36ab23fee6f8b1eb64e5a804e096b29efbeee4222647756d7643
UHJvZHVjdDo2NTU=,2025-12-22 01:02:17.353,pro_TEVigumPY6SjUToKuTDiDC,QXBwOjE=,2fab8f7f38b2d64d782f48d1740c8b642da6945868128f5e631ded925d871ed6
UHJvZHVjdDo2NTY=,2025-12-22 01:02:18.018,pro_2xUshh25LHgRsRxsSySzAo,QXBwOjE=,91945031928c9e74583c5f096af291bb8be882c86c8db7a78547ae67c9ec8a36
UHJvZHVjdDo2Nw==,2025-12-16 18:19:21.526,pro_NvB663yLWgpBquSmAnKgqi,QXBwOjE=,b3a7015e0024d2018d3e7f3b6d21e701a27cab65fdd14c8b1a6fae6749b8b597
UHJvZHVjdDo2NzA=,2025-12-22 01:02:18.677,pro_RV7TyuZzX6CaoJbDnReJHi,QXBwOjE=,2e4b023cb36c666e1c9065c9caf58a30edd9482624c84aec5e18b7e839ec4e12
UHJvZHVjdDo2Nzc=,2024-04-15 21:32:24.986,pro_Fgg2vnrkc1TMsomkvyBaiC,QXBwOjE=,cf935a8d411b7eb48a0522a8a1266a3248e40529c7bb2308fa7bcfbf047e569b
UHJvZHVjdDo2NzE=,2025-12-22 01:02:19.493,pro_Ex4jWbf9LWzPxagYwSajkW,QXBwOjE=,52ec97bd957e9f1a4e5cf0a4dbbd5f3d4ed1d85c0f3e02028a4b8f4eddeb068e
UHJvZHVjdDo2Nzg=,2025-12-22 01:02:20.252,pro_JwNCgKnHZiLXi8pkmSkN4M,QXBwOjE=,01c83425323bfc6cd94999a29da070a5b75db6600ce6816719d9fadd8f31ec1d
UHJvZHVjdDo2NzI=,2025-12-22 01:02:21.020,pro_KTnQhHDavRh8EqqzxZAGHn,QXBwOjE=,97efe2768a914c5f971402914ea95adaf7963197427baebbf44419958db2b2c6
UHJvZHVjdDo2Nzk=,2025-12-22 01:02:21.629,pro_JnYLXUKsSQnbUiN6dTWmqJ,QXBwOjE=,ab21df50de21146782a5e07bb7de33a99b0f021f8f737fbed9ae81917f40f8d0
UHJvZHVjdDo2NzM=,2024-04-11 12:30:21.925,pro_8RLRskabj4yE9vwNFFdCkX,QXBwOjE=,605a112161833c136569679c2923d126bb66d2b50d91fd707cc1f17aa116536c
UHJvZHVjdDo2NzQ=,2025-11-23 05:01:42.783,pro_LjLbR6tj7RAYx4oP3A5dMB,QXBwOjE=,33bf1c027c76b12c22018039c29833761a77662ca606cac670c47a6f23f2eaa8
UHJvZHVjdDo2NzU=,2025-12-22 01:02:22.631,pro_2ku3bpxn6K4i8YjgnfXrX3,QXBwOjE=,79c7f7cb31af38a419e94e9bbe8c5f87a0aed250baa01f7fc92af26e3c014f7a
UHJvZHVjdDo2NzY=,2025-12-22 01:02:23.264,pro_7pjym5gFuELzEAVxWe5Y5S,QXBwOjE=,dfbb7911776700cd9516140852cb83f8c69e78d8994f612b90d9757e871fbdc8
UHJvZHVjdDo2OA==,2025-11-23 05:01:52.628,pro_N4vYinU2Ujd5t3qigXxZaa,QXBwOjE=,586e3976531700e9c446f0ed180df951feb7e2a112d52c1811fdee4f6f221bd7
UHJvZHVjdDo2ODA=,2025-12-12 01:16:47.355,pro_W2xkgJ22K1wseHcVeieHDv,QXBwOjE=,604442b40df78b9e07ef8e8d085a0a56b36fa606f6e31b0bd0baac44aec93078
UHJvZHVjdDo2ODc=,2025-12-22 01:02:24.065,pro_LqnRxMQGviSKhaC9EwnVqz,QXBwOjE=,ebfe7a8374c6075a0a25e13b51c5b50c2d444b3042dc900c43abb5b203e91223
UHJvZHVjdDo2ODE=,2025-12-22 01:02:24.636,pro_UnooWnMmnUpuTXSDHM7Kst,QXBwOjE=,0bca20b2a0fd61d2e90cc3a19f151f5c3181092d101957183610b81e5237b45e
UHJvZHVjdDo2ODg=,2025-12-22 01:02:25.404,pro_RSrkv4wsoocHQpaMS5iwHW,QXBwOjE=,f0a456ef989416a33798440dab5509130bdeb1a105c3bdd212315babab1d6f27
UHJvZHVjdDo2ODI=,2025-12-22 01:02:26.028,pro_VYvQRN6SXMPS4AdkaiPE35,QXBwOjE=,1cb9dc4b062e9a698a2f7c43a87a687b1f91ffe4dc0d2326cdb082b386d6f031
UHJvZHVjdDo2ODk=,2025-12-22 01:02:26.660,pro_Y96FZ2BrYPYCnZqmdZvFZU,QXBwOjE=,9426142a447b609700c61d317cf07d25ec8c5be6ca538e41235e25cd253e9221
UHJvZHVjdDo2ODM=,2025-12-22 01:02:27.258,pro_4nv68HF6qrqMDdPhNJpCrG,QXBwOjE=,20d00c8131159cc12aea94a816df642fde7065837bc46b4de70bb95c07ca5d03
UHJvZHVjdDo2ODQ=,2025-12-22 01:02:27.811,pro_S7EQZqG5W4BYpoeK7AeTU8,QXBwOjE=,b6c86052624afa6e087c4306c7ccffffd8f184d3d2a6d44989d4ae14d99327fd
UHJvZHVjdDo2ODU=,2025-12-22 01:02:28.408,pro_Gnshj55ben1MLJWUBAXDUB,QXBwOjE=,8568e24d6d42cea07860de4ac5d2baa22cf1bf91c2bc88b03a0bf23822128aa1
UHJvZHVjdDo2ODY=,2025-12-15 18:21:36.517,pro_9JJ31rewtdvMqnMtw8YAZ7,QXBwOjE=,aab27cd2c915706a92230219fef65180ca9cadd35ae28143962d3b3febdfcf49
UHJvZHVjdDo2OQ==,2025-12-22 01:02:29.071,pro_S7XNzHGC7erLybpFzC5VeC,QXBwOjE=,d0b4095cb6dc9715f2cfa2d92ed17ba2b1150660399dc3e0a5071c2d4865fe46
UHJvZHVjdDo2OTc=,2025-11-30 05:01:20.942,pro_5SWkEgVvqvZi4hDQBhZcS8,QXBwOjE=,eede18f74f2d4748da88a53c2dd5cfdb1d3cd013f66ef66f57736364b173ee19
UHJvZHVjdDo2OTg=,2025-11-30 05:03:19.927,pro_BC8WhFdjtrcqi9sY195vBz,QXBwOjE=,f90decf20a4e418f01069961b2f380be31cedb4cef6ae6c4fc65b2da6040d383
UHJvZHVjdDo2OTI=,2025-12-22 01:02:29.904,pro_LLEkN64GnfL4XSn4kPz1kw,QXBwOjE=,7ec81a94bc693471d686d174a1236ffaf99054d625e3f6c12e233be2021278f0
UHJvZHVjdDo2OTk=,2025-11-23 05:02:26.001,pro_7DvDG2sL9fdLdnhBrJuK74,QXBwOjE=,0f91311f83c48a117f612fafe14204901458872b41d99578eeb63f0d05868ffd
UHJvZHVjdDo2OTM=,2025-12-22 01:02:30.653,pro_F1kcEZwfoQjHu5fm44y7CV,QXBwOjE=,c942b0368ac6fdc87c1b58b10a34ca9fb9407e9002d6ee9415571561e5b49fed
UHJvZHVjdDo2OTQ=,2025-11-23 05:01:24.060,pro_FAewryWuK1gw25acAPAQ6t,QXBwOjE=,afd91f7251cc39e0f4ebf954ada31d0041b54841501c7fd3a3f25da506ce8b8a
UHJvZHVjdDo2OTU=,2025-12-22 01:02:31.420,pro_LzG9rymB54FdEWfFf1a7U9,QXBwOjE=,c1703d31d67ee22995273f9f4e6ad416ad5394b9b3647188c95f69bf4d7315cc
UHJvZHVjdDo2OTY=,2025-12-08 21:03:09.069,pro_GZyhawthwETFWQGcAYRo4T,QXBwOjE=,042647769ef5c90ea690038253090c0221926e68e50f4a93cf1d15939987b219
UHJvZHVjdDo3,2025-12-21 12:15:37.687,pro_Uj71ZG48YZMWwMPyjPCA37,QXBwOjE=,df5670b235299ae5d0afe5cec5750038e9523aecb882d6fe43d8bcb772056c70
UHJvZHVjdDo3MA==,2024-04-09 16:32:59.739,pro_2BDsR94UHh9gGfE9CupyZx,QXBwOjE=,2d564cb75e25d63bb555b16e967426ed67c1eecdae337ed9ca74c8d48287f8f2
UHJvZHVjdDo3MDA=,2025-12-22 01:02:32.436,pro_6UmkgZVchnLp51Lj9XaMX7,QXBwOjE=,70c730c9638e23d95a26474ab91919585d70effd3e7439814980fcbe23e19648
UHJvZHVjdDo3MDc=,2025-12-22 01:02:33.109,pro_Sxc1h3fTFSJiE8e2aA4dg1,QXBwOjE=,712b6a456123a53ecdfb4fa9281017a52b14302c27c7eda89eadf1886bac70a1
UHJvZHVjdDo3MDE=,2025-11-23 05:02:50.823,pro_qA9ZCe2WfT4D5fi3aMZh1,QXBwOjE=,11d0e10ef5de5da620d4d2194552e113c9f3544ad7d07ff238d4f0c5d352b275
UHJvZHVjdDo3MDg=,2025-11-30 05:01:12.839,pro_Pp5fqrcTwdBN2eXbK84EPh,QXBwOjE=,61a8fba9f6cf296fc9c77fdb3c7f174038b93f2b7de14b9535785322813698e9
UHJvZHVjdDo3MDI=,2025-11-23 05:01:41.203,pro_ESxGHEkV1RrbwgNFSRRHSp,QXBwOjE=,51814f26dbec60ba78f84a57cd0707eb2e7dd4e58d67bcc0bee10b4e69c4b482
UHJvZHVjdDo3MDk=,2025-12-22 01:02:33.829,pro_QqKh1FUcYEeKn6uFE4VgSR,QXBwOjE=,fc2f616de79206832280b1f0cf386df8bdde092b65c02d1442a65ef1c6ebbca5
UHJvZHVjdDo3MDM=,2025-12-16 18:42:07.750,pro_UB8cLJfAFWh3112EuKyLy4,QXBwOjE=,9f3baae2b02975fbe571e1c918e7b0b5c2419a4f93ec1aa0775128ed66bcf042
UHJvZHVjdDo3MDQ=,2025-12-22 01:02:34.514,pro_Ns9HrG6nXxAa84DaPVWM6i,QXBwOjE=,65f86c96ca4875088048fead678d1e235ac48d018f9b17d13920160f740b2bee
UHJvZHVjdDo3MDY=,2025-12-19 10:03:24.890,pro_C9bZfn8mH8WiqxuTFhfcLS,QXBwOjE=,93db615ae09213200e8eb570bf5787bd5b84e72a2b8fcf114d860f52f05c5c98
UHJvZHVjdDo3Mg==,2025-12-22 01:02:35.139,pro_4fmGgmTaBH1WPDBCtxPyMu,QXBwOjE=,a286e1b670d0735e8bd02f86311709c7a1225512c2815f5e5d09ed7846da0e24
UHJvZHVjdDo3MjA=,2025-12-22 01:02:35.742,pro_35ymmrRr8bhBq8v29Td8K4,QXBwOjE=,3ccefa7e629bf2453e71d58ecb10da01f620f3b3da5a9be63440f28cc87b5529
UHJvZHVjdDo3Mjc=,2025-11-30 05:03:05.187,pro_E9iQm4V3GkQtNtmZ8y1ft,QXBwOjE=,7ac63554f1c5f174d8053be44d229f884daafefad920b84f531e6a5810eaf422
UHJvZHVjdDo3MjE=,2025-12-20 01:02:18.916,pro_2xRNsHPyZNHmEP1Em6zxTQ,QXBwOjE=,0bee6055173f64bcc23ee2e79776f144379b060b62f632d6d2ce18ffccc533ca
UHJvZHVjdDo3Mjg=,2025-12-22 01:02:36.464,pro_WbnUWvaftgCA5ApBB3JUhp,QXBwOjE=,93ce159198b54dfe42b06a3bce5479d04215b8d24946a9a95c75980580e2a6f2
UHJvZHVjdDo3MjI=,2025-11-30 05:02:36.623,pro_T6jA1NLaX91wmzdFG7fXJU,QXBwOjE=,4292d13b0994147e69bf2bcc9eb6d143045d5adc0854a1ee3083b6fe3e2a28db
UHJvZHVjdDo3Mjk=,2025-12-22 01:02:37.407,pro_2Wwbkq3ebR9s6EiGUZt3MD,QXBwOjE=,1b94ba2b50880ffa11b533f7b4203bf460fc55e6f70f725f88237eef675c665c
UHJvZHVjdDo3MjM=,2024-04-09 15:38:04.881,pro_ABMyra2yCFTRa58sAdcSvr,QXBwOjE=,6140f99c64b281706f82fc47b3721951f49d10b381b33de6c51e5ebef63a0ca5
UHJvZHVjdDo3MjQ=,2025-12-19 14:51:52.905,pro_MgF5qDrNpyjpZyAbKECDNz,QXBwOjE=,4a99f008184cbdabcec41bb786452235d2412d754a619bb19881c4c943e9bdff
UHJvZHVjdDo3MjU=,2025-11-23 05:02:37.062,pro_27Axk5WLLfM9Rh5yrDmzYE,QXBwOjE=,4c93afb57158dc1594af9ac5fd4772ae5f01464e7ad7949dbcc3d1b3d550e0d6
UHJvZHVjdDo3MjY=,2025-12-22 01:02:38.244,pro_7tnjsGocNkj5P4Rw9Wms8f,QXBwOjE=,8754e7050fd8a08206ddf2c6005c6fe0c1f62a1180a43d434c048b97d9e97301
UHJvZHVjdDo3MQ==,2025-12-12 01:17:02.335,pro_RfKCZhZBkxUAHvbPBJMnJn,QXBwOjE=,6bba267d83b9e09f80004df26dc9b61276470c5679e1f2d36ecc0207dd83ad25
UHJvZHVjdDo3MTA=,2025-11-23 05:03:07.118,pro_94mQkiG675FtHf8LTxa2tX,QXBwOjE=,8fc6d8e6375327bc2a00552954a6413f259bff326fa56ce533b7ded428b64363
UHJvZHVjdDo3MTc=,2025-12-22 01:02:38.856,pro_FVGBhZBGaE8tc5hMbdMi7d,QXBwOjE=,e47ea13f5c1882e95d211bb6973826629e7f04b26bb66c3cb1618a516ecb96fa
UHJvZHVjdDo3MTE=,2025-11-23 05:01:23.477,pro_Pt6EhPnSCAbdLjewDQmmZS,QXBwOjE=,f219a7970e3771f07447eded570e78bb993f40b299c26db9569d9c33737c1b72
UHJvZHVjdDo3MTg=,2025-11-23 05:01:44.514,pro_8G1w8kjwa9bar9KqvPGLuV,QXBwOjE=,167240a94681cca5636a22f00a8cbe062f0856d58c1694e3f57677e5026b98ed
UHJvZHVjdDo3MTI=,2025-12-22 01:02:39.609,pro_2vmEX4XDtp5GYmz6RYvMic,QXBwOjE=,831c7dbc58d506246d5351a6e083f627d3b6fee9e0fe4524c4e5a9050676acce
UHJvZHVjdDo3MTk=,2025-12-14 01:02:51.331,pro_gFCKzaPqQywGmTham1Znu,QXBwOjE=,b116e78dbff464217d9015954d5e2ef2cb57bad4407c1520aa6119f57cf19bd2
UHJvZHVjdDo3MTM=,2024-04-09 15:51:30.447,pro_PRnsWbDjVtvHw2ho8HLtDX,QXBwOjE=,ff2190682c793c28427f390e3c3277dce01c10475fe040a394584fd0ef8c2110
UHJvZHVjdDo3MTQ=,2025-12-16 18:42:24.843,pro_XhszbQ7H45XdNFE8kcpYj9,QXBwOjE=,fed6816264285912e98fc169d066a1598d6400a5d1fca081a7e24b5c424b1934
UHJvZHVjdDo3MTU=,2025-12-22 01:02:40.185,pro_PDJzrF8Ve32T1CdrFCyxNT,QXBwOjE=,76c0d797ef79c4f47e3613793372cce7643b274b06e6403f57bb4fdacaf6da41
UHJvZHVjdDo3MTY=,2025-12-22 01:02:40.866,pro_GKr2McAoPG2kp52WQ82Dek,QXBwOjE=,ef306c402c4fbc52da4d03bfe41a49dd4452c02782f994c6c6fd2e2ff2fcc6f9
UHJvZHVjdDo3Mw==,2025-12-22 01:02:41.561,pro_HztUNtkWT6NZEQE9RGtQi1,QXBwOjE=,61cd289124017a3a9442b4610952b646dfd92268d8ee66482cbe6e8ab958f0ef
UHJvZHVjdDo3MzA=,2025-11-23 05:00:58.757,pro_RRAeHjibfNXng4VArXtx5Q,QXBwOjE=,b7176fa0a3f60d5b1fc68a2627a7b252a2a179ebbc65eb6a62fb182f6b4fa1c5
UHJvZHVjdDo3Mzc=,2025-11-30 05:03:14.277,pro_8Tz8BdzZhJcWPRv7v4xwVw,QXBwOjE=,d31db4fd6706c3534e696c2f7c3a7a9c486330e3abd1b0340e8743486ddd7b0a
UHJvZHVjdDo3MzE=,2024-04-09 15:53:47.344,pro_S2tbbag6Z1zG6JEN7madk5,QXBwOjE=,65fc80dff2be4254d7f13ae24bb43b424bda1ace4b3ed1cc9d84a096cbd86694
UHJvZHVjdDo3Mzg=,2025-11-23 05:02:11.110,pro_Gtnyehvpi94yvV19romkmC,QXBwOjE=,38f94e33c3a72b56e1b735def56106826f51e7ef33bf5eb27ee7bc588395b821
UHJvZHVjdDo3MzI=,2025-11-23 05:00:53.130,pro_G4z512qz5ETf6EQgR7Kwxt,QXBwOjE=,59e4aef954d743fb93f7e4749bbc8db7ce01df5f4703f3e46e6f1019c30bc44c
UHJvZHVjdDo3Mzk=,2025-11-23 05:02:39.070,pro_JmXAHB58qjBy3ppy3gJY6i,QXBwOjE=,d8dbd209dae739f39c48e29e888da9a6f8bc83e54c01e67bee16b07b5c62d184
UHJvZHVjdDo3MzM=,2025-12-22 01:02:42.327,pro_PR2Rwb3UEFhLYR4LsxAKkk,QXBwOjE=,7c4afd65fc365ba03ed924094cdfdd88e2c2f7ba9da008d80baf4c8980d86497
UHJvZHVjdDo3MzQ=,2025-12-22 01:02:42.933,pro_FGSuwonuHqFS6SaX7sduZo,QXBwOjE=,931daf93ad2546cec77a9487fde1d2a9dfe2d382e3df9d052e903f228400bcbf
UHJvZHVjdDo3MzU=,2025-11-30 05:01:54.507,pro_iKygGJXgmRSsXxshaGFwv,QXBwOjE=,2e63ee2e293bbe290d348921ac8e4d40ad7c63912ed5b9ab3e65d93076386a93
UHJvZHVjdDo3MzY=,2025-12-22 01:02:43.590,pro_NS339tfjsvVoayQBMrZoAm,QXBwOjE=,adf0e30c484c5e0020fd0654bced6ad56ed8d8bf9ee210eac8a7b7febf54ccfd
UHJvZHVjdDo3NA==,2025-12-05 16:45:01.505,pro_DSsixvsAPA9AtqyqPM15ef,QXBwOjE=,60adfce198e13d7f63d3303532e8d89db5b793d7a5867bc9f8c39a9c56a66393
UHJvZHVjdDo3NDA=,2025-11-30 05:01:21.334,pro_L3waiCQL8Ao1aQVTjNGaat,QXBwOjE=,5c7ec2a5447902d7f33b008cd1e315a1c354594e353d7c25e5c485db183da5c1
UHJvZHVjdDo3NDc=,2025-11-30 05:01:15.979,pro_RuP8EBkdqBbxikR3tHEQGD,QXBwOjE=,6a935dede817d343be9c3a70d391c7b333266e8e585103cb7d9adf591c6f745a
UHJvZHVjdDo3NDE=,2025-12-22 01:02:44.254,pro_G3qrvGkUQr2T38MTqxnGg9,QXBwOjE=,ca99ff3730c3b655d3102c852186ab2a3783ab744e3ffc660ea3ccd881c5e5ab
UHJvZHVjdDo3NDg=,2025-12-22 01:02:45.031,pro_NoBeYEuaa2yEW86gV2VXie,QXBwOjE=,49fc9b0d19dc2452884a20d00dd8fd49c3190bcf3328e867c07caec7368b6f0c
UHJvZHVjdDo3NDI=,2025-11-30 05:03:02.376,pro_Pmh1vWpZaNi8hMufNw1YaE,QXBwOjE=,a2816f717c15bfe48786af6b66ddc43b8d80d41e553144a82b2563e41c978178
UHJvZHVjdDo3NDk=,2025-11-23 05:01:27.576,pro_49FskxntV2UzxcCjfuLM8b,QXBwOjE=,2b045a9fd2eecb3bd85523c27116cb76f28f8af0cedf947cc7a17bbe93ba513f
UHJvZHVjdDo3NDQ=,2025-12-21 01:03:01.543,pro_Pdm1aPx1MoU8FKPeTqSU2b,QXBwOjE=,bfc7de763bed1285d90b0b7714dbff7b411e4e71be8b87f7bc406ff32eae0c8a
UHJvZHVjdDo3NDU=,2025-12-16 18:43:28.368,pro_GRkoYGF4m8scqBxfpzfwWE,QXBwOjE=,3688690d9972a75c105bf5334c943cd34f89280580873620e011be81a6cbf0c2
UHJvZHVjdDo3NDY=,2025-12-22 01:02:45.719,pro_JCSa2x61XM4jkP4tyYHoiJ,QXBwOjE=,8fadd7f22ee3ee6626aacdf1efe0fe680587e87491e7a30884aef102d976c55c
UHJvZHVjdDo3Ng==,2024-04-09 15:55:47.015,pro_UgixAFVnC6z92JVrjyXqXR,QXBwOjE=,66563aa0b95365e05f16e0a09620e1ae30ca3bd4408765e39026c96d5f80edfe
UHJvZHVjdDo3NjA=,2025-11-30 05:03:30.711,pro_ATe8nvnjYP24RC8McaECe3,QXBwOjE=,f49fd47843651c4203c373017907359308141169f1b191adb94e03c0e197371c
UHJvZHVjdDo3Njg=,2025-11-30 05:01:17.584,pro_PYVUoZgeXAbh18c22heYbe,QXBwOjE=,1f51a8c2444d2581bccb887c705f731469e99a223cbcef2ad5b94b9a3be08c8a
UHJvZHVjdDo3NjI=,2025-12-07 05:01:06.607,pro_FqMpL8CXQdJFBu4fGXSeb6,QXBwOjE=,f49f4f71f88ebbd6d0e10e0f91976d0e3bff0cd76f6190474b7c100de8be636c
UHJvZHVjdDo3Njk=,2025-12-16 18:44:02.194,pro_FczK4xmu2zByDQHQjLQgkz,QXBwOjE=,40ddbcb77c4d9743b01b06ff13f6fcb6f9800557dd36aed2e4cc54015e447303
UHJvZHVjdDo3NjM=,2025-12-22 01:02:46.574,pro_YSSKoeboy9WUXbvbub7duP,QXBwOjE=,b490394fab67d2fc2149d78e8ae2e20d79f2bcba4b18119b331c8817e9453fd4
UHJvZHVjdDo3NjQ=,2024-04-09 15:50:54.753,pro_PCpj6FaAZ8sCZ8SGivETEf,QXBwOjE=,b068eae25b0fac6d2352837bbaf5ec66f31353148c171aa545150354f1e34f7d
UHJvZHVjdDo3NjY=,2024-03-27 17:35:52.493,pro_C4dSivXti73mjxJAVqaFz3,QXBwOjE=,682e4aa7f45b3857b15c9825af8a84ad00a29af33a7760da96e70936d39098dd
UHJvZHVjdDo3NQ==,2025-11-30 05:03:35.495,pro_MHr9nWLsgP3v8KsnDA5VBt,QXBwOjE=,643eb1a8178ef95de51e732136ffc6661e57aaaa3c6fd69ad287c3d04d09db4e
UHJvZHVjdDo3NTA=,2024-04-09 16:41:52.800,pro_M4dN9q2SZBxDNBfAhbMYF9,QXBwOjE=,e5a99b0127ea81925e00027f855fea3a5ce84d72584e358d97bef629d121645f
UHJvZHVjdDo3NTc=,2025-12-22 01:02:47.347,pro_9jwk1xMYqazAzSzk1qz4SE,QXBwOjE=,39bb271adb12ae9328edaf33b5021823b5865b48764e9aa28be11072b7248eae
UHJvZHVjdDo3NTE=,2025-12-07 05:01:07.360,pro_QGLq83YB91BCaTko9DJusp,QXBwOjE=,28e4cfc00bd128a1f968d03ed64a4e888c58f32176a40448032fe561c81aeac8
UHJvZHVjdDo3NTg=,2025-12-16 17:16:54.979,pro_Poehjrbw8yYJbxgJkRF7xc,QXBwOjE=,0f6103745bc3d82a390c3e5cbb6ead44c9664150edbc723f43301c4645d4924b
UHJvZHVjdDo3NTI=,2025-12-22 01:02:48.026,pro_LyJpwMiRDuJ24KLY541Mnh,QXBwOjE=,e98e74230cef17babaedf376d196770cae16b40f15bd82e3c9cd654c63cbba31
UHJvZHVjdDo3NTM=,2025-12-08 20:29:22.997,pro_4sEfdwUB8ThuCbWCXW8rwd,QXBwOjE=,c01a356a9f91421262cae276dfe4e554f0322ac55c616917e2fe790cd6293272
UHJvZHVjdDo3NTQ=,2025-11-30 05:02:02.708,pro_7tSLsEYSM7KL9wLUGP4u3v,QXBwOjE=,1ce5f5a3256cc531481df5682a4a50e1951381e8d2ec8b1f8afeb34240ac359f
UHJvZHVjdDo3NTU=,2025-12-22 01:02:49.013,pro_5PHLrNAoBb1C6oFHACMiWv,QXBwOjE=,302c2a658400e34fc95eed80ad148f3c70786c02ccf497dff2ba7099fabfc394
UHJvZHVjdDo3NTY=,2025-12-22 01:02:49.699,pro_LoabBDCX1VsSjdiW7xy9qx,QXBwOjE=,c839f4335a1667023e21b58b5a1f4fcd54be03ae71ce680ea466c4825b71b4f5
UHJvZHVjdDo3Nw==,2025-12-22 01:02:50.423,pro_TWumwwFaSZBh3Nf415L5sq,QXBwOjE=,d499d31fb15ed29eba0834c3519db6c48fcc50254d1d36aa5c67612ef04e2891
UHJvZHVjdDo3Nzc=,2024-04-11 09:51:52.606,pro_Prpk9Jkp2pWmJq4W7eVABS,QXBwOjE=,b51543cc3f8659696aadd5de6bbf13f8a956cc103b47c3d448542c3deca2ce07
UHJvZHVjdDo3NzI=,2025-12-22 01:02:51.285,pro_9HixHurBeEvjGxUhxU4K2u,QXBwOjE=,57ec1251f5c30c796c0f1b6fbba17bb2a4fcfd49ef1550e9d6644954e58ce97f
UHJvZHVjdDo3NzQ=,2025-12-22 01:02:52.046,pro_4P5SUxLZ1d8EeUrTNZEpne,QXBwOjE=,3e89c45725599e33775eba36ce6f447486afb3dbb40a680e81bbb5037f1a8449
UHJvZHVjdDo3NzU=,2025-12-22 01:02:52.655,pro_VA1bDfs7PMr477HJ6ZozKx,QXBwOjE=,6e52c0b85f8fc7da42749022733920e7111bc7a3f9b589b58da78c337114e772
UHJvZHVjdDo3NzY=,2025-12-22 01:02:53.424,pro_QBXcPVW486XZSYqN53DwXY,QXBwOjE=,26ab1f06a032e75fcbdf886bca8b8d3df3fc7b38a34c7ffae96c73bf59d13d2c
UHJvZHVjdDo3ODg=,2025-12-21 11:56:52.422,pro_N4PkQUMRwiKwMfSBnVJn2u,QXBwOjE=,5417f0165eae4539e4410fe202cb1e414604f9e919095d933715dd2902cb3f85
UHJvZHVjdDo3ODk=,2025-12-22 01:02:54.057,pro_Y8oL8cSfU1SRYpXyjZKx7h,QXBwOjE=,fb8864b816a2f4670322a7e52a1170b7cac8f353ba3cd2c495671dbe499c12ab
UHJvZHVjdDo3ODQ=,2025-11-30 05:01:10.056,pro_5GFJg97ToqFDQfGfmcVubs,QXBwOjE=,6dcf2cb0a4b7865c89c7b67ab3ccb2a42de65a5d3fbce832559ede1c0b18664d
UHJvZHVjdDo3ODU=,2025-11-30 05:01:59.739,pro_HDHikj1aY4bELXdmrUnAfL,QXBwOjE=,426f1ad845d45d1b4c67d8eb447cad19617e8066fee5c07a76c3b4dcd29b4340
UHJvZHVjdDo3OQ==,2025-12-22 01:02:54.910,pro_Xyw2Zzpxs4iccPetDMDcBD,QXBwOjE=,1439d7f5099b2d839687fc9fe6143918eb309dcf57088702c1340e2f8db9b104
UHJvZHVjdDo3OTA=,2025-12-22 01:02:55.661,pro_5V94FJvntUHyQmFRmb8KKH,QXBwOjE=,d22bcbeaaec1649004f24d00ca4e4d2aa0713d0371df4a9b21f9779de11c9d5c
UHJvZHVjdDo3OTI=,2025-12-18 01:02:42.288,pro_PiTCX7TeCE3iMQ1SdsiPae,QXBwOjE=,ca79b00e24fe6c855205042471c1e533a9005a1e5203c950d2715c2e654a9f65
UHJvZHVjdDo3OTk=,2025-12-22 01:02:56.374,pro_541GzCWvDfyrYpuD36LetA,QXBwOjE=,900c4bb1f2c700b26ac2bc484093dacbec2c09c263547fae59ce38a5450c2bb3
UHJvZHVjdDo3OTM=,2025-11-30 05:03:09.758,pro_NXziJzJo6xDceeo8GPQ7ge,QXBwOjE=,b9a4c2cfc24009c406354fb154a616405a98dc12cd60b7798e699ceb6ed559dc
UHJvZHVjdDo3OTY=,2024-04-09 15:47:29.299,pro_Kuh6i3cTjbGRZWbMzZG2TR,QXBwOjE=,b438e4bd947c60fdf5e3593c129292973482896d06c0a354e4d04177f009acca
UHJvZHVjdDo4MA==,2025-11-23 05:01:48.671,pro_D1EvXY8uEgW8Cj9qwrw7g6,QXBwOjE=,dd208cd85be161ba851811caae0bdad4e6acf61452b1770fbe3fe2a0efde22ca
UHJvZHVjdDo4MDA=,2025-12-22 01:02:57.140,pro_MYSz9oVfgibkwEQPutpPfC,QXBwOjE=,0fe3bc00011fb4275af1e7f3495dc7c9c03c5ee9d08a7ed6c670b4421fed0340
UHJvZHVjdDo4MDc=,2025-12-22 01:02:57.750,pro_4oR67iKPWMs3zjSet72ER9,QXBwOjE=,028f397ab8dd0cc98fda3755c11907c68193b4e260276d8491688193d8c15f9c
UHJvZHVjdDo4MDE=,2025-12-20 01:02:39.238,pro_9HbDzrTdXX6H2UUJDtG78J,QXBwOjE=,942aad619313c84a13506d25456ff02fd98c0547af7d1bb42f9f940b5b19bfa4
UHJvZHVjdDo4MDg=,2025-12-16 16:15:21.928,pro_P4S9xpuQ6HVtneVqqiUiiU,QXBwOjE=,57a2f3ca328c2f331fb107056ea400880ac20a1714c5c2151485fffe25e332fb
UHJvZHVjdDo4MDI=,2025-12-22 01:02:58.452,pro_MDgn8kQXeGACJfRVULpaex,QXBwOjE=,bd344ef6e44b5cf85dfaeb09916af992cd90ab328001480afc11592ae0aa3512
UHJvZHVjdDo4MDM=,2025-12-22 01:02:59.151,pro_SzzQhqXcPnpnyMTvAwXCCo,QXBwOjE=,aa755a6746995a8a3445e5eba67ec3de2acfca2f9d2d38fa4bd8eab341438544
UHJvZHVjdDo4MDQ=,2025-12-22 01:02:59.855,pro_W7Y15E5gAPkVEe8HZM6gLC,QXBwOjE=,fe2a00919c5dd4e26aca165329a5366106e3bece32bf67fce3e2318e8ee40106
UHJvZHVjdDo4MDU=,2025-12-21 05:00:35.868,pro_3Hs3q6zpPFm9eu2yXx5Ruz,QXBwOjE=,991aef3cf05bacd9e30e6593cdd7d323bc0cbb61d60857b64df5b7a22a683f99
UHJvZHVjdDo4Mg==,2025-12-22 01:03:00.461,pro_MBvuePNboPn7RxcYqAi3KW,QXBwOjE=,f1008acbe9d9273512c46e3e779a27d23635bd95cc72b5255c21d178df66c5ba
UHJvZHVjdDo4MjA=,2024-04-09 15:59:22.802,pro_YEbvZjRKqR1nFA1cXfHZwc,QXBwOjE=,3ad07e240840c19e6c4c3771ce2b00786dc1bfe4c510c543a91d18b87eb03b7e
UHJvZHVjdDo4MjE=,2025-11-30 05:01:04.877,pro_9V4PinixFxu21xLku27BUz,QXBwOjE=,c7abf2180a288046dbb3b14dcf1d0cbe655083098b993b190a4afc88ac99fe8e
UHJvZHVjdDo4MjM=,2025-12-21 05:00:24.775,pro_EMMvh6dW7Jh83CHPjdqWx1,QXBwOjE=,5d5b89c825d207378a768016b42e6fee689e1cb81acd77a0b4033223c338c41e
UHJvZHVjdDo4MjQ=,2024-04-09 15:47:36.528,pro_KXYYhDuMXGahkqrtFE5Uiv,QXBwOjE=,5cdbbe3d50286582b17e3ee4f74128c0a9fa273d9541abc54bd29f5d0a1d1c57
UHJvZHVjdDo4MjU=,2025-12-19 10:07:27.738,pro_DPuggxE6Re6WDMPjekHQhr,QXBwOjE=,6c8d77eb66741579ad8e89f22fdb227c42e1b671cbca56459eab0461a70bc64e
UHJvZHVjdDo4MQ==,2025-11-23 05:01:50.257,pro_P2iZxZppcG6FsZKUtyqMDF,QXBwOjE=,40afd666eefa3c242b785291d9e185cbc9150be0155c50b3e078cf05ae7c99bf
UHJvZHVjdDo4MTA=,2025-11-30 05:01:03.616,pro_295pRDPprP5xPE5V6F7SXY,QXBwOjE=,d00cacdfc4c9d5bb1c83eea2bbbbf6dbae752692bd96f43ed704559dd6a4f3f2
UHJvZHVjdDo4MTI=,2025-12-10 01:02:52.853,pro_GJPqk6GTELMuBNSTL8j2by,QXBwOjE=,e94d992419a8f2f3115a34317f5e86467bb7cc33c34460f530d603a5c6361d25
UHJvZHVjdDo4MTk=,2025-12-22 01:03:01.162,pro_22kJTvrBKCaNWTCmRHu4pi,QXBwOjE=,4ec3730feaed10d7edca0ad5ffd998aadd89e4c424f4ec438baf89e9ea35a56d
UHJvZHVjdDo4MTQ=,2025-11-30 05:02:40.135,pro_76Pq7bRcEZYFzx95XKVLrP,QXBwOjE=,1e68e826f299b516ffe57e4383dd9484fc32cbe60a83585506c1bc25f892a9ff
UHJvZHVjdDo4MTU=,2025-12-22 01:03:01.756,pro_XLug9uDpddiwiNaYZY3cDH,QXBwOjE=,294cb690f4c760132a3ef3502db0075081558c9877a617107dc80637019b15a7
UHJvZHVjdDo4MTY=,2025-12-22 01:03:02.507,pro_kTFNCeE8FKzfHCPq6xB83,QXBwOjE=,f38ff6dea2582b9de9867e959abeaa71821333b0f058867840bca4fa5cde13fd
UHJvZHVjdDo4Mw==,2025-11-30 05:01:33.844,pro_UAsWgxMthNF4ubWytUiAGb,QXBwOjE=,e6cef5ebb363b59a17daa53c9fd938f517d8241d1536a226608943328a7d8c47
UHJvZHVjdDo4Mzc=,2025-12-21 01:03:21.560,pro_Bwy126eXr2JHM5DMS1DaQW,QXBwOjE=,3c0e1d20e62145d5ccc523f02e92f3e473341b5643d55cfb079e346e3a5a43e5
UHJvZHVjdDo4Mzg=,2025-11-30 05:01:20.636,pro_RQHxTK7emWfonyHjgjYvjX,QXBwOjE=,03f75ff06b4cb48d7e26017eaec9e7eeadd86ad9c2d6d2f7637744dfc6354f3b
UHJvZHVjdDo4Mzk=,2025-12-07 05:01:02.097,pro_8KGfQjbinKTXmD57onn4eF,QXBwOjE=,a02d582fc9c507e84bfa4b0cf290edfd53983f338e94739754bfaca960673c82
UHJvZHVjdDo4MzY=,2025-11-30 05:01:19.695,pro_3hxd2oMqnUVgKUKzSv1pkM,QXBwOjE=,1adce95c51e108f63e8ca1dcd67eff0fa9d28ef61def058345d999feacd6f600
UHJvZHVjdDo4NA==,2024-04-09 16:37:31.315,pro_BwqFUXLfnzLtKUDumaAxg9,QXBwOjE=,8166f9531518bbbccb0338e5fe5657a9c5d4d3a551d611e2b64280805b6a99e8
UHJvZHVjdDo4NDE=,2025-12-14 05:01:35.372,pro_E14aQArKtCZ1AGD6pJuLTW,QXBwOjE=,c04c3e436149af542655462318abc07cef02cb9eadd23a5556434c40844958da
UHJvZHVjdDo4NDQ=,2025-11-30 05:01:18.504,pro_YYgK1WG7eJWCYFpk8yXz6o,QXBwOjE=,6870d62076e789af641771cf7c47786738a4dd18062e299292e4382348c82a61
UHJvZHVjdDo4Ng==,2025-12-22 01:03:03.101,pro_Y17VHzUCJVEpPSA9TsePxb,QXBwOjE=,056408ee3ac0211173f1878a53e6869c6c5f1b2edc7b89b2018b0046ed056f06
UHJvZHVjdDo4Njg=,2025-12-02 16:33:02.465,pro_GLrNiYSM2tMCAHtT4ptnBb,QXBwOjE=,6c38f098aa6956f70d57175e008f2fc0b5d71ee824b13063fdee51c7e922d4fa
UHJvZHVjdDo4Njk=,2025-12-07 05:01:02.357,pro_QKykv5hHoeFpq8ocfWGDbB,QXBwOjE=,7a6c93a65f91b047502a07a6af03a153f253bd83c9be3969e88a460e4a6a5753
UHJvZHVjdDo4NQ==,2025-12-21 05:00:23.647,pro_GhUBrPMEaphgw8tTV3PkbG,QXBwOjE=,e3155b2d2e711d6b6d544c4df83643be832d928e4c324d50db30e808dc837f30
UHJvZHVjdDo4Nw==,2025-12-22 01:03:03.964,pro_23CuMZGamU75XRswcZqMqw,QXBwOjE=,ac3bd9e16de3180943f2528a62fcec8dcfe75abc65ee45d87df4805331caf951
UHJvZHVjdDo4Nzc=,2025-11-30 05:02:48.448,pro_H1H5MvKotR9Zf4fWeawasN,QXBwOjE=,eda44392140d4d30613f3f80b7ec14001e9c047945e851035644559b6def0f4c
UHJvZHVjdDo4Nzg=,2025-12-22 01:03:04.737,pro_6g6vTS9zYp4hBqo8h8jB7m,QXBwOjE=,14d68028f0dbf0345fe390bc7b8537175afd8fc3c3e8fe76784ead23484ba5dc
UHJvZHVjdDo4NzI=,2025-12-16 18:45:14.719,pro_5srLAJ3kALyvavX5Q9eCrY,QXBwOjE=,b0fa178d915df6c5976907627de31cc5b76c36317d674e4d26dd353446140da6
UHJvZHVjdDo4Nzk=,2025-12-22 01:03:05.450,pro_ED1tqadaj6jA9X9v2Zs2Dy,QXBwOjE=,1ac449a79e25f9b6e8621ecf347df6a65b37726b655e386be6549d5cbc98f87f
UHJvZHVjdDo4NzQ=,2025-12-22 01:03:06.105,pro_3wkzrVPnXH3iJ65p3qoxcx,QXBwOjE=,122bdaa5b379aeaaa76b2b8d434763e2b8fc41b3e99acba427f0a28b9e77ca29
UHJvZHVjdDo4NzU=,2025-11-30 05:03:07.732,pro_XsSqpXxi4HfwYyCYrjTrEM,QXBwOjE=,fa240d842fe1cf9c59ff5436d31b42bacc2b0a373dfa7fb326a0b23d0f2f67d0
UHJvZHVjdDo4OA==,2025-12-22 01:03:06.749,pro_5VnA6YgqwxEBio8zgXTXB5,QXBwOjE=,78fe2d6c8b7024b544597028bf21bdd27d458283a29cc56c190dd7317b3cb721
UHJvZHVjdDo4ODA=,2024-04-16 06:02:17.838,pro_AeveWmBZvFEZ1B33PKT8CK,QXBwOjE=,7931bb33e717dfa0617acadc7afa7457cdc65727e58a43d2e4391cc0a5738709
UHJvZHVjdDo4ODc=,2025-11-30 05:03:02.350,pro_E8Zswnj4vKPSqHJKSd91Bj,QXBwOjE=,896d4438571046335ebb7f3ad44a2e6b7910aff1b54f516e58b2f704376dcec9
UHJvZHVjdDo4ODE=,2024-04-09 16:42:52.052,pro_TLYPrv19gDaFKSn7ecjPwp,QXBwOjE=,c17df6a2f5c3e4a3492f9e4e5ace3855dcd9553ad62dbb8a7860b86f797406c1
UHJvZHVjdDo4ODg=,2025-11-30 05:02:54.805,pro_2rty9DkkPW6YJMRGFKvKJr,QXBwOjE=,74c6eaff7b07ff5f93b096e6829a997752035a59b36d9e80d31b5634e451b14e
UHJvZHVjdDo4ODI=,2025-11-30 05:03:05.261,pro_6MwAgEUooeqVdFCqcEbbTz,QXBwOjE=,2f357b6775d61f9101c26cadae23cf192865c0382105b082478858db49e07453
UHJvZHVjdDo4ODk=,2025-12-22 01:03:07.523,pro_8noSyTDjF9QGuTm49fai6S,QXBwOjE=,76f0316f3fb3633cb2eba21d90c5db09f604f77e30bdd86d9852fac71578efcf
UHJvZHVjdDo4ODM=,2025-12-20 12:18:24.385,pro_2cV9U8rSmBmfAtD5hXacCw,QXBwOjE=,8fefb87374c1f7dee8e3e4d541d0623bb7e8ab4d14cba30c68885861ff6e7d59
UHJvZHVjdDo4ODQ=,2025-12-21 05:00:27.165,pro_Jdm6iPCGytqRHehJr7RnsN,QXBwOjE=,bf201a8db3452c564247a43bb6c09de0baa9342d7e2599c36bffb18be209e056
UHJvZHVjdDo4ODU=,2025-11-30 05:02:59.161,pro_HGxKZGqSAJKoWygoVHoso8,QXBwOjE=,64ef7b55891bd395741ed44089739c002d4f8e96161842b89ae56cc1e83f8e48
UHJvZHVjdDo4ODY=,2025-11-30 05:02:51.920,pro_LNBBLYdvtJA7GxLQtXBwYc,QXBwOjE=,6694bd833bdfb8317e956a770a47f487e16ab5d663a6bc7a62dc2176420b7f8c
UHJvZHVjdDo4OQ==,2025-12-22 01:03:08.233,pro_8aJtHnuYQmUdTnBM7V6G4A,QXBwOjE=,0af17ab18fbfa0f522b0bde166b3b3b28de460f762151cb79464a0dbb3569afa
UHJvZHVjdDo4OTA=,2025-11-23 05:01:54.780,pro_PQFMuVbUkpMuaLFY1nAvm,QXBwOjE=,fbc8b086a6ca88aa7f07135ec0861314d98ef77df5c424bdb1c03804167ed766
UHJvZHVjdDo4OTc=,2025-12-22 01:03:08.895,pro_SssLE6CeUrXGCQR9ncgW5c,QXBwOjE=,42f54e416dd5f8e69bd145ac910bec6033d195666a7696803298c7c23848b501
UHJvZHVjdDo4OTE=,2024-04-16 10:31:50.137,pro_A5XtMLJHp4XcmsyVnQBAVs,QXBwOjE=,4aaa748a8259cfa6d8ee2fb10d9bed6b01479f409c5fb9c7ebdf8c799e5e60e8
UHJvZHVjdDo4OTg=,2025-11-30 05:02:28.670,pro_W7dNH9cXeu1NJYbxDAmvko,QXBwOjE=,f61761428cacd2d80bc5534260c77e172af4a9ef6a52b73dda1f557378822215
UHJvZHVjdDo4OTI=,2025-11-30 05:01:22.710,pro_CJ8ugrnYXQHhdBVqYJXn3N,QXBwOjE=,917b540a3495d7f212c250f4a2e96d62294e9c97bfc05d8cbc22e724e17ae867
UHJvZHVjdDo4OTk=,2025-11-30 05:02:53.879,pro_EqZ9iujHU86sa2vDKw8PT9,QXBwOjE=,70f872d6a91fa871f8063073bd0dc1a3711b7eea8e3b527f77cfc0ded23e2d0e
UHJvZHVjdDo4OTM=,2025-11-30 05:02:48.484,pro_CMjwcGY7gwiKTvh6cjdJDR,QXBwOjE=,e85beac87d53d5f8a84fbc027a5f67ed98adf93b89b77d373127e4feb18bbe52
UHJvZHVjdDo4OTQ=,2024-03-19 19:53:42.628,pro_3r9L2DpuRPmBCmQUNnkteq,QXBwOjE=,91bcdcf6fbba14658d9aa07a01b781c7cc0cb9be1656554070f086997cc4319f
UHJvZHVjdDo4OTU=,2025-12-16 18:45:55.415,pro_XJ2aVxbVnPd1G6FfDC4DHV,QXBwOjE=,72dc82579b34991ece9fd68365c28fb0002b676139e85ee43da3ef99267f1c43
UHJvZHVjdDo4OTY=,2025-12-22 01:03:09.597,pro_Npx79Ea3APbMijRwyntRP,QXBwOjE=,adcf88adae46e3f9b12c7867c837e59587f2ea9451568f8647dc3b6a636edb3b
UHJvZHVjdDo5,2025-12-22 01:03:10.252,pro_TGterbPeNQNqxMSS96jcFd,QXBwOjE=,c3f8b7bb4a3a723f293db66d3c4f4b93b1cbd8ecc1934d9e0a41f70b8a560104
UHJvZHVjdDo5MA==,2025-12-09 12:10:24.219,pro_73zC2To8rZBzQhRwT8Fjb1,QXBwOjE=,c3c43863372e95eb7fda53c9908a36833c760ce2bbcfd00c0b83c49512138b6d
UHJvZHVjdDo5MDA=,2025-12-22 01:03:11.000,pro_PdgW7vZJ4FiYPrb9ErL3hK,QXBwOjE=,ac1a9004cf19e1d547dd74415f5ecd0f831b1a966c69abc100097af3c6c7dc3e
UHJvZHVjdDo5MDc=,2025-11-30 05:03:19.863,pro_ER6vgZwbe24rQvKAJSFjgA,QXBwOjE=,5f8757ac2c12ab9c61e6c8d537ccec9a9d5cbf65299fba54bb2737549af31405
UHJvZHVjdDo5MDE=,2025-12-14 05:01:26.824,pro_GRygJotdC5kkM4v7jCfYUW,QXBwOjE=,ea091a6a7aa5cb308326f40f2bb48c2d109fefcc2c8191bd81e552d3bbbeaa48
UHJvZHVjdDo5MDg=,2025-11-30 05:03:01.880,pro_5ov8Rgh5v7DzCNqwHK7KHn,QXBwOjE=,0f092e8d302186547511d2ac973df6120e524521ae9e531407cc5dff6dc9f089
UHJvZHVjdDo5MDk=,2025-11-30 05:02:59.517,pro_VEGENPW2RYTbbK4WAnn33c,QXBwOjE=,2f47a4db1f000b5665af470bf462abf5332c001f3f52296b8208bbf231e46156
UHJvZHVjdDo5MDM=,2025-11-30 05:02:59.209,pro_LsGJnWux5zmyYmymofk9BQ,QXBwOjE=,7b99ff1b3bb89748ecbd8ef4bb46d30aa3563e7b3f7ab744d73f234fce1b6482
UHJvZHVjdDo5MDQ=,2025-12-22 01:03:11.663,pro_DorWR2x72p4regk4izY8L8,QXBwOjE=,9d03ae502b1bba16e60d9f528c3bde93725ed10b590202778d430334104e28a0
UHJvZHVjdDo5MDU=,2025-11-30 05:03:01.306,pro_GgKT6fLGRyXrJJwx7UmJoW,QXBwOjE=,29d73a0187ae8a516e3014f73b17d08159b93262431b8da00ad529e3bd56b738
UHJvZHVjdDo5MDY=,2025-12-21 05:00:30.936,pro_2osobrribKhYdwN8sVpGQd,QXBwOjE=,c5a3840aba8ca390f0061efddf7ec643394ed61672e571bc3f2accf09c7cb886
UHJvZHVjdDo5Mg==,2024-04-09 15:53:00.665,pro_RDnbq94LPNABiaz4Mcgtux,QXBwOjE=,64dcdfb313cc06f3865e6840002bd6188fc86a0eea564f36427dc95a3fb4611d
UHJvZHVjdDo5MjA=,2024-03-19 20:00:13.639,pro_YZGfaaJ1BMFhj2KSvUy1fQ,QXBwOjE=,d421c9b28cce567efe59564b702385442f820ed456bb07cd83e2a970a88a1abf
UHJvZHVjdDo5Mjc=,2025-12-22 01:03:12.310,pro_JEoKGJx4qQA2KxtELur14H,QXBwOjE=,06bbd30fdf520f586f40118927e76a8a7433c865cf44041d9c209e08b1e7e42c
UHJvZHVjdDo5MjE=,2025-11-30 05:02:31.092,pro_5qmBgszreQddQSY2qBkKVq,QXBwOjE=,0280a6312a54bb48128a6bdf9de11d1feb145bb36bde3a40551111c9c7e38f20
UHJvZHVjdDo5Mjg=,2025-12-16 18:46:48.849,pro_R9nzWzCPrh6MucFPsgXhm3,QXBwOjE=,9df61cca61c4cfb4b221b7b0d770dead29e0c32118f13801c95847742ba3b157
UHJvZHVjdDo5MjI=,2025-11-30 05:02:46.000,pro_AaR5wZmmmDEKkUgKeJbJFh,QXBwOjE=,76ac78c9e10dbd9a3131229de333343e8317677b34fa60733593a9d4ab19bffa
UHJvZHVjdDo5Mjk=,2025-12-22 01:03:12.925,pro_JeibJJdtwCkCvFScyix6ji,QXBwOjE=,3d6ff6c1fd15d0cbdc1e713312fece37a5d62012d6f52999bbd6247dd2a5d014
UHJvZHVjdDo5MjM=,2024-03-19 20:01:12.913,pro_p9R7TQJUKFNU6edkhvotf,QXBwOjE=,
UHJvZHVjdDo5MjQ=,2025-11-30 05:02:04.933,pro_NoDaBHRrNFYUgKBENzcYRy,QXBwOjE=,9670671334c2fc6a9e2dad813f315493c9e30423eed32559f546835cb736c72b
UHJvZHVjdDo5MjU=,2024-04-09 16:39:30.301,pro_3DXKcMgudthk3N4vPhrD89,QXBwOjE=,9b1a5db9266f00e94836cea66539d0530ae69784514e15d3f26877a705d50853
UHJvZHVjdDo5MjY=,2025-11-30 05:02:56.434,pro_R3UtyhZTfkRRD6ZcxPD111,QXBwOjE=,3ae447759fa43b8711ddbb4952e1cc275d62783d87933eb888799bf7f044a4be
UHJvZHVjdDo5MQ==,2025-11-30 05:01:18.179,pro_7SH1d73dVeLt8iGFAfHWnm,QXBwOjE=,c99f23e42f980547cddaaf73aba677d99b1245f5b17ee43570aa5b0ee2b76132
UHJvZHVjdDo5MTA=,2025-11-30 05:03:05.371,pro_VvhR9kL5YsPbbg4ENTgJAu,QXBwOjE=,9a1b41514d5c599b74fa85b905d5b1ce7fd0f8cc14be978314aa298d8bcb498e
UHJvZHVjdDo5MTc=,2025-11-23 05:01:58.121,pro_45Ln2ffZEjnixTK7cW9LvK,QXBwOjE=,70491bd091b5b60138df87e66852ae3f5c2818597666c88fb7e1256a99c22d1d
UHJvZHVjdDo5MTE=,2025-11-30 05:01:21.359,pro_RSYxfEKicUu5JPt7Ev8dYr,QXBwOjE=,517cc91cd1192adb742d87a1ff1f53f45f0ca257fed97483221f4cb3fb94c01c
UHJvZHVjdDo5MTg=,2025-11-30 05:03:11.253,pro_WZscreaehKeG3SGTrw2jqV,QXBwOjE=,7d24ece8af2846c6878b91a8bb252073babd5e9c0af2268230bee1c832848326
UHJvZHVjdDo5MTI=,2025-11-30 05:03:24.656,pro_A1tvERMjZBwgBf5vMXUk59,QXBwOjE=,5565238175c5aace032972e82569476063a54407d8e96321b056c41d407d56bb
UHJvZHVjdDo5MTk=,2025-11-23 05:01:21.193,pro_7FojSRLEiiuKJWKKdud7ZM,QXBwOjE=,e6fa34bdcbd4303fb3a19698d559a14ef027ba27f730987162a204ecd84ad641
UHJvZHVjdDo5MTM=,2025-11-30 05:01:51.301,pro_3iXDgaZgvjhRX1LmsLma5e,QXBwOjE=,8019242b1ecf59f4a24f0d1c4165b8f43d2d3e9c4c526566e637b315e691228b
UHJvZHVjdDo5MTQ=,2025-11-23 05:02:50.371,pro_RZ5bu7kXJHLYM98u8AXfHb,QXBwOjE=,c169487cf9958db7b0ade4c468bd495d9bff00666637999040c420cfc198a49f
UHJvZHVjdDo5MTU=,2025-12-22 01:03:13.651,pro_9V6H8Q2kPpN3W7dN39VXq8,QXBwOjE=,d08d9d19b61f88998a7dd2a59e5c1a4c8c5642863083b44d749dfc4a08c7c056
UHJvZHVjdDo5MTY=,2025-12-22 01:03:14.212,pro_KzEzS4yyhJHk57bftDzkpg,QXBwOjE=,769dfd3cad3eab903f5af8a15027ac21ebb149a76ad62c044ff1fd8f3279644a
UHJvZHVjdDo5Mw==,2025-12-22 01:03:14.928,pro_WQBPdu7MWbsb5aahCLgp7D,QXBwOjE=,4aec916b085129c6e70b3becaab505491ab72e84a631ac75446a75c281c8f8ca
UHJvZHVjdDo5MzA=,2025-11-30 05:02:32.150,pro_BsD8aPcby6YiTCgs2iYJrH,QXBwOjE=,605eeac3aff4500e5e76964fb710a06c9ee0c525338cfc15d07c3efc6cbab1d4
UHJvZHVjdDo5Mzc=,2025-11-30 05:02:54.217,pro_MYDchChF6K1g8v9haN8jEk,QXBwOjE=,175fbfada74986f83cd0f5b49819107caf52659e0201c72274abf907e329dcc8
UHJvZHVjdDo5MzE=,2025-12-22 01:03:15.790,pro_5jLk3oSPp2FZ5rkxhJioPs,QXBwOjE=,8f496b1d32cb976a73223af4900aef72c30cae31523cc1bb955e3a6c26e2d3ab
UHJvZHVjdDo5Mzg=,2025-12-16 18:47:07.233,pro_JsYWaqCuyJ7Ssaf2BKmTUi,QXBwOjE=,68a8f2293f99152fd80b05d8be140daabf9671047d6d8393dcf45d12d61f890a
UHJvZHVjdDo5MzI=,2025-12-22 01:03:16.407,pro_D4mfzHnk22v6kZAqu9UqUj,QXBwOjE=,a026392a6c80aef7c6cb18ae6c16ace15583daca63104059a5682dc4d834690a
UHJvZHVjdDo5Mzk=,2025-11-23 05:01:31.929,pro_V3zPik8n1ifG3GSrFkivKL,QXBwOjE=,e15533bd3e0cf9e7fe6bb191a3a359743b1d082a83fe14abbb854f6118e5e961
UHJvZHVjdDo5MzM=,2024-04-11 16:30:59.704,pro_AvMzw5NVUE1qYRZuVpXbg6,QXBwOjE=,dcb04311c09f87ed8cf0ae1c1553dfeaae27690e28962059409a7ec54078bde3
UHJvZHVjdDo5MzQ=,2025-11-30 05:02:55.999,pro_QXuW3KPqHibf7Yk1As1x4V,QXBwOjE=,57ad45f5e59a045317564899318af5c96d4233922c424ac5944cddcf7455ee67
UHJvZHVjdDo5MzU=,2025-11-30 05:02:53.970,pro_Wxs4uS8EJunvs686xizwR4,QXBwOjE=,48a933563c56b7b8d41bb2b0b5a08050162bc75a4acb1dd7d994bd01734dfcd7
UHJvZHVjdDo5MzY=,2025-12-22 01:03:17.107,pro_EFSwgijZrZQdKRJcHzDVWY,QXBwOjE=,ac6cb1e5ad35b67ffce62277a476ab400b19b38e96ed97948a7e463fabf86e60
UHJvZHVjdDo5NA==,2024-04-15 21:32:36.707,pro_3CRfA2wafAeercMJhdQDtB,QXBwOjE=,fe258736f2a30f484c6c1e3940c5051a28db7d21fa2d6c09848e89c1d6ac034d
UHJvZHVjdDo5NDA=,2025-11-30 05:02:47.399,pro_8GthhdyzmepusuQinuAy3W,QXBwOjE=,349c60774bce201508a3c20dcaaca7fdcc2b79f9f7dc519fd2241fbcf7d63fca
UHJvZHVjdDo5NDc=,2025-11-30 05:02:59.505,pro_ShHHkWpwYmqy3fQB9oyzpc,QXBwOjE=,419db6875b442f0df0a9d8c96e4bae6c01046ca0033b9b31432172a91fb8d9a9
UHJvZHVjdDo5NDg=,2025-12-22 01:03:17.728,pro_KySZwKtSEuKGWTnMrKwD1T,QXBwOjE=,54ce93a7d1e6aea27566c918ee64cc62dd6755d63d9dab1249d420264cba1969
UHJvZHVjdDo5NDI=,2025-11-30 05:01:32.126,pro_XNTE7FjHKJJFriqKfTjVPF,QXBwOjE=,18d0d9ec4bbd131aa00004e1f2ac4012220637d162715a10a2319c0798cf6f35
UHJvZHVjdDo5NDk=,2025-12-21 05:00:33.281,pro_2cKAk8FuxiHPLvRCGUGKx7,QXBwOjE=,4a2f721814e5a3f3879c31ce4ac00c677152810b922af227b38a09b0df2761d3
UHJvZHVjdDo5NDM=,2025-11-30 05:03:04.711,pro_3VUbwCo3pVNGz8WSS4iw1J,QXBwOjE=,fde42e9676f23296937a80e365a58282418ebf02fd861ce2cc57ef7584a552d8
UHJvZHVjdDo5NDQ=,2025-11-30 05:03:02.619,pro_GXMeFinbKB7vt6C3TEc5X9,QXBwOjE=,8a1341250b36489e4dcc5eafa69a998d5c537cb354d6657aca02d6e0655a95e7
UHJvZHVjdDo5NDU=,2025-11-30 05:02:58.196,pro_Du4s5QpuMX3J2KQn8k1GEb,QXBwOjE=,6eda82d8ae2eb8f7ac643a78472224eda58e457bc41aabc6b24f555052d7d532
UHJvZHVjdDo5NDY=,2025-11-30 05:03:25.593,pro_RfYKpDS2gDzNZaAcjM3c6F,QXBwOjE=,49170bee2a14fa94f82a18ade03723e58bdb21e5c0949ce37a0e7c2799b2ee61
UHJvZHVjdDo5Ng==,2024-04-09 16:34:08.265,pro_FVsLKV729umJxKVvBMCn7q,QXBwOjE=,8f785e68399048bba950da84e8fdc8ac324dd1517385f8651077862905c1d169
UHJvZHVjdDo5NjA=,2025-12-14 01:03:28.392,pro_AoiHeAWyPztUXNssQDGg4S,QXBwOjE=,d72eb8e5b2c6c539c65ff3389cfe3e101bc413b9df71c42fbfa71b6f59186a44
UHJvZHVjdDo5Njc=,2024-03-19 20:12:28.631,pro_25ePr4XNGiezxnRuYjBSGB,QXBwOjE=,
UHJvZHVjdDo5NjE=,2025-11-23 05:01:27.684,pro_C38sxZD58sUvTYnsNXLrdz,QXBwOjE=,bca1fedda743d398516317983b8193b268d51f61ef640afa4b1aea4f58cd8437
UHJvZHVjdDo5Njg=,2025-11-30 05:02:56.457,pro_LDWBK9qeXnd2aPseyZkJ21,QXBwOjE=,e1a027a9737ec4befad91c282ba63d5f9dcbd054b3c8b1a20daf4589f09846b5
UHJvZHVjdDo5NjI=,2025-11-23 05:01:14.125,pro_JgsncyxuZAmBtRkAWx4auw,QXBwOjE=,f2c18854b2bff44a02029d486cc7ba33274b72bb86fd30a9c839918d50423337
UHJvZHVjdDo5Njk=,2025-12-22 01:03:18.546,pro_CobuCCMvmxm8JMpMynYVm4,QXBwOjE=,de83ec762889a82068d8791e57bc26c12fd130c45bbf22e26fd1b1d77ffda1fb
UHJvZHVjdDo5NjM=,2025-12-22 01:03:19.252,pro_PauEogx47dzWoretpon4KY,QXBwOjE=,e39e629a5ca1159cfaeb56d2884cec2726f195147a7badf729cb03394ff316e8
UHJvZHVjdDo5NjQ=,2025-12-22 01:03:19.803,pro_Ne22Y5TicYwCXMDtsshEii,QXBwOjE=,538be64a3c69e2655e3bed0d3e3b80e8e0538d65032a186c15c235aa1bd3c5cf
UHJvZHVjdDo5NjU=,2025-12-20 12:15:58.329,pro_CNpumq4dEFnfxGX1Lrxx2g,QXBwOjE=,2b43be0e5b6f93f631694173f94b522e357b245a95542894088e108e292bd3ed
UHJvZHVjdDo5NjY=,2025-12-22 01:03:20.458,pro_5wneVVqHMhn6UKq8WqeDu9,QXBwOjE=,317f81eb4ab340be6ab65ea56b829c36bf5466e816a7623915c8027d1810ce7d
UHJvZHVjdDo5NQ==,2025-12-22 01:03:21.127,pro_KSKLemCFCVzrofYFXn5WwA,QXBwOjE=,7f4da9db90bb8e112225cea83317a197491c0f6a64fc25ccb00896e46568eb7c
UHJvZHVjdDo5NTA=,2025-12-22 01:03:21.758,pro_VuBMuuFtWSmwDqSfGwkU8F,QXBwOjE=,64534ba505bd0912c650ed9b8fe87606db4b2eb0a04caececa652081a74d6696
UHJvZHVjdDo5NTc=,2025-11-30 05:02:50.759,pro_VFFUeAA492Av9EZAoWFihv,QXBwOjE=,dc6d539181a3ca098c3308e8fef34c6ea20937e8e787e2e3e45644acc1f7bb68
UHJvZHVjdDo5NTE=,2025-11-30 05:01:46.884,pro_S9yEwLPGf8fy7owsG8pKsJ,QXBwOjE=,0730d191311fc7aac98db23e609ba8ac688c6f31074550459d1d529e22d2e271
UHJvZHVjdDo5NTg=,2025-11-30 05:02:46.935,pro_EtFD9RpLMtB5mnE4cwAuy2,QXBwOjE=,b666e17b5e4601c130a86a08d0b1de4c09971ca8960f9789151fa5023a707324
UHJvZHVjdDo5NTI=,2025-12-05 19:23:13.326,pro_A7szN6WoAiL5AbgH6bMFQU,QXBwOjE=,8e8087582275696aaaebbad65854f1c1574d833dd4018ae2e43a0e8596d314fc
UHJvZHVjdDo5NTk=,2025-12-16 18:47:40.645,pro_HvfKLkXhsJYwSaSKSbLMRq,QXBwOjE=,0ef7081f236bbab3fff392248ff10450c3ff17046e863e64f6933a2a9eaee107
UHJvZHVjdDo5NTM=,2025-11-30 05:02:57.171,pro_SzNrfxQxdMEocD9a32kmPP,QXBwOjE=,4f1f24ef8b951cf8deb63050ec09b0d55c75cb1f2fc8e0ca4ad202cafa32b530
UHJvZHVjdDo5NTQ=,2025-11-30 05:03:25.281,pro_XsHeT3UVpVWZve3N4HWG7N,QXBwOjE=,325a044e82ae16dfe49623ec59bc37440b9a4ba22fa715fa0bb5af84db872691
UHJvZHVjdDo5NTU=,2025-11-30 05:03:02.369,pro_Kt6svd1himYo9yRtmYXcG8,QXBwOjE=,1abf52c3678d565bd12d2a03a6137c6fa587f9d123538f1c1004fe9ebd2de429
UHJvZHVjdDo5NTY=,2025-11-30 05:02:59.288,pro_CFD6zQmUJJSKNJQcgBk3A8,QXBwOjE=,e61aff7520855dff8047bfa61d502b09b4b1e081b42f306f3fbdd35cc5b36c72
UHJvZHVjdDo5Nw==,2024-04-09 15:49:10.666,pro_MX6HMDkeuKy8ewUysfj1DS,QXBwOjE=,3142386fabc639412ba558fff095286261b50c93de56b60dd1d214e19e6db637
UHJvZHVjdDo5NzA=,2025-12-16 18:48:05.359,pro_22SAZjKfw6c86p1GqSXSXo,QXBwOjE=,f1e715b5757083fd12d0d4f3c3098a048e18a532fe9dafdb491c107f41219026
UHJvZHVjdDo5Nzc=,2025-12-22 01:03:22.748,pro_HhMMZjswBmLgDumwLEfHDe,QXBwOjE=,57f6dd2292aabd1b821b8416e1bcccd84182740ffb39ae26dd2e1c7c06fd2a29
UHJvZHVjdDo5NzE=,2024-03-19 20:12:54.161,pro_E3w6UXu1RQu5zUwNuJFfB5,QXBwOjE=,
UHJvZHVjdDo5Nzg=,2025-11-30 05:02:51.217,pro_RYXoX8peW83za7gshbwMGL,QXBwOjE=,11bf2f72ec6a5f34c24357c652ac2cd612f0e125969ad4a51848fbdd46abc69d
UHJvZHVjdDo5NzI=,2025-11-23 05:02:51.011,pro_WR8GwS7JWt2mnuRyHMjS7o,QXBwOjE=,1674f2271071af29db178d87a7f20abf9c67c7d8d7ca08e0cfe5bc6ac60a08d1
UHJvZHVjdDo5Nzk=,2025-12-21 05:00:27.829,pro_2TAc8bd4fzvSb4qWH7pgq4,QXBwOjE=,57b793c676913a601b4ba7f6e3d7318974cfb1acadef864e8e25b811ce151fc2
UHJvZHVjdDo5NzM=,2024-04-09 16:34:16.061,pro_98bffCjHQt9Xm35Jphh9uD,QXBwOjE=,be4b967c8c57563785288c65d1231d000b9ac561cfbad6c8a76bfbd4d7fba681
UHJvZHVjdDo5NzQ=,2025-11-30 05:03:21.700,pro_5757S7yJ8FiEAqGDsNYHfM,QXBwOjE=,04cfe06155863cb2be296affd8163a0cb30cef99ad552d813b88098869556aa6
UHJvZHVjdDo5NzU=,2024-03-19 20:14:08.985,pro_ScjBygDP8NkKQTnyYHT6sF,QXBwOjE=,6bfb8e1534e91b4ed06da6e9f77744a8686cae4daf60fee4fb7560efe22e78ba
UHJvZHVjdDo5NzY=,2024-04-15 21:30:16.411,pro_FQUefK5qdR6i4mzVNgPGCi,QXBwOjE=,a69b90b05ccbbe2ebb14ecf223f2d44eb614a326cb3065ca51b15ed513b8a685
UHJvZHVjdDo5OA==,2025-12-16 18:25:34.848,pro_KimtZ6pXKJ7YJZoYMG6m9E,QXBwOjE=,e7f408f9bebb4a0f75b48bcef2d6ad5a4716ea689d8e308d31afd64e6b5dd5a2
UHJvZHVjdDo5ODA=,2025-11-30 05:03:12.878,pro_3yw5owH4si5km2AN9PtxWa,QXBwOjE=,31dd7ca5f0925205f0bb8068dbfe65501e64d4a0a9b85689964c63bd8d597892
UHJvZHVjdDo5ODc=,2025-11-30 05:03:02.661,pro_Wi2NUaqBAavJYk2Rkm1jeH,QXBwOjE=,f7f3b965b4b32d6f878360d789f8b1c3f5140fef6160747e0d165ded9cae03b4
UHJvZHVjdDo5ODE=,2025-12-22 01:03:23.501,pro_N7f9mJZXViEd6egDieB9A9,QXBwOjE=,c31d44bb138bf2dc089ce11db910bfaa57ef83353666c3d10d3d14458039b519
UHJvZHVjdDo5ODg=,2025-11-30 05:03:02.350,pro_KYtmJtY42mSpTcqnYuK9PF,QXBwOjE=,b549503d2a801d2d0580710a36aa32d66123a2d00c6ac4c009289602d46bb1fb
UHJvZHVjdDo5ODI=,2025-12-22 01:03:24.238,pro_9ZGgaKhrdsrLpkK8ogifnZ,QXBwOjE=,7d671df0ed7ea7d6596898ec118ab7306040bb1493cde69595d2e639542c04a8
UHJvZHVjdDo5ODk=,2025-12-22 01:03:24.860,pro_JDjbfzsNUQQMExKbPugWPS,QXBwOjE=,4cd0796761db32354f6db2d0448d2153b037caa7d39a97d00481a91c28243bca
UHJvZHVjdDo5ODM=,2025-11-30 05:03:02.126,pro_HJt8pSyQef8LnSjSZGr6fX,QXBwOjE=,0b81b36f22a94fcc3284d557998400c1d789c5115d7fda7222dbdbef085f8e8c
UHJvZHVjdDo5ODQ=,2024-04-09 15:40:49.248,pro_DjNAfPF8uYwdxqKPf6CQNH,QXBwOjE=,2642c3569f33b4258df791faf742a0182cdef1ec8883ac0f5fe8af3c10d5bf58
UHJvZHVjdDo5ODU=,2025-12-22 01:03:25.512,pro_QwigatTDuyhsNg8mv9x5j4,QXBwOjE=,7f3b0863892c11482f8f6d3be3f0de927787c85392bf584c67038d048f030721
UHJvZHVjdDo5ODY=,2025-11-30 05:02:24.991,pro_MdRsynSBRy67D2hcqCbTWf,QXBwOjE=,dd68245dd0b3209053a4cd8b0e9b027068f22c8f65b083cdeedfb550b39bd9be
UHJvZHVjdDo5OQ==,2025-12-19 18:10:35.517,pro_4y8RZAKqRoqKoq2cYgqcTb,QXBwOjE=,fb7204a43e4c33e84b8d8f7ce3b125fc34d724e8d89d05d4de301525cd0289b4
UHJvZHVjdDo5OTA=,2025-12-22 01:03:26.115,pro_6dyouogQqNVbFED2KK1s5Y,QXBwOjE=,ed140466a627dd37715903d690340cf4c40e55fd6a10f15bbfb9a828d2e3e2cc
UHJvZHVjdDo5OTc=,2025-11-30 05:02:57.200,pro_SkrsYLpCgWCPkCxDbT1Q5Y,QXBwOjE=,6d671e763679ba2e873629099f49e5b103b9547e446f53ea956ea52336abc258
UHJvZHVjdDo5OTE=,2025-11-30 05:03:03.007,pro_R7wdzzYkGk69LfjXBj1C8P,QXBwOjE=,98c218d343a5698eb23ab8c1a785a119d2c3ba55673c31f26d5e612b15cbf582
UHJvZHVjdDo5OTg=,2025-11-30 05:03:01.822,pro_RjMzPLMfR8anfjHKvBmPDu,QXBwOjE=,ba76e290bddfa7accfb8813356c20ef5517404946b2a983593ce1416a39bcc1b
UHJvZHVjdDo5OTI=,2025-12-16 18:48:39.189,pro_JztYxEr1whiwZN23CyZm3j,QXBwOjE=,fb18c6ed4bcfe886b164f34186fdedca6ce5101f30eab6651f8d35986c78f713
UHJvZHVjdDo5OTk=,2025-12-22 01:03:26.600,pro_VA1zGRrNnpnsngytRCmivk,QXBwOjE=,ccc0cb4e995e84c0ca7c3d7215274dcd10050124d1eaf2e52bff0a48806594d3
UHJvZHVjdDo5OTM=,2025-11-30 05:03:02.366,pro_AwAp97JMjSLhawDvrcvsM3,QXBwOjE=,d313961bf090d8444136b961abb1bd5cca0817f60ddcb7b7d9ce5c2338f4f3eb
UHJvZHVjdDo5OTQ=,2025-11-23 05:01:54.651,pro_LLKGpvUwYhcVPep9kghzfm,QXBwOjE=,3328f5a8810325bd55063ea4a4b4cc194434a16e06161a1ddc7d03233c1f3b3d
UHJvZHVjdDo5OTU=,2025-11-30 05:03:33.777,pro_KxSuEkqG2V2p3xPoVnJsTr,QXBwOjE=,b99bfc333b1e3db3ee284e747fb7a4180e2a54c3787725d2db999a4c3353b6dd
UHJvZHVjdDo5OTY=,2025-11-30 05:02:48.384,pro_7qXXeKRRrwcj4AwxEqihsX,QXBwOjE=,61aee5efc5a58f1a40dbcd86453fbb801238780cc458989288f364cd54c7186a
UHJvZHVjdDox,2025-12-21 05:00:36.200,pro_97zhrPjX5WyPtExZ6v4SA8,QXBwOjE=,51a34dd8ca034dd8d69698bd472bb86c8932b190ce3ad73a37f7d658e2621a5b
UHJvZHVjdDoxMDA=,2025-12-16 18:20:28.106,pro_7yCG3z1VAC9oC5F9T7KLc9,QXBwOjE=,ee4659657d6a2369f3942d8dda184425ff9b411fc081002fca3e2d5114940873
UHJvZHVjdDoxMDA0,2025-11-30 05:02:56.852,pro_5c9McYd7MyzQBF9BZYYW9D,QXBwOjE=,aae715aa545ab3451031b219693214b36611fe0a8a303211d2023cfb60a83f23
UHJvZHVjdDoxMDA1,2025-12-20 01:03:07.206,pro_UtapLe4cwbjwCCgrikgyTt,QXBwOjE=,1094a1b71f7b7d501e1adc3d35f131392d5a430c57e220f2a1e0c55541238c9d
UHJvZHVjdDoxMDA2,2025-12-20 12:11:37.238,pro_N445XPRUUNwCVJ9eBvkioV,QXBwOjE=,8888c7f82c74c0f5ef1832af2558647d0769a530c9d56659fd178337131b2eed
UHJvZHVjdDoxMDA3,2025-11-30 05:02:49.029,pro_H92C6LoGa8LjGeN4dRepSd,QXBwOjE=,bf17435a2d7676697859135b728c9243f6db79387181aa2e4e3a7742dd16e351
UHJvZHVjdDoxMDA4,2025-11-30 05:03:02.353,pro_B1uHY8vPXcU2arunJpRX4Z,QXBwOjE=,97c437c1cc13388b401853c21889df98a153f2960c2ff4dd2765b7062f70c342
UHJvZHVjdDoxMDA5,2025-11-30 05:02:59.523,pro_PFoTGXgDFKy91MG1Fqc73y,QXBwOjE=,1b4aebf7d3910e6ebcbfc6b2ca142777ca55692a6ca68ac8a80ccdc9b1792824
UHJvZHVjdDoxMDAw,2025-12-22 01:03:27.240,pro_Pow3Bo8HyUYVJWHgaJy9aD,QXBwOjE=,2892ec8d08decc49257fad34805896db208c0cc73b32fab60f20da403de11cd7
UHJvZHVjdDoxMDAx,2025-12-22 01:03:27.835,pro_XyR6Tx9fYKx18kbnaUVBuT,QXBwOjE=,4334a2722868bc0a93e9c036b588628c210cb9a9d3c5609bf145d06e2a1d6ec0
UHJvZHVjdDoxMDAy,2025-12-16 18:48:57.989,pro_V3f56Qf7hKFEPyaFgnCSiT,QXBwOjE=,9c2ad5c74a591053f0f19a5f854fffbdc7e0ae2505a2628bbc1bfd005aacdbad
UHJvZHVjdDoxMDAz,2025-12-22 01:03:28.738,pro_9Jfejs6xGmVuAvxWYVHwQ8,QXBwOjE=,cc4eab2f1fd4219cde679c720bb339eca1bec5a29a7d83dec4ffbec4fa25d49d
UHJvZHVjdDoxMDc=,2024-04-09 15:45:18.481,pro_HWYqK8EzJd2GUCytVjtPxY,QXBwOjE=,bfbcd73eb3125105e8be28642a4978d5647235adc689a71e0a84837ce03ec872
UHJvZHVjdDoxMDE=,2025-12-14 01:03:38.096,pro_48gL4tYJS6C5WtXMgnqaKX,QXBwOjE=,bbd033e30694e91744446fa4514ffb63c948dc219d1f75c11e8afc5ce8b6ff83
UHJvZHVjdDoxMDE0,2025-12-20 12:19:39.353,pro_8Nxou3yo9CF2hU49k5Bpe3,QXBwOjE=,38018098ba1b03af495536498bf1e2bebcf55535a0c94e4cf1d06eda75868438
UHJvZHVjdDoxMDE1,2025-12-22 01:03:29.320,pro_Wkab5PwDbP9kDtaTBBncCw,QXBwOjE=,7bfdd35549f1c980bad7b3b7022e6a34f0db933a77ba93ab55f46a606136c4ed
UHJvZHVjdDoxMDE2,2025-11-30 05:02:09.376,pro_DRzYj9nnoPrJBQ3ErAhPoi,QXBwOjE=,c0491428d899bafb51f7d4506a411ec0849724a3f9008f207a759c6533e1e2f4
UHJvZHVjdDoxMDE3,2025-12-22 01:03:29.807,pro_KQ36W4sGrNb4wdc3oj7zy4,QXBwOjE=,970b436859154c183f97d6b6a346f4f26dce49f18a657cdb50aaac8427e331ce
UHJvZHVjdDoxMDE4,2025-12-22 01:03:30.559,pro_VqXCDZ8cKGCguqH2dR1j8d,QXBwOjE=,b37282747d13e2930eb2aa4e7ced4d15e26331fcaf65b1bca8e3aa04dd939eda
UHJvZHVjdDoxMDE5,2025-11-23 05:01:23.995,pro_G3M8GeFEtJjNh57TQMVcms,QXBwOjE=,0c4626c629771c23a2ed50e57c50ac6d329b1ebb887259b8cf2cf7b979a3fa38
UHJvZHVjdDoxMDEw,2024-03-19 20:24:01.055,pro_6PEr4SNmGBb5iMapbbf7et,QXBwOjE=,
UHJvZHVjdDoxMDEx,2025-11-30 05:02:59.314,pro_LdatsvmpXcHUuC7WnT2DXx,QXBwOjE=,08b594fff2f16a9607968392203d3727aae58b77e176b1025976df8367bdd051
UHJvZHVjdDoxMDEy,2025-11-30 05:03:04.857,pro_QBgHj6vmiTHryTbXh78Zdo,QXBwOjE=,fc4aec7ece4a8530defd1ac4f4282583e71e75eec214d331e5ab7ad93052aeac
UHJvZHVjdDoxMDEz,2025-12-16 18:49:22.468,pro_MCtS2y6zBDBYPcagFDSwjv,QXBwOjE=,992a48efaff94f4c88fa56ca38da073768963670340b8e15a48aabf9da0f9b9b
UHJvZHVjdDoxMDg=,2025-11-23 05:01:49.694,pro_53UwRr7wWxkbbS5ua5H6HL,QXBwOjE=,3f3a9a18f33c7c3e70ec9eaf02e904db8e24a8376f64676f65726c4fc274a768
UHJvZHVjdDoxMDI=,2024-04-09 16:32:18.745,pro_TWYMyNqP3qBwREbirnWK7f,QXBwOjE=,2a08b0c8a7106c46ad8819037d3e3b44bd177c6f95b94b85d995851951626f06
UHJvZHVjdDoxMDI0,2025-11-30 05:03:04.777,pro_6Ad5uLPn4yFSjp8WV5HuCD,QXBwOjE=,8451af1126cd5c38ef7bfe3daf54d967d4f1486942a98f61beae16b79b3c998b
UHJvZHVjdDoxMDI1,2025-11-30 05:02:59.182,pro_RF9JjVdLdaqwABQSCYv9um,QXBwOjE=,837d8e4035612bce674acab48db47026b1818e1fa1b74d2386b8bd5a9120708f
UHJvZHVjdDoxMDI2,2025-12-15 01:04:36.215,pro_StyCWP5a7hMVQxrtR4yMXS,QXBwOjE=,655a7834137997382af37ab2d022526fe3252fa7ed65c20b0b9142bd8e54b0ab
UHJvZHVjdDoxMDI3,2025-11-30 05:02:24.734,pro_NWNMssKBD8AGmuCmayk2ZU,QXBwOjE=,d49b94107855d006aad9d3c51223a0bf5d398a3f9bbc9f39b9ad769cdbbd9222
UHJvZHVjdDoxMDI4,2025-11-30 05:02:31.281,pro_Mis15XGtVgGCaSbu8myDSt,QXBwOjE=,fa04bad9dc9174a9bc33581216c7b3a7e24287705db09a5e705edd616c1ea7c7
UHJvZHVjdDoxMDI5,2025-12-22 01:03:31.314,pro_2cBQEwkw8hVWN3K9VHpQsK,QXBwOjE=,f17a95a9864dadae0dd7a186e0c7eb3d74aaa6419e605b3f8d1890111294f2a9
UHJvZHVjdDoxMDIw,2025-11-23 05:01:30.604,pro_TdfoQepGRZGs43YKsG7Xza,QXBwOjE=,e947563a78a7f88991ef8e98bbef36d329b1e4427086b784e861c71f083142bc
UHJvZHVjdDoxMDIx,2025-11-30 05:03:02.184,pro_5vjfw3sRwiiWuWGGVkUFFx,QXBwOjE=,92bdf5b66cc0655529df0acf46ff31f81453d5b43ab6c97e5a721d04a9816428
UHJvZHVjdDoxMDIy,2025-12-22 01:03:32.135,pro_T3coxQgW5nJgwX2EUjbTX,QXBwOjE=,e5451afa220ed62b0953bbb914e1a877c08b5c83a711c7dfdedcb0e9418b3a6c
UHJvZHVjdDoxMDIz,2025-12-16 18:49:49.435,pro_XLDLutobiLLrYvhPcxJFbk,QXBwOjE=,b1d35975dd079dae03fb25dc97c7a448293216b49f79382483d3181788ae8624
UHJvZHVjdDoxMDk=,2025-12-22 01:03:32.743,pro_9sUaM7uVthqhgXGCBo6Pb,QXBwOjE=,4102bb343cd04b8a60f266a00990ffb728d7486ceb4e033d63e943eb3f77d9c3
UHJvZHVjdDoxMDkw,2025-12-22 01:03:33.437,pro_YYv55Hx2jUgJK34SjuUh8g,QXBwOjE=,08f761d774c73f4782774920152b93fd018e1758a41c6f39cf4f1d84ac2117f1
UHJvZHVjdDoxMDky,2025-11-30 05:02:29.635,pro_VzYtkskznppsXD9XSsng47,QXBwOjE=,5b8918de2e7a4aa4fcf1a260bad344231f783e945f6f9e2d6a4bfe0b4485a4e6
UHJvZHVjdDoxMDM=,2025-12-02 14:13:45.909,pro_7fDZm8mhHHw7wJGzXkLftR,QXBwOjE=,7542145afd6aa2b7cb25cb7c46f20411263b1aa7665aec6d7b57607caa1ef893
UHJvZHVjdDoxMDM0,2025-11-30 05:02:59.750,pro_FMMa6GKFstWzpZw2iWQS5p,QXBwOjE=,4ff1494eefded7ba6b8c02273d6d9920a4d898206806d4e41a1b69b73b759cba
UHJvZHVjdDoxMDM1,2025-11-30 05:03:01.857,pro_7E4NM1YTuwduK7dbPKGUBp,QXBwOjE=,94ff0cdfa9bd96bcf4b7abe44afec056875bf743b7cc31f1e33d87b71fbaa3df
UHJvZHVjdDoxMDM2,2024-04-09 16:39:33.998,pro_TYQXubpxP7EfJwFJ8hNnxx,QXBwOjE=,132a8a9e7271debe8f190f20cbe282d69a6824bb0baa4bf1ab2a3cf250e16037
UHJvZHVjdDoxMDM4,2025-11-30 05:02:53.839,pro_XhEjLYxstf7KooLZhuZdzK,QXBwOjE=,471a1269cad0ac0d3988c9c76e9f3c4dae048d64d3bda1cdd5f7d8751edfe58d
UHJvZHVjdDoxMDM5,2025-11-30 05:02:48.672,pro_DmJXPFRvfzEvJxkVnkpnSf,QXBwOjE=,06824cfcbfc850d635f679d0567f130e5c66606d425656f5cccc859a610d34fd
UHJvZHVjdDoxMDMw,2025-11-30 05:03:04.894,pro_H2gdFtvxvaaB5xdxGNtKsq,QXBwOjE=,678706b2bf3cb7b2b0900d853c63f25c02ded8373d70e887c60bef455b731912
UHJvZHVjdDoxMDMx,2025-12-22 01:03:34.138,pro_GxJ3d4ibX189dgkLM2hmpz,QXBwOjE=,0b4546c5ff1f18ec23ceddc64978050eef139ba1f2cd67f3d43f6ecb00a1be97
UHJvZHVjdDoxMDMy,2025-12-22 01:03:34.660,pro_5K9AkUgxkKcGaJpxZYoV1b,QXBwOjE=,cc8ae29c2a7093b5c70caa4804ef1ccfe3b44fb4fae4d36a0f56cdea87f20d30
UHJvZHVjdDoxMDMz,2025-12-16 18:50:08.221,pro_HpzkHipwY4NbyfPhuxPaUo,QXBwOjE=,
UHJvZHVjdDoxMDQ=,2024-04-09 16:37:27.769,pro_FbpFAjRqreUQ8CB1n1fY8o,QXBwOjE=,1be6fc6f4280634a4c6bf290464e95fa4d87476973225e04446e5188c1b23555
UHJvZHVjdDoxMDQ5,2025-12-22 01:03:35.420,pro_M5zGtqQnEu9z5nj1QppsGw,QXBwOjE=,83091eeaead2fb5b61d70651a67639c375b6d56c01b017457b6b95249586327c
UHJvZHVjdDoxMDU=,2024-04-09 16:37:16.696,pro_QcjkJpUJXuVvnCbDRWmoUh,QXBwOjE=,032c455a8e9a36d7c3004822f7665ddcdb594a6478b396522e15ab7e27b1d2e9
UHJvZHVjdDoxMDY=,2025-12-07 05:00:56.051,pro_T6mRSZe5o7rsMLxwcYUmeR,QXBwOjE=,6ff1b69ad03a7466b4367bc9c206ec2af04c8806289b9dc700d19449e9473943
UHJvZHVjdDoxMg==,2025-12-21 12:17:16.158,pro_FgiZjwLe8nQkKhYZ3Hrc2R,QXBwOjE=,4f1956316f62cb7a0d348588daaac97c888623e649fd19b675c86406d78c462a
UHJvZHVjdDoxMjA=,2025-12-22 01:03:36.066,pro_CBYo1qEu4UMGtuyvmpd5wN,QXBwOjE=,49f64b03688bed0ef0704a30348904927c3d5d99b7741392c5d7103ad9f53698
UHJvZHVjdDoxMjc=,2025-11-23 05:02:29.840,pro_JSFZpQbdyLqET8cmzcKFx2,QXBwOjE=,8944ff9775205ac25130a87ab9469e7e9496820c7e75404c6d4306b22576c30a
UHJvZHVjdDoxMjE=,2024-04-09 16:37:29.339,pro_4NfwewFkvVv1NLHEgo2vgu,QXBwOjE=,e62857eb9df11027586534b1afdc9554f25dbf1f0ce11e7e3e257b7ec9628832
UHJvZHVjdDoxMjg=,2025-12-22 01:03:36.719,pro_LUBgGquCNutXFTGFUkb9Vd,QXBwOjE=,7f6969ec6e6eb3f77ad47d1d73216f69ab861de02828fe4c1d3a92ea433a139e
UHJvZHVjdDoxMjI=,2025-12-16 18:21:04.397,pro_Ss3GDHBDHP2AZCEXoGrrhW,QXBwOjE=,e3369443885a86cb994f54b03824a6356c7c219fe6a2dc96e0a9cfd1c35da14f
UHJvZHVjdDoxMjk=,2025-12-22 01:03:37.546,pro_7nBzGYP1Ut9CpkvGCgDTdQ,QXBwOjE=,5b35b77fae389d8db7a15cf32b46367f7a68080b75fe8959c9fdbadc51193440
UHJvZHVjdDoxMjM=,2025-12-16 18:26:04.849,pro_HXXKFoMZHRtcZdbKUDQwmY,QXBwOjE=,01fd33d2c367e068aab14528a12aa9c14ca926cb69b472887dd9dfe881112868
UHJvZHVjdDoxMjQ=,2024-04-09 16:32:41.880,pro_5NY9kT9hK2ufbuxANA8pxK,QXBwOjE=,a3ca62f69d4531f303b071a0d00bf3b2b65890f28ec67df34c27f802eccab0d4
UHJvZHVjdDoxMjU=,2025-12-12 01:18:04.874,pro_Q1Vdjj49ps9CYFCdVkjB3X,QXBwOjE=,b41d30048e96f178d87897ba12f66c0f6aec9525813f78a99f5177f2958a3aa0
UHJvZHVjdDoxMjY=,2025-12-22 01:03:38.392,pro_RZkjT5787x6ME5h1VnH9CG,QXBwOjE=,d9599a718f6da70d01300234542c750d034782bbf45965561147bac27e9ff0cd
UHJvZHVjdDoxMQ==,2025-12-22 01:03:39.076,pro_3eVDcp3tUEy2UnU4viJfmE,QXBwOjE=,b63851b416423f0531f0fc0c09db3a915cdd7af8612475154cd26e9b02ae3572
UHJvZHVjdDoxMTA=,2025-12-16 18:25:49.686,pro_U7BbqKco7ZUYsdxXUsz1Ej,QXBwOjE=,e2173d0823629f057df3542778d8024ce5cda6f28229bd58c5c49541a8e65ad8
UHJvZHVjdDoxMTc=,2024-04-15 21:32:19.126,pro_2ypAvi2nsw2wKMmjZsvegj,QXBwOjE=,e9c4221a38fe4642c882451ceced83d57c18503abc2e70497857603ae15e6037
UHJvZHVjdDoxMTE=,2024-04-09 16:42:39.393,pro_2aSyZARRxg4c1b2kad3bwu,QXBwOjE=,7de183501d63175e445c2b3408e86f0cee0884be015cd8d17d966e16016aab7c
UHJvZHVjdDoxMTg=,2025-12-10 01:03:30.815,pro_XNkiv1nvhaEQAKXpBYBhfQ,QXBwOjE=,d7cac8f43e981efa2399d120b162d2cad4ec8abff67263985f731fc88735757b
UHJvZHVjdDoxMTI=,2025-12-16 18:20:47.076,pro_HhkxKpMgoDEjTv73RkQiWt,QXBwOjE=,5e5f1c349386d3b6bdd38d149ad8e04f41b0c9c8555ee01259c3a5b4f4207993
UHJvZHVjdDoxMTk=,2025-11-30 05:03:35.141,pro_6NrSNVBFKTxZqH1VD7SB1q,QXBwOjE=,724b57235a8ebdf9d63f42420f48d2b9d68e89da09a2b3481cc8679a3e732788
UHJvZHVjdDoxMTM=,2025-11-23 05:03:07.490,pro_7M3MskJNRKuTzqCpg1nRWx,QXBwOjE=,2fad6c4e1410c5ec3c73f4272a734e74f2b4195422c8f968550ae6c30e364bdc
UHJvZHVjdDoxMTQ=,2025-12-22 01:03:39.759,pro_HSqZdnnc988ooTkqWSXeYt,QXBwOjE=,b0835717932282877ef3ac8d069b5520a98faabba7394b894a483c5096238d79
UHJvZHVjdDoxMTU=,2025-12-22 01:03:40.536,pro_QiuPFygSfRBXY8v4bCT9pr,QXBwOjE=,704918ed70f2345252d6c230b4bcfe28c950abbec40a82678ffc34cb33803c6e
UHJvZHVjdDoxMTY=,2025-11-30 05:02:04.859,pro_6Na8ozZsw4HYtfyGLJ46K7,QXBwOjE=,c3ab3581b719249051fa02e8ab8432c23f47c1555298eeb7c4bbd6dab37d68f2
UHJvZHVjdDoxMzA=,2025-12-22 01:03:41.322,pro_CPsB6NLToQKqxbdyTdgiUD,QXBwOjE=,3c08a0db08947b9930a67f18aed498a6f106f2db6cf42198b0430a0fc8471eba
UHJvZHVjdDoxMzc=,2025-12-22 01:03:41.919,pro_FFJ78KWCWNdHHTbQ6TTYAs,QXBwOjE=,67f53fb2c0eec297d78ab60b803e25c68c87b4dff88b4211be18e409e49422e8
UHJvZHVjdDoxMzE=,2025-12-22 01:03:42.576,pro_8ZGbHWPWTXtL1iwrktZcxi,QXBwOjE=,b8de26a320bc3d8cd9e24ea5c60a26f7166b4d63e87d08234882226a63f327da
UHJvZHVjdDoxMzg=,2025-12-22 01:03:43.514,pro_RSgWLecJ3myBZoYcRCe8iJ,QXBwOjE=,80b3cb92eba9233db4f37f53e505ccd2dfe35d56ba57bacf95b92b99fd96cae9
UHJvZHVjdDoxMzI=,2025-12-21 05:00:29.084,pro_EZ73wGfW4AA8bUELWUnfEH,QXBwOjE=,391fe0fb7c385d3d2d5334282d3c2cdd1be2ad2083506b78576dc18d92fa6c80
UHJvZHVjdDoxMzk=,2025-11-30 05:02:18.016,pro_N7eR2XC9zVYWuhPE1bwoxq,QXBwOjE=,2b268710408952cc2088b484e65beb52e90cfd4d88e17b2327bdd7c4d25bc82b
UHJvZHVjdDoxMzM=,2024-04-09 15:51:53.734,pro_PZN3LSy3tzXw3BLz9ZRqZe,QXBwOjE=,45039ccdf9b441e064701d511bb08465244f842f98dca549769a198e33f71183
UHJvZHVjdDoxMzQ=,2025-12-16 18:26:19.117,pro_GZ7oQ2jNu2ZM4dTPQobLR5,QXBwOjE=,62ee548eaf1cdc77776ffb7b9e94015eafc33a8e482add7f4e17e7361bf43dae
UHJvZHVjdDoxMzU=,2025-11-30 05:01:13.078,pro_QXoEh3SrsLg4Dhx6opP5aj,QXBwOjE=,6b278cec22037c71be7dffd7f94d9ea9ca194fe02f2b3836aaecd3051ed9ac56
UHJvZHVjdDoxMzY=,2025-11-30 05:03:16.475,pro_27ppsQEVEoM5H91HELiAEV,QXBwOjE=,be5c457fd4f8e4f69cd7dbc2598a291e81639a4da9a629ac4aed6f2f1421ff25
UHJvZHVjdDoxNDA=,2025-12-22 01:03:44.315,pro_LNHfAiHNJGjX7Qzfz87Pss,QXBwOjE=,acb9c19e76db7284b2a95cf2c09bd0df4fa99b81127799301e74aec705a18f51
UHJvZHVjdDoxNDc=,2025-12-22 01:03:44.970,pro_KrZJJgkTNdKp5QMmtVwVV2,QXBwOjE=,4a670c4585b2bcffc7a574f7252bfe95f579b0e083ecff0ef80ed2cfd0300826
UHJvZHVjdDoxNDE=,2025-12-22 01:03:45.549,pro_NymrQXH2eBBS65ySGy4A57,QXBwOjE=,7d143064d7da20a3133d28d68315874b25de80bdf318c7c3788af579b2fc78e7
UHJvZHVjdDoxNDg=,2025-11-23 05:01:49.237,pro_FrdqiT4UHdiGKCQuP8hF8L,QXBwOjE=,2d613ce687a303d6f43c877459034eb6850c2c097c8debd6bed814cb6997c831
UHJvZHVjdDoxNDI=,2025-12-21 05:00:35.632,pro_DjaGrCEx7HVTwgVWBphh3r,QXBwOjE=,d79afb0952c4e969da03c8df08669b5421b2ca165119e3b345215c5764abc743
UHJvZHVjdDoxNDk=,2025-12-22 01:03:46.345,pro_2btQYRthRpSFpJyiJCrq4p,QXBwOjE=,8e02ee43cfc939ba9f2e661eb86e099b946e069e35eaac1f04a32a8c02c4802b
UHJvZHVjdDoxNDM=,2025-11-30 05:01:18.134,pro_7SckwYNycMAbaH1h5ET6p8,QXBwOjE=,17ba557be17ddc31f19aedf43077e43ed32a157e48f6689b7c2fecc9236d976b
UHJvZHVjdDoxNDQ=,2024-04-09 16:37:23.773,pro_LBpLmuvKqUBibrsMjUYJgb,QXBwOjE=,6afa39ff79bd589d113fb3d02d2b24eb4bebc58d5290df2e998e36548084d970
UHJvZHVjdDoxNDU=,2025-12-21 05:00:17.857,pro_iq1tbsExqX6TNPpNFebTD,QXBwOjE=,732ecc13a7aba60839f625a54bf6907a4aafa47f22b4fb6578c45f0784a54339
UHJvZHVjdDoxNDY=,2024-04-11 09:35:22.731,pro_5gYLRQtVe54GhdJ3TKt2EE,QXBwOjE=,f6cb8559aaf34b0b2bb3a287ee14e509b77847c45577fe37181e3420ef2b55d0
UHJvZHVjdDoxNjA=,2025-11-30 05:03:18.931,pro_25FeTwHn2fzuoif2nzEfHg,QXBwOjE=,5d2281fa7a23d3803324e95ea2d0bc608721cf08400f662b394184825eeee9d5
UHJvZHVjdDoxNjc=,2025-12-21 05:00:27.231,pro_RCaYJDWH935VWujiKvVoA6,QXBwOjE=,d60d5450ad4434c44c5f3b0b0594c399066fc86b81b47f85221d75816abbf404
UHJvZHVjdDoxNjE=,2025-11-30 05:01:48.752,pro_V3Pueh4MfoYqLMHZojXJZk,QXBwOjE=,51204405947bb884bf4c3a2c4325d5532414ae547c2799771fa9e3de7a7bca4d
UHJvZHVjdDoxNjg=,2025-12-09 16:32:19.404,pro_MZUVvwNWqTm6BxT783JQZE,QXBwOjE=,afed0636c05f99c8d551a6e6fc8eea311b3e1cd9470fe43f77b5b5373de01459
UHJvZHVjdDoxNjI=,2025-11-30 05:01:31.666,pro_2MRV1MiNsmzQRWSXc2gdzf,QXBwOjE=,f300d9932eb7e17f76af5e4c0ff8aa9be9cd42f81d6e78c8b900e6f26acc5015
UHJvZHVjdDoxNjk=,2024-04-09 15:56:03.989,pro_UquodXx94qo8nMpkSW7PZQ,QXBwOjE=,f54463679f11bf8577f38516a9c4b177aeddc8a37c00962207b2c17a1397e6c3
UHJvZHVjdDoxNjM=,2024-04-09 15:46:13.250,pro_JJwuoQtsiyySwW6sb2grAb,QXBwOjE=,58d9959a6d02fea081c40b89554e16c1970cbc64a19173df8b63bd1dadfe2331
UHJvZHVjdDoxNjQ=,2025-11-30 05:01:48.085,pro_GAtK96LUYmpbB8KDfLwYCm,QXBwOjE=,75ba81040b0181b1b39310d56a6e4b9335b46ce6fd5dffe18d8c0d4dc8b8a733
UHJvZHVjdDoxNjU=,2025-12-22 01:03:47.002,pro_MhaNmeJHtheNLeMgYPy3Js,QXBwOjE=,d6de193814b6854acb26204a20a10f0dfa52b70fbd4af425de2fe95e54c4bd58
UHJvZHVjdDoxNjY=,2025-12-22 01:03:47.891,pro_TSvyKdP87cdzG5J5rUUQmp,QXBwOjE=,e847ab87340a6a5fa65a065d3cb2806a5ee75408baa574d9068889489c2bb592
UHJvZHVjdDoxNTA=,2024-04-09 16:37:22.077,pro_7Em9hkqSvGoiFcFrEJ8pDL,QXBwOjE=,b4b859cbfb46fd65b120a1eb74c6b72ff8f6fb6e51756c67d49ced0abba5d33e
UHJvZHVjdDoxNTc=,2025-12-22 01:03:48.539,pro_SsdDGZH4Yqs1ZG5czmR4V4,QXBwOjE=,df7d21b2b3170a27fc69e008519b46aa1da996e6f84c92abfd5a24a5d44610ab
UHJvZHVjdDoxNTE=,2024-04-09 15:52:51.869,pro_R9aZwy2PdCiZ7PLEPiseDy,QXBwOjE=,7e78598efc43c20a2279f5423b8e23498cff3304d3bbc84aa1586f26db5dc580
UHJvZHVjdDoxNTg=,2025-11-30 05:02:33.964,pro_G8J4oiZ5DNKagdt2aFkg1s,QXBwOjE=,3dc0ac092aec797f337dd6888e6eb0a8cee2187ebdd2f3014d1d5826bc11e93d
UHJvZHVjdDoxNTI=,2025-12-22 01:03:49.043,pro_GqADfp1YDJjFq9nEFUyVXJ,QXBwOjE=,049f62dd6ba858ab7d3fcfe7db75df8901b81972d6f6f3b18c9216219f7a3470
UHJvZHVjdDoxNTk=,2024-04-09 15:54:55.557,pro_TAdKtqAYkarPe6yxnDKD8M,QXBwOjE=,b80bee86e27c1a4551b139372cf82da781e507c2d8e95867bd705611d0d84d30
UHJvZHVjdDoxNTM=,2025-12-22 01:03:49.671,pro_LziB29LcduHhoqPHACo9zo,QXBwOjE=,82af4b43ef92b804b0f7e6b837c8d5aa2cda3b7ff34380d9d89b5649bdbfa54c
UHJvZHVjdDoxNTQ=,2025-12-22 01:03:50.325,pro_NoaSXyEeReJz82NWFAiYf3,QXBwOjE=,701f00b789823a77d53b963bbb7a58d4a7e784d77ed9f8729f304b3bece8acb0
UHJvZHVjdDoxNTY=,2025-12-21 05:00:31.657,pro_F5jz1dqksRjFFRgDYng3Nv,QXBwOjE=,b4c4c2c12895dce833178df23e13ef1b5cfab001aa18d5035b72d5c7b1465ade
UHJvZHVjdDoxNzA=,2025-12-22 01:03:50.886,pro_N7bA9qBnNTiSsEATbxMhbK,QXBwOjE=,b06504b5ff944af60b9af59915df027a6d27b66f91a68b9e064c7a98e60ecca6
UHJvZHVjdDoxNzc=,2025-12-16 18:27:34.486,pro_TZAsVxvq2hVanXJxq1wpLK,QXBwOjE=,8e497dc30062df1d1346b924b54ff4cbfa69753f12fb4359eac0fc278a63a879
UHJvZHVjdDoxNzE=,2025-12-20 12:08:59.156,pro_VjA6idipJ3gtsu95PaJgB7,QXBwOjE=,e0516bc2dac9409b7be0d12db9f7d03a5aca12363708fd5a2f4b91b74004b6cb
UHJvZHVjdDoxNzg=,2025-12-14 18:52:26.584,pro_7pBoPGttc4E335a1WPrabF,QXBwOjE=,4eb90ce6acca6573735d3829a59826b969c15fbfcca75aafef2651df6962bceb
UHJvZHVjdDoxNzI=,2024-04-09 15:43:27.736,pro_G2eJcqYJmAQF4Gh4JYipbY,QXBwOjE=,6f3952caca4620d44e3920ab4cddf6887f460575ee4d442d7a02d80a54f84fb0
UHJvZHVjdDoxNzk=,2025-12-02 14:25:14.517,pro_C8yh5e5X1epn9YEhjKm1Fv,QXBwOjE=,7c73e632f4d0ca131d99f139be59e52bf7b5987d9cf4ef18cb97305c652040c9
UHJvZHVjdDoxNzM=,2025-11-23 05:01:51.636,pro_CJQgF6ut9sRmnr9jWngR9g,QXBwOjE=,cf35372112122e1fbc9ded7f0f56a0b0688ee78e99ba0f9aa7ca3837a562efff
UHJvZHVjdDoxNzQ=,2024-04-11 16:31:58.170,pro_Dxe3fxpQJTdsw7X6rHsbrm,QXBwOjE=,5aec9afd82ac363f20ed140c29b81a78726b81945a4e83fb9dff384577d4943d
UHJvZHVjdDoxNzU=,2025-11-30 05:03:35.135,pro_ApXaCWm6VCWiTQpLhfi7hN,QXBwOjE=,e919c28bbd4cf4e747a65be8d3cd7f89e1d43322455bb4281d0c1577d942f74c
UHJvZHVjdDoxNzY=,2024-04-09 15:58:46.064,pro_XxHFPdevjv8xsJ3DZtQksP,QXBwOjE=,8032eb033b323c2b259a635ed1b93e45a4b8d13f25c3add884fc664ef4ef7765
UHJvZHVjdDoxOA==,2025-12-22 01:03:51.496,pro_GoUZckxKdnwvmBUy4E3zpD,QXBwOjE=,ac2838e0863ae90d2590db15190c662441bf7a03a0018248df93c9e4a0c85fed
UHJvZHVjdDoxODA=,2024-03-19 20:29:33.767,pro_PhoJBUAFRpezFJ4Z4UfHzL,QXBwOjE=,
UHJvZHVjdDoxODc=,2024-04-09 15:55:34.568,pro_U6NgFD7sZ1YoyqECmCoYtj,QXBwOjE=,838550a861bf4b7e4a19e32e451474e9fe4a7c0229faf26d058a8c92bac1952e
UHJvZHVjdDoxODE=,2025-11-30 05:02:03.419,pro_Lb8uLwY4i4riGudYpMzoQk,QXBwOjE=,32bad7ff3520ab53cb3c3c02c5fa625f998521899707496d3e5fd213e4c8bc2e
UHJvZHVjdDoxODg=,2025-12-22 01:03:52.097,pro_PKvnbDGdPdWRp9SCJ2tuzM,QXBwOjE=,d1dd4d7ae506608285930fb81a74a983c5a7d5441b7fb500558ab3989aaa3a7c
UHJvZHVjdDoxODI=,2024-04-09 15:56:42.243,pro_VCUp3q8VCTMq5t4bUCBQPq,QXBwOjE=,f364591c0dadea2ca32354d73c12987924e1428473c59621614a643b9996b505
UHJvZHVjdDoxODk=,2025-11-30 05:01:15.672,pro_PdceJJdgLfypibfMCwxVvi,QXBwOjE=,03dfc60938e1264070ef3faa19c069198fdb72d7af52091fa20e4e0cb18d335c
UHJvZHVjdDoxODM=,2025-12-22 01:03:52.814,pro_ArSd7nQc5axFs5wMaBDV9j,QXBwOjE=,b2edfcd1427bd37f3767138c3d4f71b72acf5b840893b45d26943c3413a09c61
UHJvZHVjdDoxODQ=,2025-12-22 01:03:53.486,pro_2nW4JAFYjjiAyMT7mBzBft,QXBwOjE=,626b21b41cbf6a1291365245703600e960d319608e35d628089928b2054e8607
UHJvZHVjdDoxODY=,2024-04-09 16:34:54.430,pro_N3vGCdnWbRBUok2tRd5Ygy,QXBwOjE=,1a6b42852b014b3d50a8a3e4267c634855b2e49a944ac6749d07cfc4167d402c
UHJvZHVjdDoxOTA=,2025-12-20 11:32:01.059,pro_SXzkyhaiTzWPELyHWqKViw,QXBwOjE=,d1064fb19fa03c2d2cf0c45c9df763d2e36c9460c091e0d6ea1fc77e3c3c0a1f
UHJvZHVjdDoxOTc=,2025-12-22 01:03:54.179,pro_ERh3bY4KQpXZq5JmTjZxU4,QXBwOjE=,73911075d4358e3e7e0fab1957a6441c1604ee5d6130c8dbe6b8fa0f11c11806
UHJvZHVjdDoxOTE=,2025-12-20 12:13:19.228,pro_3TZF9UiV2d5wmug4bXV4b5,QXBwOjE=,799cc085a86f4df37a6dae1a23bb7ec5c77aae020fae29aa61139b8a6e0c81ee
UHJvZHVjdDoxOTg=,2025-12-22 01:03:54.924,pro_TGJhA9ZQsyGNSCVz9wSoUa,QXBwOjE=,420dfef3b9e7bdbfad061c1bf490f54483c95428c34f29b232d27b5c0e8c846c
UHJvZHVjdDoxOTI=,2025-11-23 05:02:11.301,pro_WPFhqLvD4423xW7XuZgBtt,QXBwOjE=,5764efe74677176b020dfdd4f7ea563837c8e5cbcec81b000bc07dcc76fe75e3
UHJvZHVjdDoxOTk=,2025-12-14 01:04:02.325,pro_9iq1LrMT4UdjHCTn3pxtBe,QXBwOjE=,d2eeb7b05f19641bb5efd09697ae8316373f10a207935bd6f28aea8885bab46a
UHJvZHVjdDoxOTM=,2025-12-21 05:00:25.247,pro_5KkAAiw7CUEAgdYWY5RYp2,QXBwOjE=,f1c07dde7187e36046a2e25285b78e9571bfa64f1b88e18bac45a92c47be5b2c
UHJvZHVjdDoxOTQ=,2025-12-22 01:03:55.634,pro_MaYt9rZgXRmztS6k2jhAUV,QXBwOjE=,ebb191f88d6a6f896cdf73af2827377127d1695cf658bbaddd124ea547bcb413
UHJvZHVjdDoxOTU=,2025-12-22 01:03:56.306,pro_CrHTNMRr3NMjwdzXhdco5K,QXBwOjE=,093c3b84aa1e68310987d188801ca26fcddd798ce34dd24a4742399da895fdb4
UHJvZHVjdDoxOTY=,2025-12-22 01:03:57.053,pro_GvFuxUsCBYgEgn6zHJ4WjN,QXBwOjE=,af62402650e8822a31d677e5f968364a4e87b11d4f28406ff9ca691dd65fb2d3
UHJvZHVjdDoyMDA=,2025-12-22 01:03:57.839,pro_JBRQKaZybqMN4hZqt7EZ6m,QXBwOjE=,94f947d9307c504f1117280b6896197d5c5d8626a886d9cf85d0345074ce9fd4
UHJvZHVjdDoyMDc=,2025-12-22 01:03:58.515,pro_6hbE1X1i4Nz2Gu5JZsZRFz,QXBwOjE=,abf843a96e3a8db556f16f4b4e9e2818dd7ddd7858a553017a7e4ec3a046be58
UHJvZHVjdDoyMDE=,2024-03-19 19:50:00.072,pro_WQYf5DGxkvK3Vx22KBBCM3,QXBwOjE=,
UHJvZHVjdDoyMDg=,2025-12-22 01:03:59.235,pro_U8rgeLKy3xXLZcSKoR34iU,QXBwOjE=,8f22f8a1bd4446c3c6ae1fcb3f5b289bc0bfe75b03c7e6c2a45292f3f8e755bf
UHJvZHVjdDoyMDI=,2025-12-16 18:28:12.526,pro_KmDDZETrjT4oZzxC9u52hS,QXBwOjE=,e1615e02567296b21af7db8793cf01b7e7b8e7029f9ce904a7c19293690fe242
UHJvZHVjdDoyMDk=,2025-12-22 01:03:59.921,pro_3KrZY5Gc7zaXh9ktoDUCsT,QXBwOjE=,f732dc337045d2eeeefbec83ba47d9676d09c6637072ae2d07767c6effd07487
UHJvZHVjdDoyMDM=,2025-12-22 01:04:00.658,pro_RAHWUL5iVGeTFuXe49rkpL,QXBwOjE=,3c5cfb2417eab466f8429a5dc80bed35890acd69d8a86f50902aae9bc1cfeb59
UHJvZHVjdDoyMDQ=,2025-12-22 01:04:01.442,pro_Weo4bHQkXW5aGhRAN2FwZr,QXBwOjE=,b7b508874e5d84df0f88f1775fa6d1139c928238c8831fa385873100ebe89264
UHJvZHVjdDoyMDU=,2025-12-22 01:04:02.155,pro_CSwr7e4FxfLSM6DGM4k1b2,QXBwOjE=,633e0542767321040106cb2e61e16236e24a4081049d42127c8217064a76935d
UHJvZHVjdDoyMDY=,2025-12-22 01:04:02.693,pro_RSbja27hWzy3QCXAPBZ633,QXBwOjE=,884a21916908dbc486b13f1bcca24b651769195709034b656cd7923fb71bc0fa
UHJvZHVjdDoyMjA=,2025-12-17 01:05:17.082,pro_VZPZhBbaomdpSxkHGXSeFA,QXBwOjE=,da057034656c546244e96b8e5b818153bc15efff1a4ba4dd81059cfcf360604a
UHJvZHVjdDoyMjc=,2025-12-22 01:04:03.301,pro_T9LnXYK2nR81BuMraC7PAA,QXBwOjE=,7764047c1eff39d5e72741da4238f07d8088b7c0dd6a67139ca8095a58df9cec
UHJvZHVjdDoyMjg=,2025-12-22 01:04:03.973,pro_NEzUWvsLyuSBujUx1pYdBm,QXBwOjE=,91d573b9099e9f405a8092df6954b2d13e7d9396c6df565e44c2dbe89bc35d12
UHJvZHVjdDoyMjI=,2025-12-22 01:04:04.625,pro_29V49m6oiTkMC3sp5PCU47,QXBwOjE=,6d7d00d8b20dbd8015453ff949922401168f4c933f53846db2e14629b6435217
UHJvZHVjdDoyMjk=,2025-12-22 01:04:05.323,pro_YaRaQn7e4rQqQRmXqFDaFc,QXBwOjE=,f3fb6c5934fc103c6e199baff8c19c7395c2fdf701c756debd6536b331bad45b
UHJvZHVjdDoyMjM=,2025-12-16 18:28:44.858,pro_EYG4HarUWgyZKREmPKav7F,QXBwOjE=,255bbde8cfeec34bed1e73ebe137cabbaa69e083384919bb113e0025493f9750
UHJvZHVjdDoyMjQ=,2025-11-30 05:02:10.996,pro_mgxAwKh6NQaufb839B6ix,QXBwOjE=,fb11bab5935ebe91f4dc75f59674ded8bb9b81c77d735bb5a7e4513ed4c9dfbe
UHJvZHVjdDoyMjU=,2025-11-30 05:03:10.974,pro_PchMQ3gbNjS4ryJMcKjhkv,QXBwOjE=,73def9dffd97de38108531389d7e0f960c77acfa479fdcf746d597dbed34087f
UHJvZHVjdDoyMjY=,2025-12-22 01:04:06.075,pro_5Shf3wCQcEfYy9qaXkdpKM,QXBwOjE=,5f3eb3104ed6e40d7cf9f286febbc939a9b96006b1829cfa0cc7aa5b4e0ddad4
UHJvZHVjdDoyMQ==,2025-12-22 01:04:06.655,pro_86gqUhC5kBLeK1g7rypZ7K,QXBwOjE=,f76dec238dd86bf32c9a7f9fcd0673e57ae32a20519c859d96ca770f1a27217f
UHJvZHVjdDoyMTA=,2025-12-22 01:04:07.260,pro_H9h8zZoouH6WfhadrshxjY,QXBwOjE=,ba79555e929a76e25d2a064b2294653fe883c71db065d0b30cf05f432664e9f5
UHJvZHVjdDoyMTc=,2025-11-23 05:01:41.116,pro_ShMxWgSxqquv15R89kFBf5,QXBwOjE=,1e488da87ed420dbc4a959fe4524c574d28a28515c86be2408e9880255b5e5d3
UHJvZHVjdDoyMTE=,2024-04-09 16:42:38.242,pro_2qFTpif6C53thXvZk9DrS5,QXBwOjE=,af7a637d17b4108866db909bd84f3fc19cf35e7e6d21030d0f5bf5add5598337
UHJvZHVjdDoyMTg=,2024-04-09 16:02:12.454,pro_x2w2xVCb9DW174G3gXCxs,QXBwOjE=,0be54346308b0e5b5a581ab3795b0390471cc3fe132915251a3f35aa720b75ce
UHJvZHVjdDoyMTI=,2025-12-22 01:04:08.029,pro_VBuWWjmfGCQnPbUVZV2YHn,QXBwOjE=,0e198a5a7e8cc488b0661c9c1562a197c1c460e7ccfdeda5cd898cf2f1675128
UHJvZHVjdDoyMTk=,2025-11-30 05:03:13.185,pro_GPXpohAnesftq5urWijxRp,QXBwOjE=,73d43b386014785c7dbf4d514617ede29c500b1cf6014e3ba77b804894c104a6
UHJvZHVjdDoyMTM=,2025-11-23 05:02:05.909,pro_HD4vgsAq8yQUakJVF4LWy9,QXBwOjE=,d0c28fb873d6448adb674c73e4508808826366e3096eee9f281826c7a9f1753e
UHJvZHVjdDoyMTQ=,2025-12-22 01:04:08.661,pro_Ax76QAS3w7mtvfq68nVH8s,QXBwOjE=,7810796c9ead28192db6c52d5b9f49e5ae2849d37c3ff489fa7d687a4165a9a0
UHJvZHVjdDoyMTU=,2025-12-22 01:04:09.403,pro_LLhNkPUxD6BN6Bkfm6X1Ha,QXBwOjE=,c09a96ec21eacafda33d39730761f63e63a139c4a04fedaa36508e8df5190d4d
UHJvZHVjdDoyMTY=,2025-12-07 05:01:06.605,pro_4kynzwaPTsiGKWcaHRC5uo,QXBwOjE=,b386fc502c04e4019f9206ce19c5a6e5f2b728aa73de4b65b99e0f039d9c25bb
UHJvZHVjdDoyMzA=,2025-12-18 01:03:53.285,pro_FR68GZ6HxPZFtbJtfk2x5r,QXBwOjE=,6fee8f9d58473d2598dc1efe9f844f079f10de8c10d7eb89dd17f22909e87a7a
UHJvZHVjdDoyMzc=,2025-11-23 05:00:51.517,pro_JUB1RvXw93y4ENmZKKbELG,QXBwOjE=,441e02f0c39b415298faedc6e1c13e70388e6843aa79f19e9081815ceb05b655
UHJvZHVjdDoyMzE=,2025-12-22 01:04:09.957,pro_Tc9DrFpotYdWyMxK4hX7F8,QXBwOjE=,291f501fd751fb866089749b2c66dab01ac5eb12fc81f97b9ca1c911f32607bb
UHJvZHVjdDoyMzg=,2025-12-22 01:04:10.582,pro_Q2vSb7uTwCtMJUXKMkGHH2,QXBwOjE=,a2ca99344768d34e87d28597f79e3b7b22f3cdefc09e52921d749f479771e141
UHJvZHVjdDoyMzI=,2024-04-09 15:37:43.799,pro_9YnXv7D5YjQFWXtfRb6KFW,QXBwOjE=,c946832e22f6685cc79ba109bb44959a3760b3bed00ac36f122fb1211e25be0d
UHJvZHVjdDoyMzk=,2025-12-22 01:04:11.193,pro_XBT5WGya6gcyPVsZBhLSmC,QXBwOjE=,a8ee7f86efa60346d870df00a6d6b3ef4e5f934c3f1a10bab7196dd1c43e81a2
UHJvZHVjdDoyMzM=,2025-12-16 18:29:00.784,pro_PWR86YYXSM3Sogn2zSfXSr,QXBwOjE=,acf0fdc76d74172bd1cede67c57f43e9c78c462e6199933eddcd33a1a02cee17
UHJvZHVjdDoyMzQ=,2025-12-22 01:04:11.792,pro_RFKR56snG94aL7gfBQoTBo,QXBwOjE=,83bd57c680cce377aa9dbf20e10e9e1df381c8bf78ce9b4aade8ec4177c28d08
UHJvZHVjdDoyMzU=,2025-11-30 05:01:48.375,pro_SdMvUiv1XtvPc21UWRTarL,QXBwOjE=,5b3615a0ffba7ff6daa9c05725ee8925ca5b9194bf0be4b6c0e17e240fc9b785
UHJvZHVjdDoyMzY=,2025-12-07 05:01:09.315,pro_MsLHgPCYuLoDD9oeF5rt3b,QXBwOjE=,a487c6d52ccac14c684a8f5f632969bd249d30323e2081523a5eac83f1bd0b43
UHJvZHVjdDoyNDA=,2025-11-30 05:01:34.102,pro_4iQpRyEtXCPYW7YssuBm1P,QXBwOjE=,a57b940888570276de4399129c920f6a130707853c95c4860a9d0ea283bd0d9e
UHJvZHVjdDoyNDE=,2025-12-22 01:04:12.516,pro_7xc4iLvctxLZ4yf1gFG8YV,QXBwOjE=,1978c905d7941a98667a2d3e8150d8aea6e264bde977395003acf70d91da2975
UHJvZHVjdDoyNDg=,2025-11-30 05:01:42.983,pro_QXJUPcDpTR1qJSDe2d9WZK,QXBwOjE=,09db7259307e0076e7d51268d020b82a0cd79d9edd0a0aded0826e88ccf1e8e3
UHJvZHVjdDoyNDI=,2025-12-22 01:04:13.224,pro_DNt3aaLjBed8PCDNzC8wj5,QXBwOjE=,9c1d77569b3fcd92473d65f03aaf8d89368e895b9e4063157d62fb1d1caf0bb2
UHJvZHVjdDoyNDk=,2025-11-23 05:02:08.092,pro_XWiCzkRWsPjQVeuGXAoAoT,QXBwOjE=,1e89bf4e712c0a1ed2faa1731d3df7ac308ebe7e6a596bbf88e6c10be28ba6db
UHJvZHVjdDoyNDM=,2025-12-22 01:04:14.059,pro_VnntGy6SSwRJf4kU4ugnqh,QXBwOjE=,7c9e13678aae263fb0168c249fee483b5b587fe3cbb730d251f8f2c1efb9cfea
UHJvZHVjdDoyNDQ=,2024-04-09 16:41:46.699,pro_321DfRESprbcqPDF6Jzw2M,QXBwOjE=,fa86725106e94b76da54831332a639739736debe972a547762ef496b624bdf5a
UHJvZHVjdDoyNDU=,2025-11-30 05:02:38.011,pro_VQ3XCzYzJ8ojrV2cR3bbqp,QXBwOjE=,0bd6e2187f1f36cab2a68ef013f144701399aff9b5eb8b5dd37dd7984c352660
UHJvZHVjdDoyNDY=,2025-11-30 05:03:07.195,pro_B9mfKaPMd4jmoNUM4bjJB8,QXBwOjE=,e43757a576168707638c6349056eed0bc236bd3846c2a0b75973a5df574094e6
UHJvZHVjdDoyNg==,2025-12-16 18:18:03.739,pro_CtbhWR3dKBbBF8eLcaqwVQ,QXBwOjE=,dfcc95c14907d2a160d7095081bd2896d23d80b9292806c44e8ce76ae558a068
UHJvZHVjdDoyNjA=,2025-12-22 01:04:14.696,pro_Ty8r2h2LK9CrdVwnTVXbo,QXBwOjE=,e1b1b8f6e7bcf302046731c773002c3b5dd4cb7dbc10ae32eb93fef8a03a56a4
UHJvZHVjdDoyNjc=,2025-12-22 01:04:15.326,pro_4QHrJsQKr6jx4BcWJxL6zA,QXBwOjE=,1bc9646a8a958dace4c77e49dfe8c39ff7fee3f7572f0cf0312e6b2b7839bbb6
UHJvZHVjdDoyNjE=,2025-12-21 12:28:09.406,pro_KXUc75vY3iWWM5cFryJ99R,QXBwOjE=,516d95f7b490a6ecaab2584394bd3fa7b79435af22fc1a316d4c13775a62c88a
UHJvZHVjdDoyNjg=,2025-11-30 05:03:35.267,pro_XYCsVoDfJSibuYT9qbUGG4,QXBwOjE=,9336c6a0a1fa90b28d5bb651fba619d6369562378b834b9bbf25da5cd38d27ac
UHJvZHVjdDoyNjI=,2025-11-23 05:01:37.415,pro_RRQJZWmGtDL7ku23VdrbD2,QXBwOjE=,83d7f3caf69597e09e53107a3eb09b932711d2dab30e15bd0db330993f5e6491
UHJvZHVjdDoyNjk=,2025-12-22 01:04:15.924,pro_NpAVZxjEK1NgcyLFc3hup,QXBwOjE=,2cafa74a0b8931dc711e4dedbbabd012b4b38aef148a9fd43b80304254e19495
UHJvZHVjdDoyNjM=,2025-12-22 01:04:16.397,pro_2bR8P65vQeg9QZfQYEyPz2,QXBwOjE=,41d85c0d7f3325fa4d41c901c418d9ddd755b0b3dfbea0f340b6b1cff621d1cd
UHJvZHVjdDoyNjQ=,2025-12-22 01:04:17.049,pro_RqgMTjoomzCBtMLnxAPGAF,QXBwOjE=,181b63224beefc353683ca881da40fc9a82284807a967dec5b211c2804337d9d
UHJvZHVjdDoyNjU=,2025-12-21 05:00:37.609,pro_J9qpausErvsYtM267m3tqu,QXBwOjE=,4990684a6f0c1a328d5309645c95f2b7fa2a10e13217453ed277759ec19974cf
UHJvZHVjdDoyNjY=,2024-04-09 15:31:51.481,pro_3mE5UB15ZwGHZBcQNQUauL,QXBwOjE=,ba96abdac2f905edba31ae1ab09c06c7acd183f07da5a48a37dba5418fbda73c
UHJvZHVjdDoyNTA=,2025-12-22 01:04:17.795,pro_REZxj7yQwQHe3VoAFsdSKS,QXBwOjE=,07b3b61049a382c03ed92590f538efa2e836c729dd436099f2b86bdc6892ef04
UHJvZHVjdDoyNTc=,2025-12-22 01:04:18.528,pro_H5bk1CVPVX8139PgKM1Ktv,QXBwOjE=,19072b4ee259c194e53b1aaab3168b53c3b53a05438f1ad9b9571ab97fc6b3a9
UHJvZHVjdDoyNTE=,2024-04-09 16:42:46.221,pro_XWzbkUPH9vfgmkuPGBsXsf,QXBwOjE=,5992e381de0a0803226b47829d53714cf98a923ac0962188f8b4740cf4fdf059
UHJvZHVjdDoyNTg=,2025-12-22 01:04:19.196,pro_KH3mBtQVjPV577GN6bAywp,QXBwOjE=,988c99b7a2a35dac6e939b182582d9e7ce12c25ff40e717a15cc75b606fb7357
UHJvZHVjdDoyNTI=,2024-04-09 16:36:45.466,pro_9h82JHAyoWJVLzSx1GRQ8X,QXBwOjE=,671cc40f710ebdefbe328b8bb180ca32d42e3066739b3e75e9173c7f92d1c203
UHJvZHVjdDoyNTk=,2024-04-09 15:34:27.007,pro_6rpHdrGUD51tj6Am85sWSR,QXBwOjE=,9b3443ff65b1808e83d390295bb4cbe76e6dcd7ad583368142ff5764e6042320
UHJvZHVjdDoyNTQ=,2025-11-30 05:03:07.599,pro_PVZyfXsRY5HeCNJnpuhSG9,QXBwOjE=,2d31333a4b38129c46265dbd24abe430bf4296aa4144634a5cf589334fe5daa4
UHJvZHVjdDoyNTU=,2025-12-22 01:04:20.020,pro_ErkncuP1bKnMpg6RJMWn5v,QXBwOjE=,ed69b9bfe9a2fb9a2fd5512f5a52ac2da8efcaaea6ed44d1c0b7e484400371b4
UHJvZHVjdDoyNTY=,2025-12-22 01:04:20.812,pro_DFrtyZnhCBzevQSWCzZyhd,QXBwOjE=,4927278b64609c3dfbf9e07ff62a61b87941db2edaf7de635b6ecfbf9d907117
UHJvZHVjdDoyNw==,2025-12-22 01:04:21.405,pro_Gyiocuex1UHztvEPvqUtxN,QXBwOjE=,b0a2c791505231466fd70d727642c44519a1afcfec80a2631c480b972c60e635
UHJvZHVjdDoyNzA=,2025-12-15 18:27:41.890,pro_HqpJCwT3xK7WkPgQBcWhDg,QXBwOjE=,400aece3db54313bca641da77e6b5fcc3733c704c6518ae344cdb09aab6db7b3
UHJvZHVjdDoyNzc=,2025-12-22 01:04:22.223,pro_FJN9r3ojYZbfcug7WohnH,QXBwOjE=,b6bca7183d1bece97454749f9cddea1da65158a9a95f5def8c0d4a0c9bbdcef4
UHJvZHVjdDoyNzE=,2025-12-22 01:04:22.939,pro_3BqARi9YxD8K45wVddK9sR,QXBwOjE=,f0e126a6bd7d4c820ce71fe43cb0ea8040bc255327cb95e4838fcdffef604cd6
UHJvZHVjdDoyNzg=,2025-12-22 01:04:23.526,pro_6e3ZkWdfge2GHTgFeopnDp,QXBwOjE=,2ac6486f8a752500888f8d59b6e14c259728756efbc6db1fccb4291ff0a8bf3e
UHJvZHVjdDoyNzI=,2025-12-22 01:04:24.422,pro_HycfHTHAewKzPJLvMETiuk,QXBwOjE=,34e2a1735d67fa311621476a9fed7dcef3e4607e81ec45e39eff5088d9b39c8d
UHJvZHVjdDoyNzk=,2025-12-22 01:04:25.067,pro_7253NtNvasNw2cZeSJwUts,QXBwOjE=,884e82cb318097833b90da48c4db479c9f3fe229de7f4fa4e36f3be20a292c49
UHJvZHVjdDoyNzM=,2025-12-22 01:04:25.734,pro_Qx4GARifMVvXVmtw8X4W9b,QXBwOjE=,acccdddb0fdd0cfcab2ce964a51f1d331a2749da4ebab679d5af45054f925cf9
UHJvZHVjdDoyNzQ=,2025-11-30 05:03:35.118,pro_DzKvXYPXE4P72dxfeCafhd,QXBwOjE=,6d470149998decf34482d6a98ec222543a85a0979817b15bf2b1d35ef2c177e8
UHJvZHVjdDoyNzU=,2025-12-22 01:04:26.478,pro_GDhS4vZ3aqjwuhkk64ayUX,QXBwOjE=,337fe9f3b01d7df40be2a094316b3d7a5f047eadb8739fa1ba678fc07ced0f0d
UHJvZHVjdDoyNzY=,2025-11-23 05:02:04.673,pro_MYduTPAxr2wSAEGuNkHBch,QXBwOjE=,4e870c23108cc3566fed5254eb010ce14476cc83a1a80ff52d66caa01fa5b82e
UHJvZHVjdDoyOA==,2025-12-21 05:00:25.507,pro_F8HNgm5k9GRQVcqnjVgFHX,QXBwOjE=,24b0d8df2542a00037ac9b89f873acdf1ca80d2b0d5c9c664a2e41ff1dcbe10d
UHJvZHVjdDoyODA=,2025-12-14 01:04:32.506,pro_BtvNx8sC4jErTaMDoNTvPL,QXBwOjE=,cee30dbac8dfdfb628f65fee37d69dc95b4ff20e052de822dce3657c2f276a52
UHJvZHVjdDoyODc=,2025-11-23 05:03:02.346,pro_4hsuhsEeEr4ANfnrQWr8Mk,QXBwOjE=,e66703fb51c59f58c150c9583683c80718eee2fa0d957c62426920661a51669a
UHJvZHVjdDoyODE=,2025-12-22 01:04:27.220,pro_S3ku6pSWWcDdKdcnEG5Fre,QXBwOjE=,e8348b380f5df01ef7e269b099b9cad2bc37d56d6b561f1010ee5c54de8ce75a
UHJvZHVjdDoyODg=,2025-11-30 05:01:33.571,pro_QAcYarev8mPDrqK2yH2Mie,QXBwOjE=,4637b42a57df2511e01cad6858318bc7f5042f8ffd70b493e6aadc44593ece51
UHJvZHVjdDoyODI=,2025-11-30 05:03:15.884,pro_N3rhp7jfeN7kB9SLKLbTni,QXBwOjE=,a449b04db2a266d52fe36c46206ae404b849be4130209ce1a37f12bfdf38f8f5
UHJvZHVjdDoyODk=,2025-12-22 01:04:28.009,pro_HGLNCjWsSwMefu6Q4UdkBQ,QXBwOjE=,f8c0883a49cf0d1e2c6a73758eedc5a98c2c1887d0107b04e873b57cfedebe73
UHJvZHVjdDoyODM=,2024-04-09 15:36:40.156,pro_8NNNRMy31UF1rdp2q5dWGQ,QXBwOjE=,87a52621f8a98086663b8eb5cef1853d9a5359d4b7918056d8ec67294e8dd43c
UHJvZHVjdDoyODQ=,2024-04-09 16:38:01.068,pro_XF25gagvGeonau1b65Dj7R,QXBwOjE=,a1287a75392c3dee17ecb990786197b168281a98faa0fed4af41397ada630c76
UHJvZHVjdDoyODU=,2025-12-16 18:30:39.851,pro_RCVTvQCwJwnKo8mUCMin1d,QXBwOjE=,d4cb160e8ca787ca7a8ecaa058186e3a67745eb38f6d47e3e1cd076a3b07aad3
UHJvZHVjdDoyODY=,2024-04-09 15:40:09.846,pro_CSahvcVWFpKQLNFAbxDNWt,QXBwOjE=,120d9250df0a9923af743626a7ac3191be924e736643af0711d58b65589d5e79
UHJvZHVjdDoyOQ==,2024-04-09 16:32:46.035,pro_8kCpwbRMvkYCRjUEyaKJFi,QXBwOjE=,5c8cddee49e1337326b7ff534a7e833bc22800c8a6bab86ec37dc99be0f7c2c8
UHJvZHVjdDoyOTA=,2025-12-22 01:04:28.627,pro_LdNFNK1YYUkqV317CGCdhA,QXBwOjE=,368687161f607b44183ad231a793b01f11bedf422ba4cace3a77a57f24bcd537
UHJvZHVjdDoyOTc=,2025-11-30 05:02:11.561,pro_LKwmmSXjRLpr4R3Cn8vwgW,QXBwOjE=,8b4168ab96c5063b7812761193dd1481cf7ff399dd3c3ff5b033a4bda5e8285d
UHJvZHVjdDoyOTE=,2024-04-09 15:58:56.454,pro_XZpyumzuPUoWKxAeRszNwF,QXBwOjE=,6a3b5c923ce8e18671af44feab9f3cd9f2421fb3d5219a598f1b3fcb8baa70bf
UHJvZHVjdDoyOTg=,2025-12-22 01:04:29.268,pro_FT37atuqvXp6h6FseHTXu7,QXBwOjE=,25cfb96d9591890d77597a45d3e41cf20672b0404409a6d9196db2390056fed7
UHJvZHVjdDoyOTI=,2025-12-22 01:04:30.017,pro_SCSE7i24ZWvbA557oz7p87,QXBwOjE=,5f68721994797be2d2cdabb48fdfc61d8f1477bdb762d6298a45cbe5d2a1eb7d
UHJvZHVjdDoyOTM=,2025-12-22 01:04:30.740,pro_GvFAx4XNAYNEWyPDwmivCL,QXBwOjE=,845c9647d0cf2c15d5950716cb301b96edce92ce6d63523081d4f3ea797eb898
UHJvZHVjdDoyOTQ=,2024-04-09 15:31:39.506,pro_3fFe6TJdNdyERg87Jf5iT9,QXBwOjE=,856a8339c1debfacfaaa7b95354867e2d4429e98367206541b9b20c9ba738f8e
UHJvZHVjdDoyOTU=,2025-12-22 01:04:31.548,pro_8Y2PgtstfcDHFVgwxh4rfe,QXBwOjE=,9d5bdf4d998b91f52a46dcd723be310ceb05973d446983ba82d7c05f37a8a7e8
UHJvZHVjdDoyOTY=,2025-12-22 01:04:32.210,pro_LBvt8QvDK2QaJwn2pUWZAM,QXBwOjE=,facdf7bb5c66f2e29c29f12ceaf455aca293f0c647cd5281c39021fb90954a87
UHJvZHVjdDozMA==,2025-12-22 01:04:32.868,pro_SSm4Pf1eNyGx3iucrMRXAe,QXBwOjE=,4e20531a1913ccd306c6c53202e47cf7f798b46701529101ec2e74445c5c46b2
UHJvZHVjdDozMDA=,2025-12-22 01:04:33.517,pro_T19FHzCFVWCzQUZKiiz16D,QXBwOjE=,5fa9f94f676d545dd0841072c0b5ef2d4fb54316a65ef7ced69a0aa026163a2e
UHJvZHVjdDozMDc=,2025-12-16 16:35:38.849,pro_YLUcw1MwSJqN75DJgxuLTs,QXBwOjE=,73d7a68276c7d9da791dcba7f1a9c93fe20dfb7bc7e96eafde83f9890365f8e0
UHJvZHVjdDozMDc2,2025-12-16 01:04:35.072,pro_PT5Zw33gYMNC9uFTdPDaWd,QXBwOjE=,ffffa010c0fa5257dcef3cceed8531dd5f691fad5c6ca707a4b98dc10df10038
UHJvZHVjdDozMDE=,2025-11-23 05:00:55.594,pro_JCtZDBzE3A54g1qqP5wyg3,QXBwOjE=,283442e6dd898daf9a9e59f42227e105045e676b4bb98b0464c904a49c50fb80
UHJvZHVjdDozMDg=,2025-12-16 18:31:19.598,pro_HrvYyBtdEhSPoJGayHPDTf,QXBwOjE=,9b342006e4ba2c1d5a1de8aa796e2da0c1f060e319bef2018615b84b1eeaccb2
UHJvZHVjdDozMDI=,2025-12-22 01:04:34.210,pro_KjD5cZH8xcJErYhstNmqwt,QXBwOjE=,0af182bb24c8a601763eb9cdbe60a9a11b08097315da8cdca23abf092ed34580
UHJvZHVjdDozMDk=,2025-12-22 01:04:34.890,pro_AUmHsyVdYYcWuGptmvUShB,QXBwOjE=,0a0c747553b1c14642bfcf17855baea80821dba8a8d60a823c3928dc647e7e24
UHJvZHVjdDozMDQ=,2025-12-22 01:04:35.463,pro_3pWK6kM46bSSJ1ZWTYKRd5,QXBwOjE=,1d443db6f1b52272881c7917beeb7e0db9f22cc7b69129176717821f117a4538
UHJvZHVjdDozMDU=,2025-11-30 05:02:31.173,pro_Eypd7fFfmkqviukV5EZMzu,QXBwOjE=,e66a8ff0864cfbfa7a617a0cc1728af4b32ab6fae46164bb2305dc54ae064aa5
UHJvZHVjdDozMDY=,2023-10-24 06:30:26.106,pro_QFkqc5dukcKWBPaiy3Zrn4,QXBwOjE=,
UHJvZHVjdDozMDY0,2025-12-16 18:50:34.236,pro_THmiknG2NaNjAgRdQAAwQ2,QXBwOjE=,a64cbcfcf00d13438f3a55320d2917b98b6537ef1e9342bd4d1b35945201efa7
UHJvZHVjdDozMDY1,2025-11-30 05:01:26.704,pro_AWqwV5xuJx94jUbuTKvYB9,QXBwOjE=,752ce94946e183445a08266e1e4e5cbd1c8d2c6e861227efa68b5b7c0edb1c82
UHJvZHVjdDozMDY2,2025-11-30 05:01:24.664,pro_7z3hFAfH6coDEmrwY4CaZF,QXBwOjE=,697ab6644384f411bd419f321c5c102b131d92aaf8fc1e067a9d5950546b5990
UHJvZHVjdDozMDYw,2024-04-09 15:39:16.742,pro_BQmzoK6RAeSYFQkWg3u31K,QXBwOjE=,8c60c0c3bedbc02730e729f7156572e16e4f8ab0442dcf99b690efb52d5cee03
UHJvZHVjdDozMDYz,2025-12-14 05:00:38.870,pro_UqBMicnoYzxB9F2XQY4CvF,QXBwOjE=,31a9a3d80652f6c7f4af2fc4e5b54dfc08e379e7faea1a4799bca3b1832941d5
UHJvZHVjdDozMg==,2024-04-09 16:38:41.979,pro_WK8nPuJoCiWyjeNsdjvWR5,QXBwOjE=,58200a5529e2869b0bc4834b0e7ea922d983c55d1ea0e8a75fb9ca371d9e76bf
UHJvZHVjdDozMjA=,2025-12-16 18:31:36.579,pro_KtrN1MKpi9jhAvh7vp6bkV,QXBwOjE=,2d99ed86ab83da0184062bbd4c9c74ff222c5efc1094d2a4c425471f478d6a73
UHJvZHVjdDozMjA0,2025-12-22 01:04:36.343,pro_Da3vjM8EF6crrxvuAsAL7N,QXBwOjE=,be03facec3a7aae4c04f244872f8ba43b7a93393d91d580cbe0625623c02d3eb
UHJvZHVjdDozMjA1,2025-12-22 01:04:36.894,pro_Cit8QCUyvhwXL75LBTYn4E,QXBwOjE=,a08220076fdb2522de228bd1c5a6de1e26d95b925c5347e64917dd2bfa2a82ab
UHJvZHVjdDozMjA2,2025-12-22 01:04:37.548,pro_BKM2TUJnjqPDTJPS2JxR1V,QXBwOjE=,88c87840b6c6b857cf1d7baf4040264fb5db68e2b4cd5d944f6375d0a148804a
UHJvZHVjdDozMjA3,2025-12-22 01:04:38.167,pro_FsR2YC97WCTGWxzGA8Scxy,QXBwOjE=,6c936bce530f3142d3d67c8cfce74edb63b614871916b20bc57c0d0a741bd423
UHJvZHVjdDozMjA4,2025-12-22 01:04:38.734,pro_4yyZWxvmeL1GS5HoZNyn71,QXBwOjE=,12900c774c9f47a5034082d175840fdc21fad157d42bcc1633dc7ccb12d8a95d
UHJvZHVjdDozMjA5,2025-11-30 05:00:56.143,pro_SKzwYGJKbPk6wKG3VnUL1g,QXBwOjE=,46c84bd4724ac7225329482ca255653caa5ce0a18676c7f7a05428f85c785380
UHJvZHVjdDozMjAw,2025-12-22 01:04:39.355,pro_P8i5H5fHj24xc9AxAu5Nm3,QXBwOjE=,70b826ff8e626cd383c6c5b6871d57f55c017fe7e01dab4ce9bde1fb26d120f9
UHJvZHVjdDozMjAx,2025-12-22 01:04:40.200,pro_YNjpT1WR7oYQjSAhd1CYUp,QXBwOjE=,602b2f1072c2af4ef825c9a9c4c00375aca7fb68820b0441c453f955ded8f5bf
UHJvZHVjdDozMjAy,2025-12-22 01:04:40.843,pro_CFTY9PZD8BMZAtwGBvRyzZ,QXBwOjE=,0e484b83d5f2f09031ae9b2ed7af80bfcca10e7781d938e2704c470f3c74bef4
UHJvZHVjdDozMjAz,2025-12-21 05:00:22.890,pro_X5DDbFipURGJPEeMwfEzr,QXBwOjE=,9fafbb182d1f89fccd42d1f725b00bb297ecec772ff73a07707ea0dcc810caa3
UHJvZHVjdDozMjc=,2025-12-22 01:04:41.484,pro_CTsGhV4H8SDjiKhGy7xCRv,QXBwOjE=,fd9f0044654571c5125ad82f0cdd0376017f5eecb2d0c091b6b05f0911d082e9
UHJvZHVjdDozMjE=,2025-12-22 01:04:42.482,pro_MCQBnczKCQ8wwgsVWJDwN4,QXBwOjE=,621a05dbe819159ae12ab2c59f9cf58b781e91d0a5409e4a8e29a82e59e591c0
UHJvZHVjdDozMjE0,2025-12-22 01:04:43.265,pro_NX258X8ZYTT1SKqjeSWoUQ,QXBwOjE=,ecdaaf96ee03c1ba7437e92821a1c784c0e5a752d644cd3f94598ab8e7dcf1b7
UHJvZHVjdDozMjE2,2024-04-11 10:02:03.491,pro_MxkoTd9iSkx3JoJ2oUTmiR,QXBwOjE=,64a15a6097d40e12595593e6fd8c24d5276ab6f19dd4a2201b658c635cd1ddcd
UHJvZHVjdDozMjE3,2024-04-15 13:32:45.446,pro_iNiXmEsNBQvS6mttNHfmf,QXBwOjE=,743b93fb9eb369541a2c25a623598778806e9e2680c468b62a535b346f0eb66c
UHJvZHVjdDozMjE4,2025-11-30 05:02:38.560,pro_6pSs46Z8Fn9DanWbwm2S8J,QXBwOjE=,c81a15b93413d81db9ac880c586600a8b5858267570dd425ce380dd0d470ed4d
UHJvZHVjdDozMjEw,2025-11-30 05:01:38.457,pro_EkttEk2zH2cDwmauDChDR5,QXBwOjE=,ad36e09208acd55ac7b72adcc5c964bb6781be8f3d54195bf5c4ad9b547174da
UHJvZHVjdDozMjEy,2025-12-22 01:04:43.983,pro_CsvaK5VKPaGwWCRKrGxwKU,QXBwOjE=,1daad46bb8dbe85cd2315270533879e09384fc9ac8acbaf34bd86ded8a789431
UHJvZHVjdDozMjEz,2025-12-22 01:04:44.683,pro_MYvRR38rfCbUM8rCDJuBsq,QXBwOjE=,b4c258f89e29cbfec4ec1488af039b7007349b0f5d2358db6c262948abf32ada
UHJvZHVjdDozMjg=,2025-12-22 01:04:45.373,pro_KjS8KWPsry73k8nbRSdspQ,QXBwOjE=,7358ae1768ffe5b2216ed3f46a3a1686f32e452d562c82c8f3db763828777ecb
UHJvZHVjdDozMjI=,2025-12-22 01:04:46.018,pro_6sf11FLKnTWun1QPujtxRp,QXBwOjE=,a2ffdb21d49168da9d2b0e973fade0c5f2b9c3763ebd281d738fd907a4655f9a
UHJvZHVjdDozMjI1,2025-11-30 05:03:09.071,pro_6eviL5b1WFzhmzs7eGVrfN,QXBwOjE=,fd8aab9b41ca2285b808113ff481060732d1dd27b05cb55d159b816dfb9a6dbf
UHJvZHVjdDozMjI2,2024-04-11 10:01:48.451,pro_8eQMAYtBjppHTpB9mpt7uh,QXBwOjE=,e4549d20f3ea0404b84f6f6864c836611aa6ac2899521db9dd0c782966ba757e
UHJvZHVjdDozMjI3,2024-04-11 10:02:02.467,pro_KWVugmcTQ977LwfN3e11EN,QXBwOjE=,04fee122329286145699c2d785c3e3e09c87f0dce52f84b8618d4d10c547cb9b
UHJvZHVjdDozMjI4,2024-04-11 16:33:44.223,pro_83mupX6UXSdw6yYsg7mRSu,QXBwOjE=,81fb3351537ea626ad62a423d10edd53b846a25715a7f24361208a63a3bd1df7
UHJvZHVjdDozMjI5,2025-12-22 01:04:46.652,pro_MYgTeVEQPaACiT4B5BbEM6,QXBwOjE=,369b18c826aa903ab771d6efaa11ab9c58dff951b020a1f05e8354ee03701711
UHJvZHVjdDozMjk=,2024-04-11 09:46:26.132,pro_HZs4N3BiFFQsGmaZymkNcn,QXBwOjE=,1f54fad86c5dc5559ca9dae8b37e584aded129903b70081a8fea6ed515e9c3bc
UHJvZHVjdDozMjM=,2025-12-22 01:04:47.357,pro_L8NZcKDs4WLNpJdREkx1A4,QXBwOjE=,f783293b3356b1e66b50200ca66c9d1c7cd34ffccbc74226ba5efeefe067a0c8
UHJvZHVjdDozMjMw,2025-12-22 01:04:48.056,pro_XS2RbjdqJUmXF16112FLTX,QXBwOjE=,6be68accd6833b9abee8cb7951076102782addd60977d2fddd1344b696b70654
UHJvZHVjdDozMjMx,2025-12-22 01:04:48.751,pro_YZFPVbRUrJxZQHnpj6iyfS,QXBwOjE=,3366c1fe6e258d2d9395e6ede852c0918273a0222191ecfa0a5d957e4db944ad
UHJvZHVjdDozMjQ=,2025-12-21 05:00:37.545,pro_JAarjqh8cw1YtyL8MMYx8,QXBwOjE=,ff2b9ff5dca9f5e4aae120ba1e7c665f3f2fe40a56a52fce9f1640fb60dcd54a
UHJvZHVjdDozMjU=,2025-12-22 01:04:49.465,pro_HyyJs9GQY86k8V8tBDn8Wk,QXBwOjE=,13495d134e7be6ee258d27fc048ce0df00b4a99d955c27dc0086230513fe950b
UHJvZHVjdDozMjY=,2025-11-30 05:02:10.605,pro_B41qEczY4xrJ3NsLK88SbT,QXBwOjE=,ceb8a901580f7e1f6c9a7a0cbec8205a1c934a44c53e4218393978720943af84
UHJvZHVjdDozMQ==,2025-12-22 01:04:50.197,pro_FTkj5jVf2A1tTJYAsynt9r,QXBwOjE=,d797a01dce4cf99cd7d9b9aeb199fa8f5f45649fd5ef7ed373afd72ea3c391b6
UHJvZHVjdDozMTA=,2025-11-30 05:02:08.124,pro_WpCfyMArhqdA6YsiBnbszg,QXBwOjE=,4c771b357f310a5087edb880c3a7d5d166944d2f05bdc1c6a6507ec7055269c5
UHJvZHVjdDozMTc=,2025-12-22 01:04:50.935,pro_WNhzrtKqsMwfzF6M4HnBaN,QXBwOjE=,f6332ca1ab4c7fd4dda4bc31e56048dc8e22c003736411f49b6644e05e758c35
UHJvZHVjdDozMTE=,2024-04-09 16:38:20.149,pro_Ls6k6mvJoCQ9i4mkxMfZLj,QXBwOjE=,1881f7ff8178f92fb080485b360ea970ee6ec1429943da29790aad1409657617
UHJvZHVjdDozMTg=,2025-12-22 01:04:51.601,pro_8Hw65YPvpKvfchAiEQLbEG,QXBwOjE=,9258ff7f6cda22f25c9578b940b120640753020bab818a470af57790d054a58d
UHJvZHVjdDozMTI=,2025-12-22 01:04:52.366,pro_3TBhbQoAEJpPsyNFPHbR91,QXBwOjE=,0fc1a0fda48375710b981f332282e229155cfe63de6711e5a6bbe8d2655d269f
UHJvZHVjdDozMTk4,2025-12-22 01:04:52.977,pro_39x8c8czp6qkJdkeENTYcb,QXBwOjE=,b33b9c3349cf1fd9a639ad79b36e678a1aa7f0185517f39ae6b4adc4bb38b897
UHJvZHVjdDozMTk5,2025-12-22 01:04:53.721,pro_5Mv5eoHqAYFLvfpozKmiDh,QXBwOjE=,c9d88fd842a5171086aacb26844f1831d56f8b07b01e92e95d1f35dd33bdc7b0
UHJvZHVjdDozMTM=,2025-12-22 01:04:54.413,pro_Bbc7gEKPFjDgN7iGk7dmK9,QXBwOjE=,ce4eccdea0de1b771d314cb2e3f86fb7134213c6080b885b4ab1f526da3016b2
UHJvZHVjdDozMTQ=,2025-12-22 01:04:55.002,pro_A1NcRrRyXKtHA6y7qQcvrp,QXBwOjE=,f264be7b3eccac534f537f690ddef5944a887283ec43414e2c2d4ce17fed1c20
UHJvZHVjdDozMTQz,2025-11-30 05:02:02.340,pro_4mBNKfRAMtvKTJaVP17AHJ,QXBwOjE=,de41d12717fe0f759d3c9032c984a7c8e2cfe9178d485b87020501114a6072ad
UHJvZHVjdDozMTU=,2025-12-22 01:04:55.550,pro_7rzmSK9dzQjUmaUx1ZHFzg,QXBwOjE=,6d8d8fa985340aeb841d9a506e90795faae58112a7cfa5630857b2b764b8fcf7
UHJvZHVjdDozMTY=,2025-12-22 01:04:56.234,pro_LdgSjuu3ey5WsVyc71T3zR,QXBwOjE=,e90d6a1faff512e70e0712dba89c93e369951583b3da6be9ccf413a045e6e739
UHJvZHVjdDozMw==,2024-04-15 21:32:20.904,pro_P9iXT65y9qfiURNWJFFnuB,QXBwOjE=,3330cddf986fe812f50272446748580e3c19709762e6493f83b13685afff19b7
UHJvZHVjdDozMzA=,2025-12-22 01:04:56.955,pro_FysQjeaFbswiZFCrWj1JmT,QXBwOjE=,b4f310611ba73298c6af5a70aeaeb090415f548fea699f3207a7998484311deb
UHJvZHVjdDozMzc=,2025-11-23 05:01:39.609,pro_KfQ2VUedRZhdjaZF14DzNa,QXBwOjE=,055f7f87ecc1fa0d9265380161343bc6f213b4cfcd283ab0730be2c9e5dcd969
UHJvZHVjdDozMzc0,2024-04-29 16:06:28.104,pro_BV2UrErq8tAU7BMmbq5pvY,QXBwOjE=,76ffa2fe225e16bc42112e0036254695bc23e8c551cc11974d1d30e59fc75bea
UHJvZHVjdDozMzc1,2024-04-29 16:07:25.220,pro_6gHP5JnPph4Jg3NKrTLcFN,QXBwOjE=,8ae167c09728d556894b31e6851344710a95297e9411e147c3d55706c04d4fdd
UHJvZHVjdDozMzc2,2024-04-29 16:07:25.794,pro_GHDa3iDKYtiuRZRpqo2sF2,QXBwOjE=,0ce3561b49863d59fba3803e3f902496a0258e6a99acafe5f066fa48c9b4f3d7
UHJvZHVjdDozMzc3,2024-04-29 16:06:55.886,pro_LKckLDPb76WAEQZM9DxRNn,QXBwOjE=,cd8a1d12bbeebac612139b140841b391d4240588160f50efe796ca4427b5e023
UHJvZHVjdDozMzc4,2024-04-29 16:06:55.787,pro_WZ5Min27D8X2BK7sAuySbQ,QXBwOjE=,ef605279ee6927473fd92012b312b6bd8e487b1f03b808d39c25747cf0197508
UHJvZHVjdDozMzc5,2024-04-29 16:07:06.116,pro_8jZETQTn7YoUimTTTVanML,QXBwOjE=,86a878d7b9363066ed422bf52d7575ff2921ae63242d469c613c5bdc4247145a
UHJvZHVjdDozMzcw,2024-04-29 16:06:57.986,pro_LWjPBb65kQBD9LJrpp79QY,QXBwOjE=,deebb1499ab6761e7d9291bbf2cd63bb11dd849df11a1336dbc15e0a1d728012
UHJvZHVjdDozMzcx,2024-04-29 16:06:30.169,pro_UVso6UKaa4bXqHWxHBAiaZ,QXBwOjE=,702fbaf8d940e1b5fff36729103b70e31c9a4fbff6022310581a168b8615581a
UHJvZHVjdDozMzcy,2024-04-29 16:06:32.008,pro_QYhMNadTjmBajiXjkrLUbo,QXBwOjE=,25d80e4024e3c7af585f290a782cd1e40a661e4f73e8bab79332a37e9cc05cbb
UHJvZHVjdDozMzcz,2024-04-29 16:07:33.611,pro_TXriwQrmUyGy5VhXeXCX4G,QXBwOjE=,db1259ca9726679a2d1874863ca943b5ff0aa2a084875728502a7601f15b049c
UHJvZHVjdDozMzE=,2025-11-30 05:01:15.718,pro_RRha7czRLopyDUsjVHP9ab,QXBwOjE=,7aa706492fab864d0fae822f652e347446f71e31d64cbaad2bf1d0ecfedb83b1
UHJvZHVjdDozMzE2,2025-12-21 05:00:28.960,pro_DDCgKN87E7qWHZjHdkmiMY,QXBwOjE=,fa26d794204096f2d69ec6023fe2a3aa02d82b93c8229d98d658b5a1eb4fe264
UHJvZHVjdDozMzE3,2025-11-30 05:03:22.732,pro_B2BMHys6ttrGv1Z9iBHMCv,QXBwOjE=,baced01b44d73a0913f2b4ab1187771bcee10d8774160c7a415dcb8764e336f0
UHJvZHVjdDozMzE4,2024-04-02 16:10:24.252,pro_EiNwq5G9ZsNbgJKn8517BY,QXBwOjE=,f01e423203315ebd6f8a7898acabb14f5f25d990a489e7d439bd5ae590881d7e
UHJvZHVjdDozMzE5,2024-04-02 16:08:40.337,pro_DTL4auFUDL9dvGnmJKKaNg,QXBwOjE=,f5ebc6e90e7e93cc95d1e1c02cd74ca8313c862741390c0302c203bec61aa407
UHJvZHVjdDozMzg=,2025-12-22 01:04:57.678,pro_SrgMPNw6zFxjnVnUCEhdL8,QXBwOjE=,625045145224b3326093c0566ac3f7972ed58a24412c411584671e3e00319022
UHJvZHVjdDozMzg0,2024-04-29 16:06:23.299,pro_XFDm2Rk8sLKzcNTGT8QeP1,QXBwOjE=,9981fddcb125fbb087c7d7a17acbb6a2b45d1434517cc727c597a3506119b54a
UHJvZHVjdDozMzg1,2024-04-29 16:06:39.320,pro_WxZmLRPQREYKmGnwGvoAhL,QXBwOjE=,f9844d0c5201ab0b47746d3bce031abf0bca66ae1c9d645f21090d6478d4e3f2
UHJvZHVjdDozMzg2,2024-04-29 16:07:23.296,pro_GDWDohzRoNiKxkJ36h3CEk,QXBwOjE=,57e942fa40bb22a77c5b049417c5d1259f87328266bed56d7852231c4c70981c
UHJvZHVjdDozMzg3,2024-04-29 16:06:23.793,pro_JNfZXEL6kB5qq8krugHpJW,QXBwOjE=,3257223d10d85bf2e5cd7735e3edfd93099a206b0e8b8febf68b5b981244c9d4
UHJvZHVjdDozMzg4,2024-04-29 16:06:40.275,pro_MukPSBfpVpBpKptcP2cUij,QXBwOjE=,a8bb734d4a5b342c81d27ccdac639e0baa33012588af2971d86f40a681bc39ba
UHJvZHVjdDozMzg5,2024-04-29 16:07:33.816,pro_2CLfkFh8X5sTXPppWDgo3W,QXBwOjE=,7f2353b4786cd2b44c3fe97479b090610cd5a6feeb519f297115ccacd527d03f
UHJvZHVjdDozMzgw,2024-04-29 16:06:29.904,pro_GtgrvKVHvcYTQzn3edYnpV,QXBwOjE=,a5ea20ca0ddcbfe54688e4c1caf551205126f3664feb03327e872206fffbc2f3
UHJvZHVjdDozMzgx,2024-04-29 16:06:22.097,pro_VGtTdGBbtNj4HoMwZipVFV,QXBwOjE=,f2d4372d98179a822d9e9b964e52372d6811253b920c94b713a759f4965c2665
UHJvZHVjdDozMzgy,2024-04-29 16:06:23.457,pro_7FtE8osGBhYzyWvnyEQLyS,QXBwOjE=,7b968330a9fe1ae0c641361bdf5ab9b4f1ff26e010013813910ed709f11a7dd0
UHJvZHVjdDozMzgz,2024-04-29 16:07:19.242,pro_8AE42gNrSnStzUxyNMHyBt,QXBwOjE=,027c43dc3b7fb0b9d884f3c901d4f3116c65649dd936fc6df7d584ceea4d5354
UHJvZHVjdDozMzI=,2025-12-22 01:04:58.289,pro_7tKb8xaRktSKEBEefJJK5E,QXBwOjE=,c0344c790fd9ecf007bdb3df544dabdb6e0fc0828e24d6a83b5748fe21a8f706
UHJvZHVjdDozMzI0,2024-04-11 05:09:50.035,pro_HXYUA1C9uWTNhSZS5ms4cd,QXBwOjE=,9d27fd99d476bd0832179c5c01555e3b495e351800546540514aa6df4f364fca
UHJvZHVjdDozMzI1,2024-04-02 16:10:23.929,pro_TifwZb5pVA3syqdeFyyWFH,QXBwOjE=,119cf1b4bc183eb2b4c02d439e0bde5bd28149a924bc4499c2e1fec8c72b736a
UHJvZHVjdDozMzI2,2025-11-30 05:02:16.741,pro_AcdCXg93SbMdXnV8ay51hS,QXBwOjE=,18b4c5509f1d7f3571ea92db5ef1c2ebcb5e90f5f4d81f0c4cd9d8cf99b3aa23
UHJvZHVjdDozMzI3,2024-04-02 16:10:00.180,pro_K2XGr4AqRPENL4UYj2tGXB,QXBwOjE=,88fe203103e363caefb16edd68cab2b98a9dc9907c29edc26245fd9cda72e4c5
UHJvZHVjdDozMzI4,2024-04-02 16:09:01.444,pro_4ZDzLeNxfN9h3CKg6cUUN1,QXBwOjE=,8f5efe6115ab235a6379a5edcacb55e8f8cde3e8274a17733247f61a725c8c62
UHJvZHVjdDozMzI5,2024-04-09 18:09:15.634,pro_Cj3fTRZ9NyyvGszKVGYDQe,QXBwOjE=,167dfe0bf6cbd07564362c84ba7cf7ed06e8e082d01aa57975d3f8da8ecb8504
UHJvZHVjdDozMzIw,2025-11-30 05:02:38.715,pro_GsM47SCgJS2xTB3pdQ6va,QXBwOjE=,330c09c47612164d0e0e748b93f156299794aad7c75fc985d22d0226f819fa45
UHJvZHVjdDozMzIx,2024-04-02 16:08:55.861,pro_N7fEdcGxuhgRwZVnEjBsDu,QXBwOjE=,a2b9d28dc85bb1d5e6e1aed3084b46209273000b2c3ed2ea13bdcf3e106f9c7b
UHJvZHVjdDozMzIy,2024-04-02 16:10:06.267,pro_RNEMRa5FXya2Rv58THjzSa,QXBwOjE=,21ab2a2685080ea987202196a4fe60a69cf9b1fa7a20a1536e870ae5de4e677b
UHJvZHVjdDozMzIz,2024-04-11 05:09:50.619,pro_D7aaAK1SQZ6upBE7eDb9GS,QXBwOjE=,a110675b970d5a138393e59b8a9c1095eb606067c2af8c2bc59f6dc04fab02cc
UHJvZHVjdDozMzk=,2025-12-22 01:04:58.852,pro_B3ufVKsQR7TGHUuprbqyPY,QXBwOjE=,8291c1f802f15b39f9c5d0a58595380126068199fde3cc8614034025143a5401
UHJvZHVjdDozMzk0,2024-04-29 16:06:20.587,pro_NgCxA8b1CpLByp1fJ7ZNBx,QXBwOjE=,3f26fa803e0e3980a01f5f4d724b18ec039519e70cad7c94712628791a6274d2
UHJvZHVjdDozMzk1,2024-04-29 16:07:14.730,pro_F4CBwXqgjZRsx8aCdCmsfp,QXBwOjE=,99fffd658c80fb6acbe9f922b17faf2214473da1fe8e1b8812a295d07dcc7dcd
UHJvZHVjdDozMzk2,2024-04-29 16:06:36.106,pro_KScXKR4HfbeqK4LXeutiTv,QXBwOjE=,d33325f94f419e8ecc0b244d55eea59d92497b3d09a39ebe2326142e2503e5d9
UHJvZHVjdDozMzk3,2024-04-29 16:07:23.716,pro_V7JLgqztC2eEF1qTCNu74n,QXBwOjE=,baf79e51710718c5971af3458eb6a66ab7974a0427326c90ad3ae1eebe0d654d
UHJvZHVjdDozMzk4,2025-12-16 13:35:09.245,pro_NRBde39N45xQ82gcdXn4Wp,QXBwOjE=,a341c0768b98615b42905916bec5200fa97f45bc15e3a2134c1f0c6aed771556
UHJvZHVjdDozMzk5,2024-04-29 16:06:57.490,pro_QL1HTJ5dPK3cSAu7Gxrk2H,QXBwOjE=,cbfda0087167a4435e367acc87f64ddd77ecd2e0b129b1b98cbd47fa753a0e13
UHJvZHVjdDozMzkw,2024-04-29 16:07:14.357,pro_7wBDUz7EHdcm8x6zs8WPXk,QXBwOjE=,dcca678ac100882e92cd1c907ca4216c892849a814e19e0ef6010513b8a32537
UHJvZHVjdDozMzkx,2024-04-29 16:07:32.811,pro_G9ndoEJUFB6BMcpcHgfkV5,QXBwOjE=,a7da246b8d984852625fbf567d1b2e31853e9d533d2a23c6abf913072e8a276e
UHJvZHVjdDozMzky,2024-04-29 16:06:33.516,pro_Szjgf46N9T75f8LuHC5HD3,QXBwOjE=,bdb496d1ec9c82e04f6b2b2c792137bff43835c9d0aeef9248673ff4343154ec
UHJvZHVjdDozMzkz,2024-04-29 16:07:14.629,pro_TXnPA18rS29NUxt6H9piZ,QXBwOjE=,20ccaf4f3389170b49491cef51f5d277815efed4910fec3ba7138ed3080efda0
UHJvZHVjdDozMzM=,2025-12-22 01:04:59.484,pro_7fPx6kKwbPpoNFemHCu1wa,QXBwOjE=,d44baff6ee8ca81cb673f983be4c2db77a7555f8674eeca8beb4e5c18d329c33
UHJvZHVjdDozMzM0,2024-04-02 16:09:11.723,pro_UPVEEM1biWZBZk3ZowrCKF,QXBwOjE=,ae55ebc93204d425faa2c7131a0a54e83f3096961a904241602fc571422053fd
UHJvZHVjdDozMzM1,2025-11-28 14:31:47.072,pro_Sqw8ULxAoK969vwj47AMXd,QXBwOjE=,632715cf0109b8fb65bc9582c9f8e8f500471091bc22d5fb52aa650427f2efe3
UHJvZHVjdDozMzM2,2025-11-30 05:02:17.286,pro_VunivDFWQYNJkyPMuszhsV,QXBwOjE=,65c387bef02e876b4a21dcb04b81873c8dc6fefc132e1bfed1a0140925f29723
UHJvZHVjdDozMzM3,2024-04-02 16:09:49.356,pro_EtdcPyoujh7SYVDKnfZBJw,QXBwOjE=,82eee29a788f88783bd6580caeb85ee3683f25dee6d6176d61a895d5bfa7dafb
UHJvZHVjdDozMzM4,2024-04-09 18:09:33.369,pro_TuxqtsysCtcABguNx1oWY1,QXBwOjE=,bb99e49e61e00e5babdf5168e57c1c8cc11fada5ccb451fc88fdb12e5ab58ee3
UHJvZHVjdDozMzM5,2025-12-21 11:47:26.645,pro_3yvLYodUckSTxs3fUfiwtJ,QXBwOjE=,4c335bc4aa4637877a37aefd08e2e3731db4d270f7e33b9b8da1a7acced5143e
UHJvZHVjdDozMzMw,2024-04-09 18:09:17.843,pro_TPBq2yeo7pBjUuUdjL4ZNn,QXBwOjE=,81abf05f9f601e573c987ac6274f3b73d73dec88e896e4c9b36784ec5f15f03e
UHJvZHVjdDozMzMx,2025-12-07 05:00:59.275,pro_WwfoMhEi5Zg8a9zULJDhB,QXBwOjE=,123c291940afbfe4d33a2a99bd5b829782cef7273a9b304d996f275920bcbd3a
UHJvZHVjdDozMzMy,2024-04-02 16:08:36.791,pro_GsSVaKiPqazBaKpzHH7PGn,QXBwOjE=,f6739a221726507ca654892aadf7a27f2204b7878a42b257bfd3962078bd7fca
UHJvZHVjdDozMzMz,2024-04-02 16:08:55.648,pro_9kwsT9vprfKQoPP4Ub9Zrd,QXBwOjE=,c81ed2f1f111d8f8a4b9705414da9305ce9e288fe60edc136e7fe9139a08944b
UHJvZHVjdDozMzQ=,2025-11-30 05:01:52.221,pro_KqcFeCJgNhVPrmzPHXdQW6,QXBwOjE=,d54f9248809ab426ccd47e3b4ef0c6fc78d8db6da975ec8d466daf420c2e90b1
UHJvZHVjdDozMzQ0,2025-12-21 11:42:11.267,pro_VsboE6atg8zpdPnohqxyL6,QXBwOjE=,546477eaa8f40f645e8186fdeb342f65dc253544c8f215940567aaec814fe2da
UHJvZHVjdDozMzQ1,2025-12-21 05:00:36.224,pro_8uNyLWLMxFn1YvQwrSCnE5,QXBwOjE=,a267c24523a8096139c577304031b8b0eeb2bb0ba7712d7ccf6a59c5345f9ee9
UHJvZHVjdDozMzQ2,2025-12-22 01:05:00.130,pro_QE9MZbteB2pz1nxYhiYr3v,QXBwOjE=,e73cda1fedac2f828e2ac663ad32ce04930ca3852641581a97b167719f0f9b03
UHJvZHVjdDozMzQ3,2024-04-16 09:10:17.915,pro_BANT1PSRxT6Xb3LZZwk3Ki,QXBwOjE=,bb234c1ea66429e20400b3799ce06aec438e99e74f824dff837660cec7b39529
UHJvZHVjdDozMzQ4,2024-04-16 09:10:18.211,pro_E13PFFsiE73fY8Wi8Bsb2Y,QXBwOjE=,508c2133e3fe90598885a2ee8d40eaebe79b0edf291cc5d21a9947e928e05d1a
UHJvZHVjdDozMzQ5,2024-04-02 16:10:10.785,pro_2mHBaj8g6b2n2WMghKzQbm,QXBwOjE=,942a2c2d885960215af59121170116db905abee4c2f2211386c49d75004b5bc7
UHJvZHVjdDozMzQw,2025-12-22 01:05:00.736,pro_5QuUMqGBxsp7TKCgrJUehw,QXBwOjE=,5070be0b17c2b8be2a38c8639be9684a7ff851aef87b9aa168e63d02d83c1d7d
UHJvZHVjdDozMzQx,2025-12-21 11:35:59.108,pro_C6MErgoun7nigwvPrfvnz1,QXBwOjE=,20f7b62bceb089d9c3470150fa7c5d626dc7b521bcd4032f5f15f494c92af6e6
UHJvZHVjdDozMzQy,2025-12-22 01:05:01.467,pro_FPjVYgNF8RZnDodMQQoAFJ,QXBwOjE=,d2e606d2e01b8997df95abef90591f413216e29b730b90c1d2173928a9282dda
UHJvZHVjdDozMzQz,2025-12-21 12:03:21.418,pro_T5yVeZkbf9yXj2zkwGm7ZU,QXBwOjE=,08ce4fc2e7fe4fa6bff8e8a76245b087c1764806216df48d279e121e3be67bf3
UHJvZHVjdDozMzU=,2025-11-23 05:02:42.936,pro_KekWa6uKr5KjsbAC3pAaEa,QXBwOjE=,5e583bbb8e356f6cbfef6114a4fc161b8a22a630062709bff03adc2a3fb63b35
UHJvZHVjdDozMzU0,2025-12-16 17:12:40.717,pro_MV2jVQm9yzPxkH1SZfnVwJ,QXBwOjE=,35d7db87b836e8bb888fa12a88154b5dea2aef5dbbc0d702e5d226e8392ce21f
UHJvZHVjdDozMzU1,2025-12-01 12:20:24.769,pro_sYiAZz9Dp4yPKe3yE1heC,QXBwOjE=,09d338a63edca5aec1779e1788449075b6f4dc522013e4ab31bd503e427af351
UHJvZHVjdDozMzU2,2024-04-16 09:10:18.060,pro_Ce9wfEj2zJEhzNAtedV5G9,QXBwOjE=,6aad4da5ab7c52f1100a21be178211c9859cef5dac5c3ed53a72638bdac233d6
UHJvZHVjdDozMzU3,2024-04-09 18:09:21.899,pro_Cw2PeqnwqcxDZJiwManVNz,QXBwOjE=,ddb467e3ecd7123c0cb35efa3a3a1805678048e11d14c91b413b9215676e9519
UHJvZHVjdDozMzU4,2025-11-30 05:02:58.981,pro_HA4FC2FCShMMf1dWrRNp6T,QXBwOjE=,0906aaa40a71cb37bcd059108de6c0ec4b5000fc7d4fc342fb55883f8bb1dfb4
UHJvZHVjdDozMzU5,2025-11-30 05:02:59.182,pro_HaxNgQFjWLgCY5rZ5PDixG,QXBwOjE=,388541774a0f11e8a54826cc9c2422c8cb932fbd8ea62680388d0a3725706c45
UHJvZHVjdDozMzUw,2025-12-01 13:00:36.008,pro_38M5uUQp7ThqcZz3aUnUeh,QXBwOjE=,190b83f7c0a6cce86114d91770f7588395ceb31627753505f6d81d977cfd2ed7
UHJvZHVjdDozMzUx,2025-12-16 15:49:11.231,pro_7wdGms7h68JgnQCwsZYK2c,QXBwOjE=,4da6c98d59c49b6ee1b0639db72451ae6ac60e20942560c246ca3d9f98db3dac
UHJvZHVjdDozMzUy,2025-12-16 16:48:34.059,pro_9ei8XYG2VoZUhJStNMpv1V,QXBwOjE=,e30cf0326f514b388276d3cb48a7907c9f2f7a82dd75b267459ebabf77db6d9c
UHJvZHVjdDozMzUz,2025-12-16 17:08:58.394,pro_F7HqqpePns3qd68oMyFMZf,QXBwOjE=,83ec43a047ad778aea915f7b9fd3ec5554095dce33343a762382efaba93b866a
UHJvZHVjdDozMzY=,2025-12-22 01:05:02.247,pro_NNtFcAfACsrBpsnFiN3g7Y,QXBwOjE=,99d26ca6b4ba36a789b88ca91ecd043c7174088a21b66f28cf9812cb831b6628
UHJvZHVjdDozMzY0,2024-04-11 05:09:37.206,pro_PpNvoW5AjGRA7kD9ALaQ5f,QXBwOjE=,d21d0a731f63fb9ba38602d908d42bc0e4f5a55f9dbfd4483db6fe3746905156
UHJvZHVjdDozMzY1,2024-04-02 16:09:24.755,pro_6K7s2fefrGR1p3aeoJyUDV,QXBwOjE=,4e3fc6ec6ceebfebc618b4f9edb1264e590fe47c74c5be9197b323b4cf1fa90b
UHJvZHVjdDozMzY2,2024-04-09 18:09:11.387,pro_J5ZrYRN18new9Lozomffge,QXBwOjE=,c4345073dc5c0d6e55279aa615e869d7cfaa4aa51171a5de8b9406a8db44f091
UHJvZHVjdDozMzY3,2025-11-23 05:01:44.467,pro_6Ues3x4kJUp1xf6sx6tbcc,QXBwOjE=,de5775b31868af468d398b897e286a64c9f956b213fbb5bb0b0044f125f0feb9
UHJvZHVjdDozMzY4,2025-12-22 01:05:02.966,pro_VXN46LP8PS1bjSHacwzgyL,QXBwOjE=,e7e011370dc3910295379d518b363ff005fe694e8615389a62b71479ed249bf3
UHJvZHVjdDozMzY5,2024-04-29 16:07:23.055,pro_EsKDMQZmSrAnfNB9NTP43m,QXBwOjE=,70c9c157f4896afee724edb8fb0806c757320c5f2ce67ac7858715bb2e0479b1
UHJvZHVjdDozMzYw,2025-12-05 19:07:55.027,pro_T3nA7NV2tkXXTKxNc5k8dQ,QXBwOjE=,90250b3caabf1f73a02104b5bf252cad88a69351a5fc198cefdf2c1d9b9ce96d
UHJvZHVjdDozMzYx,2025-12-07 05:01:09.286,pro_G9qgYWKvTbY96fdBGyH2RV,QXBwOjE=,13be226b99d34c00a6df645aa9a43d7554c58ae6ac12049eb45f61ca8bec6338
UHJvZHVjdDozMzYy,2024-04-11 05:09:59.274,pro_GtqL8qgBLZ8z6W676dphHP,QXBwOjE=,ff167a2fe4ef7fee8ec5f4324593a010d681b829b2f5f5418ed752694c3aa48d
UHJvZHVjdDozMzYz,2024-04-16 09:10:48.540,pro_5J1Ya7Q5RmLx1SGstWf2xN,QXBwOjE=,84b1b9e8e733e3f0a9815d4f2e51937430dd064b0f93a1c5b636d71a0d05c995
UHJvZHVjdDozNA==,2024-04-11 16:31:46.857,pro_WgeAYKezTNyb4wDq9ENj7p,QXBwOjE=,e00435a3859d6f3a090c85058f4540268925a54899fcb86a7e3445847660d8c5
UHJvZHVjdDozNDA=,2025-12-16 18:32:09.781,pro_8r2g5iFpQkPTpjKqwEUy6r,QXBwOjE=,28f38da667b666520d94dad029856b971c1f2c2329fb0085da0c45fe310b8811
UHJvZHVjdDozNDA0,2024-04-29 16:06:57.866,pro_H5Vr4HF3MbpeyGFfJ1sp81,QXBwOjE=,232dcd99ce35186044824b3b39fb7464094f4b1011fb0d158a118af45f52c6d0
UHJvZHVjdDozNDA1,2024-04-29 16:07:32.710,pro_PoDvMFyBxYr9StCNFp7dau,QXBwOjE=,e7feeab7d0a4a0ded4e54617d7153adae1328e9ca5c363e0ca00ae6332f5766e
UHJvZHVjdDozNDA2,2025-11-23 05:02:54.609,pro_NtP2HbFBN2gFBjk5enbnz2,QXBwOjE=,009e305d9dc604016ef53ead73a4c53e53cf68ed50616b545ee3f5f578bc6e80
UHJvZHVjdDozNDA3,2025-12-22 01:05:03.632,pro_GRLXg1B9DQ2QJtUq2pa8kE,QXBwOjE=,1561721d5bf8935cbb5e532b6a46c8be076af1f33c72db7b6c1287ce4c1c81c3
UHJvZHVjdDozNDA4,2025-12-22 01:05:04.295,pro_R5F5PaLu5V1jTuMrcBn5Uv,QXBwOjE=,4693639154dfff0fab988685723a8b0a0c778b9b942e8520835b7e6c5270178b
UHJvZHVjdDozNDA5,2025-12-22 01:05:04.899,pro_7GTaCReN5oqiFu2fN3tTT3,QXBwOjE=,d8deb5865f94b58d13c400baa46e71d943226641d1d6f1b0687b7f0a2d8e179c
UHJvZHVjdDozNDAw,2024-04-29 16:06:57.608,pro_YMxZUgc2jXVYW3qzddhMyp,QXBwOjE=,c2122eab5658e49489a39c8c698f31d59105a35e4b3b4d79a674da6aa504e4c9
UHJvZHVjdDozNDAx,2025-11-23 05:02:36.411,pro_N599XmZWufMwiz9Wg6z2AB,QXBwOjE=,e1dbafda822d67f48fd87b6933da53b274ebb581564a4535d26c31410fb4ffab
UHJvZHVjdDozNDAy,2024-04-29 16:06:12.030,pro_L7pLgWFqNBV2KoHeS3w7n4,QXBwOjE=,6e71bad8703461efe0a1074a9b10d1380192a2e332aa591ed1e3ec5e6c79904e
UHJvZHVjdDozNDAz,2024-04-29 16:06:11.800,pro_ShPwTgQoj9aQkrrHBHFzrT,QXBwOjE=,d1f216ac7823580561617b50143db5bd0c14641e5d08a8c4829c77805b60651f
UHJvZHVjdDozNDc=,2025-12-22 01:05:05.593,pro_RR6ct5zvYpJHVvQU5TQxRG,QXBwOjE=,98106789f1c92462f31c6afa1cd0c53ad3ee743f6d53b46df6be6ce8f9bcfbde
UHJvZHVjdDozNDc0,2024-07-23 15:46:32.934,pro_GDRLgcANJAEyoEgULZNA9m,QXBwOjE=,51e77b57fdf44338bc6bcf41572ea6179d4375145d675eb0b4bcec5ab80a8848
UHJvZHVjdDozNDc1,2024-07-23 15:46:26.292,pro_9GossyUG95ESs6vzoAK7Zs,QXBwOjE=,0cb2dcb58b16b2ccf45f992f0877065a12c8ba0746ea19e4767cc010f3dfea59
UHJvZHVjdDozNDc2,2025-11-30 05:02:57.587,pro_SaEp68sk6nSBigFE3Qi1L5,QXBwOjE=,4cb19897082c2c5d179d08d41f1c838da0bf34a65d8d47fad229234651957b2f
UHJvZHVjdDozNDc3,2025-12-21 05:00:31.085,pro_Ncz8dqBZsyNfpVUxAsGuqb,QXBwOjE=,dbbcbdf5e2f00f15592ca0bad6c7a69c62eebaa2f479afb36527311a6df26b77
UHJvZHVjdDozNDc4,2025-11-30 05:02:56.557,pro_GygWp4vpTo3rhZd5FTZgka,QXBwOjE=,e10d84b825f1d6260d9fbd2243b7666a0386f014466bcb06dd5af650f50d68cc
UHJvZHVjdDozNDc5,2025-11-30 05:02:49.088,pro_7vQEwpVabncy4BKMeU9opw,QXBwOjE=,60c29fd3b51e9d808919a1b96442d370edc59b611a3ed04a0fd6205d436507b5
UHJvZHVjdDozNDcw,2025-12-07 05:01:06.947,pro_AefRLAr3b1HBFYJ5ssj5Nj,QXBwOjE=,efac6dc4f2aa21a6e9c6b5a13765651af4efe5e8b9b2a45d91e00deeca3068e4
UHJvZHVjdDozNDcx,2025-11-21 16:11:44.885,pro_NaAQAFM8eQ7BurjKzgE23b,QXBwOjE=,07f1b459ea3ceb613e4a341fdfc0600a6d844a8c50c1dc8340c4960bbd766e3c
UHJvZHVjdDozNDcy,2025-11-23 05:01:24.327,pro_SokA3Y89uWnJvCMCc3phiU,QXBwOjE=,e20ce9a22fa367da2e90fbd1c659011a6da0023b4e35e508d8437ea9b5936399
UHJvZHVjdDozNDcz,2024-07-23 15:47:16.858,pro_VAHk7VrQt41hndj7DqDh36,QXBwOjE=,e1b181880b4d8bcd71257644b74549867db499960d2bb11b39f38c8963f8e1c8
UHJvZHVjdDozNDE=,2025-12-22 01:05:06.393,pro_JP9HUSYb6SCbvNBPKohCet,QXBwOjE=,5887083da1e699dc76211af78ce039bdb776518726ce0791baf42af1ae3f3d99
UHJvZHVjdDozNDE0,2025-12-22 01:05:07.130,pro_YapbZxgGLjpqDDgBbcaMP2,QXBwOjE=,ebeada32a341e74706dbd6fbfdeb1da24bf039f6fd10fb22aa982843e9577a45
UHJvZHVjdDozNDE1,2025-11-23 05:03:04.377,pro_FDgqigYAq2NcTnEK7XJ9xZ,QXBwOjE=,f54614223c5f2dfcb9db68d4aaa1f3fb808e78bde8b3483a3e05c233ad014423
UHJvZHVjdDozNDE2,2025-12-22 01:05:07.770,pro_PSApwYHLkYvbzRhdmPWkrg,QXBwOjE=,c7873ccc47061f3b2835b835330907d1b7231d601218a7b588d729f994e26e19
UHJvZHVjdDozNDE3,2024-07-23 15:46:17.996,pro_Xq9L7NW9TEzyvKQdjKnrWX,QXBwOjE=,91737364239a3976445e327ed4d758abc2b8c547abeede14ae62c261ea1d7f89
UHJvZHVjdDozNDE4,2024-07-23 15:46:10.375,pro_Nb9tcRDnR6uvWbsPdHYYW9,QXBwOjE=,bc972c4a5af8df92b0276fcf29d6f3187c0767a2a4d0d8b6a6f85652ce1cd954
UHJvZHVjdDozNDE5,2024-07-23 15:47:30.753,pro_7YjzFqSAymyvQn67HcC5oo,QXBwOjE=,4b53ab416c15b9505c9c4ba3edbfad971500da9a70f9cdd4344f8bd4f3301d87
UHJvZHVjdDozNDEw,2025-11-30 05:01:12.823,pro_AW146aFV6reKRE9z9XfQfX,QXBwOjE=,945d0b6d84695b308ecca52da6d8626ec63f33ee25862041690a985a6f2f952d
UHJvZHVjdDozNDEx,2025-12-22 01:05:08.544,pro_L4RYDAwsF4bqsGrhnsPNHV,QXBwOjE=,3ae7d97b264dc5668aae0cc505e7e79e34a594f8c5d3b9b19345833dee924d98
UHJvZHVjdDozNDEy,2024-07-04 15:10:15.533,pro_TypidSfS9ch9JPQcncjd2E,QXBwOjE=,94e7fc888543e26e1959b5a3e0e20e3650d07a5060b1d3f42262f6e3b7eac53f
UHJvZHVjdDozNDEz,2025-11-30 05:03:11.835,pro_VAndtj8BA1DwUzXds5njkS,QXBwOjE=,2174d08fd66153205d8c39cb25156e69c935df865824cd463b6ccc5b498d109a
UHJvZHVjdDozNDg=,2025-12-22 01:05:09.250,pro_Q939NxA2Kufd5ixaLJ9y1D,QXBwOjE=,c3f5b1c18118d7583dc348b6979c2d65b59929b666dc074e02e30f1cbdb707a9
UHJvZHVjdDozNDg0,2024-07-23 15:47:04.613,pro_SHRYfKUu6uTg6mrg4uDGQh,QXBwOjE=,e6a3a2706ea44d3927d2f82d82ace37b8cd81c2b5e7998d05f103eded51a95d0
UHJvZHVjdDozNDg1,2025-11-23 05:01:42.237,pro_fn38vEgkp8WWNSw25x9EE,QXBwOjE=,8a2a9318c8dc9988aa817a8299d0ac9be347ae35dfb259c58688e1f5449cabb2
UHJvZHVjdDozNDg2,2025-12-14 05:01:59.248,pro_XojaLSFnrtjNwL5QorB3qH,QXBwOjE=,d5d104dcc8ef0001a7a1a5a621051ba421206878d1c2d3ff945e997c536d7547
UHJvZHVjdDozNDgw,2024-07-23 15:46:57.986,pro_DZzr2ycwsgDjSCJqVwBJxg,QXBwOjE=,b6adb1e1e2ab8952259afe99d99f0799dc9a3cc225a39e3c9aa1ea0cb01e2848
UHJvZHVjdDozNDgx,2024-07-23 15:47:25.801,pro_KQ1M1V3wuyZBatUsW4AiCG,QXBwOjE=,af61d69ffaa2b9272128a59130ecc1cb37316a005686a43ba182cff046837521
UHJvZHVjdDozNDgy,2025-11-23 05:00:57.197,pro_S8Xa9KskDU5U9rnYqg4V58,QXBwOjE=,c51360d117658148cde5ba58216808272c1b58ea70412d84072d650e5f212615
UHJvZHVjdDozNDgz,2024-07-23 15:47:19.899,pro_XGhkM1oLLRqx2ishPBQ3pi,QXBwOjE=,22b957459176ae294a37704f7bbeaf544f9066ff3df73a60af817c240b3af27d
UHJvZHVjdDozNDI=,2025-12-07 05:00:41.533,pro_2ay2UukEFFDVxRx1s7cKfZ,QXBwOjE=,331d4b931ddd7f4f6f49b4ec18eb3b73a2baf74aaf1bfc8152dbf8d22c71f407
UHJvZHVjdDozNDI0,2024-07-23 15:46:14.073,pro_RSfdvHgc8Nz5b4Dn7VW7D3,QXBwOjE=,cb2d958ef73288eba8503693d35fc0e05099743c038aeb7f704cb535c1864e56
UHJvZHVjdDozNDI1,2024-07-23 15:46:48.280,pro_HJ5PFTmBjsE5kHTYCV6TDZ,QXBwOjE=,a35bcc067a4b50ffbe68fcb3d50c5452296da93ac3ec80cc4555025f96860c76
UHJvZHVjdDozNDI2,2024-07-23 15:46:01.396,pro_3eCLdnTn64RUxrvw2LT7hf,QXBwOjE=,8b359119f225e803293ee203dc6909c1aa7a689495873d9444be9d7dc089cbb4
UHJvZHVjdDozNDI3,2024-07-23 15:46:00.286,pro_MMNNaGaCsi3ezSPbyicyde,QXBwOjE=,d579865005ca2ee4ee63272f724bfc572a43198fa51ac794dea03278ac19cf3e
UHJvZHVjdDozNDI4,2024-07-23 15:46:00.202,pro_Q6WDv5wU7urujGmxg3TsDP,QXBwOjE=,e51432a366a477ac43084ae6d83928e181529f52ee58bbb55754cd8813d1d075
UHJvZHVjdDozNDI5,2024-07-23 15:46:33.085,pro_4cCQ47Ym44QzDrfJJchTj9,QXBwOjE=,471fe85a87e869b5a5f02d944974cb99ae02043e7d844059a75cfafbb26d39fd
UHJvZHVjdDozNDIw,2024-07-23 15:47:34.386,pro_CXCLmq55oPAxUxVznqW2my,QXBwOjE=,22b1b27c59f05345f9164da21bc84920c32ea0ee24a2b491cd5c92a530a3c949
UHJvZHVjdDozNDIx,2024-07-23 15:46:24.700,pro_DbdeWmJ7qraVr3qEth8Lof,QXBwOjE=,9c41f59a13e56110bcef7a2cf150b6eb9ef1e47932d0d6b0e0a2f193a97d4ee2
UHJvZHVjdDozNDIy,2024-07-23 15:46:25.788,pro_J1Y24MfRr7nH3vRJ5ugnfc,QXBwOjE=,bb3092ec596b4304f58061302110f58c946ba3cea886b4993ff8cedb3be06c51
UHJvZHVjdDozNDIz,2024-07-23 15:47:34.088,pro_RnxCNyF4LYdpKCET9g3poU,QXBwOjE=,9f59adac534e1a6962598d1859de4fbf37c3a17185a26aa39670a52ded532dc2
UHJvZHVjdDozNDk=,2025-12-22 01:05:09.894,pro_3D6zs9N1nk4AocsXZuiGHT,QXBwOjE=,8327a44778310ccbdc65c9784e466bfd29098b04ac89ccc466145584850a3af7
UHJvZHVjdDozNDM=,2025-12-22 01:05:10.681,pro_RV9umXvkXHD5WEUuis2T8,QXBwOjE=,26a11d5b642277b7bcff7cbe5aebc3c9ba21d6b65389425aeff2c40b0058212d
UHJvZHVjdDozNDM0,2024-07-23 15:46:21.310,pro_TzNdLNpuP1kz8zD7JmmUcs,QXBwOjE=,adb71e0612401e4e7c0db814bc58be0ccc933b093396d24f670491d8142e3df7
UHJvZHVjdDozNDM1,2024-07-23 15:46:25.899,pro_N6yNqhHz2kn1rRA2ccZdt8,QXBwOjE=,fba1cbf204cc8973be3b3e63593627dd69af9827bfa5d6f4b4cda1c858572c17
UHJvZHVjdDozNDM2,2024-07-23 15:46:14.620,pro_Q1Lm91AGCSkH1iu7U2giBx,QXBwOjE=,d7726ab447483a5a3ea1f71fd157b9ab9aa9374108b4d541e7469346dd173a29
UHJvZHVjdDozNDM3,2024-07-23 15:46:36.632,pro_7VBCTRUHnH8CEUbWyezmqM,QXBwOjE=,629ab560837c102d5e75e40da94cc6f52990f393b6bb09b3c7f7152ab018eeb7
UHJvZHVjdDozNDM4,2024-07-23 15:46:19.363,pro_UU79Ey8cuJEg6cagm7Wus7,QXBwOjE=,c0c1b198915812ff1df1a48824bf5c882ebfe2855169bd390a6724c25fece527
UHJvZHVjdDozNDM5,2024-07-23 15:47:05.788,pro_K38WEnQJkTL3WFkx6YaHUy,QXBwOjE=,065d0a81585109e29feef2d78ad5933c21dc8fcc4c38afd01f1555a6de3befae
UHJvZHVjdDozNDMw,2024-07-23 15:47:20.181,pro_4eXTtjsR7SsvAgkZoX9zW4,QXBwOjE=,6c2ee7b52ed46fb69e6b7fb1bf4369cdfef24152049a7dc9158557d54032a373
UHJvZHVjdDozNDMx,2024-07-23 15:47:13.963,pro_8F3AgUnL3ZEPeoh6DagJfe,QXBwOjE=,c018a59d4d37e7f20d04fd064e8c9f53056babcf346b12c04e530fa52ce518c7
UHJvZHVjdDozNDMy,2024-07-23 15:46:38.915,pro_UFmkhgcEBiEk1spfohpQR7,QXBwOjE=,fd9bef4800943438190719338e3f775bc34e8228c6f8b5de737dbdf5305d55fe
UHJvZHVjdDozNDMz,2025-12-07 05:00:41.506,pro_RWuSqLzeFsVzweqRmQ8Zdx,QXBwOjE=,0a9602df7494308abe70c47aabf17beb499ba9d48214dd4a27ebf830761d8017
UHJvZHVjdDozNDQ=,2024-04-09 15:30:58.713,pro_2pHT4cEGFSbEcTK3eJu74d,QXBwOjE=,b198697e5ae81247e844dfb89a75ac662e94cb80539e55f76e75e17f309afe66
UHJvZHVjdDozNDQ0,2024-07-23 15:46:53.535,pro_HhVbvMY66xcXc8fRyE5jUV,QXBwOjE=,3c809eafbbe3035488f797363802198ce47da66641108795b1092f49aa9a00c7
UHJvZHVjdDozNDQ1,2024-07-23 15:46:29.248,pro_W1NjcdLxUbRTx4z4HssLc1,QXBwOjE=,25a4ae0f90c6c822976ab75a28d1c72dc44ff73902a805c106cfb6bd431e3904
UHJvZHVjdDozNDQ2,2024-07-23 15:46:14.155,pro_73wiEmk6Lo32zK87uobtC4,QXBwOjE=,3cdfbe11ddec86d1290ff636613bfa700d88fe657fb0fd3caba3cb1884e6d6a6
UHJvZHVjdDozNDQ3,2024-07-23 15:47:13.096,pro_A2xMHJF5xb1MQfY8DpgJze,QXBwOjE=,94cfca3e6f5003a3f77edbfdce864990d6f8c204d85ab5e759b35be7cb2bcd44
UHJvZHVjdDozNDQ4,2024-07-23 15:47:13.172,pro_ECN8LZJHYQ1Lo5GSn1yC41,QXBwOjE=,7072bd79f697ebde275e1bb3a717ec002f16026c30bc6a6debe16414ad386ffe
UHJvZHVjdDozNDQ5,2024-07-23 15:47:13.300,pro_GQ5f7iDqkCRLsrNcncHYkD,QXBwOjE=,592d0af44b12b82d1e620c225dad75b46c31acc86e9f6404ee635a8c9c88bebd
UHJvZHVjdDozNDQw,2024-07-23 15:45:56.760,pro_FsdpcGM6GkArVdDLv3UAz8,QXBwOjE=,55dae46c658ee706036633828526556578ff3b3086da67434e4563601993cc9f
UHJvZHVjdDozNDQx,2024-07-23 15:47:34.282,pro_MzTyX3X4c4qAmjvW418waB,QXBwOjE=,95ffd16eb411e27497294b71dfd701e5bf35de5586125037036fe336aedfdafb
UHJvZHVjdDozNDQy,2024-07-23 15:46:20.723,pro_QwiQg4z14xSBPuNXLY3Pyv,QXBwOjE=,527e1b528731de79bbb98e877b7503d49b96678935603ead871414c2d4501f5a
UHJvZHVjdDozNDQz,2025-11-23 05:01:32.229,pro_JJbAgMg7yMAoMQWtJkzjfd,QXBwOjE=,9355ca7c0d2b3476207c061f68a0506518729544da020d08c7f4b82b82f9e610
UHJvZHVjdDozNDU=,2025-11-23 05:02:36.489,pro_UMjngAiiBGv54kjf4kbnCG,QXBwOjE=,1c2e3affdb2e9ca0b0228f609ce6a6ff040b0e4dba63efc5d0ba566960faa2b7
UHJvZHVjdDozNDU0,2024-07-23 15:47:34.662,pro_QYMWCPVxk9ueJ7CbWQJV1G,QXBwOjE=,82c040c31593beb2091a48133e433612f27a2fa4fe2efc76a417d5501b32faec
UHJvZHVjdDozNDU1,2024-07-23 15:46:54.027,pro_8Z5SXqxJAkKKtVJZriXLoK,QXBwOjE=,6315e42acd683696ec1dc7958a04324095b75b68ef6a345172e02a56baa4aa29
UHJvZHVjdDozNDU2,2024-07-23 15:46:06.358,pro_9uTmNhvnTfoKBdXJqd4Df5,QXBwOjE=,a0a1d84ad4d53b0f17dc9f8279181f34045a8dad4c68ce74b3f27d84a3ca2188
UHJvZHVjdDozNDU3,2025-12-09 16:54:19.011,pro_JkjiJRtdwH8Vm2fctkA4kY,QXBwOjE=,c3da0271bfe4543e97e3de508799219003b7a35e73553ec48880effc9f072320
UHJvZHVjdDozNDU4,2025-12-01 13:00:34.126,pro_MpPEBCVzLsDLG1ZF3wqg9J,QXBwOjE=,fe9bc9d427a9eae6457a5fb2901763d2452249b84099e93fa1e00e46eb278c3e
UHJvZHVjdDozNDU5,2024-07-23 15:47:25.291,pro_DywsgKF6W5TuoaKDZrB3yo,QXBwOjE=,0c12f8c32e427911d5cfe9e0684201845ac8ec3c97a2bd0be3f9bc64b27fde0d
UHJvZHVjdDozNDUw,2024-07-23 15:47:12.674,pro_MsEQpeRz6SCWGuofW8cVyq,QXBwOjE=,27a3ee02c278569a7750ac0aaee0f00b05796f8bbff009f2aadfc66e4bf335f6
UHJvZHVjdDozNDUx,2024-07-23 15:47:05.596,pro_N31ZA6KTAVTP4y1ALJKeoR,QXBwOjE=,442486ef7e278d8f01175e944372c2e3141cda07002a84091205b986dc4f555f
UHJvZHVjdDozNDUy,2024-07-23 15:47:34.568,pro_Q6MhJ9PUwKbTFABKi1WN2V,QXBwOjE=,c9b628a0c459cfcf0a0ec4e4e12b08ba514b952a41cef72bd82ff9732b129b8b
UHJvZHVjdDozNDUz,2024-07-23 15:47:12.946,pro_QJ8h6AuHno18rqzMnYgJiW,QXBwOjE=,d17e77a894de78f218a6accbc0cefa920d46fae2df8b3d733c0eedb952891604
UHJvZHVjdDozNDY=,2025-11-23 05:01:41.139,pro_Y8d3SkGFZyiTa7m68TrpLk,QXBwOjE=,e0eee5fd935b01331ded184c1f4350fbb0c977205ead6153b979d96027d956e7
UHJvZHVjdDozNDY0,2024-07-23 15:46:48.738,pro_UjTQcVdmytgSUgS77QJvjn,QXBwOjE=,433848a4e93fdda5f93a18010917b44396a3ae7faf12961cc6fc4fb844133e6c
UHJvZHVjdDozNDY1,2024-07-23 15:46:49.160,pro_Xi9Jiv25rJNxz6DcttUEdm,QXBwOjE=,0cfc6a9d66d0adacfa345d6a8f9fde3ed05b041bce280693830a580db3b3b126
UHJvZHVjdDozNDY2,2024-07-23 15:46:48.923,pro_YamLxbw1DsL6axuMzetbA4,QXBwOjE=,d035eb57891e9880fc4a714b94c77ac1e26f08302faa67896cfce30a5e216bd4
UHJvZHVjdDozNDY3,2024-07-23 15:46:11.216,pro_9sZt5VD4oNbuuPryBmJJRr,QXBwOjE=,6992c704a091af966e1dd24b9f6c472524918697b0dc6389fd90fd6ea8394fa9
UHJvZHVjdDozNDY4,2024-07-23 15:47:04.344,pro_Fs9vo9SZVFtULpw28W8LUM,QXBwOjE=,81d49af69e76cee269fc0817833aa29c93626db808eed6752d1a719391cff3c3
UHJvZHVjdDozNDY5,2024-07-23 15:47:17.205,pro_9qV5NkwiskoiRY5rcyXQGs,QXBwOjE=,3028986e1d55be3d825b6877978a832e94ad80252af99594b37b46b46b33fda5
UHJvZHVjdDozNDYw,2024-07-23 15:46:48.382,pro_Jjc2PsxvJ4BhuVBevw83Mw,QXBwOjE=,258e80dc67f72b9c071be6be15685b2ccd3fa94834859cd4309e3f2bdc60f6cc
UHJvZHVjdDozNDYx,2024-07-23 15:46:54.222,pro_Jsf4oFvRXD6iKY86y8vTJg,QXBwOjE=,6c34fe64d451276fa6d8f69ba36d9c21aa60137c5b7da697dc9b71702ea0f7c0
UHJvZHVjdDozNDYy,2024-07-23 15:46:54.310,pro_SnNc8qLgauYkTJ4AhVQ7bB,QXBwOjE=,91ce6e44129c40fb95030c3354da2328b665cd34d47895857f3c5f714a2137fa
UHJvZHVjdDozNDYz,2024-07-23 15:46:54.431,pro_TfEwG57ibjc3ys3UaxiZwj,QXBwOjE=,dd8cd9bd6d1f6e5e4a3d297d6e27e5417b548aed5529a898805356056bbb23bd
UHJvZHVjdDozNg==,2024-04-09 16:32:20.444,pro_G1epbZeM9LuntzoNzUGYwK,QXBwOjE=,92cfbd3be6a5bf4c3d02a85d93a31afe8fea4c4c302ed7751fbaf9f4b2917521
UHJvZHVjdDozNjA=,2025-12-22 01:05:11.528,pro_B3pbPUy5aNTdtMtwK4XhKC,QXBwOjE=,82127da3157a9ab889236c6e20468be2396fb1303b88f4e5d8bc125d1ab0be8f
UHJvZHVjdDozNjA0,2024-08-16 15:19:07.170,pro_44KgkDjwCxxaYneuuQrXkR,QXBwOjE=,2d16bcac089a50582246ffc2736a3ab206ca0e476c598cde4ed0ca47c9f0f64b
UHJvZHVjdDozNjA1,2024-08-16 15:18:44.644,pro_ASLkafmURvr2uRGA52YtGk,QXBwOjE=,b88e81a497672afa306341654c4c19c56e370aee8e922c2c59814e434f0056b2
UHJvZHVjdDozNjAw,2024-08-16 15:05:05.479,pro_BzUjH3YFzZ79XiuWjsR1FM,QXBwOjE=,977403f9c2e944259d6e10a29844ce9f635dfe509f7370dc6b15f2b9c8933928
UHJvZHVjdDozNjAx,2024-08-16 15:19:07.058,pro_Rc3qUjoLHKPWXdBbBBhioR,QXBwOjE=,5b30b039a6afd0f17e0b640fd11fa3d983df85a88fcdc336bd9c675f71b605af
UHJvZHVjdDozNjAy,2024-08-16 15:20:03.927,pro_SsKaLFRk6XvJkASMgpqmpS,QXBwOjE=,a75cff6479727246455adb9f0e2509556ba456386efa4e884fe38f754f3090da
UHJvZHVjdDozNjAz,2024-08-16 15:04:06.064,pro_jtL7L4wqp61NznzUpY76W,QXBwOjE=,c534b5b78af4ab794d85ef72d1874ebcf0aa3f2c50e9f64f2288de88f9e1815a
UHJvZHVjdDozNjc=,2025-12-22 01:05:12.301,pro_V171oaoJh9bDHti8Bia5wQ,QXBwOjE=,6ee59de6a745818471cdfca0b5b38ad8a1c6e4a9e715a677dbbab2859a0aface
UHJvZHVjdDozNjcy,2025-11-30 05:03:24.001,pro_QTdpM21Ax3nwdDatbQG2Mx,QXBwOjE=,0a733a3137be55b12d592b0489b0862551a3148253b646ed6fd95de2acaad165
UHJvZHVjdDozNjE=,2025-12-22 01:05:12.984,pro_4ziqAb8kWgr1PPc16NjzeN,QXBwOjE=,635b0fd680008f0ee14a82f4b51f46f08b93b0feb42e027a6374877611e1643a
UHJvZHVjdDozNjI=,2025-11-23 05:01:28.527,pro_9B13u3ryLnGRefxjQJf1m3,QXBwOjE=,e2ae793315cc352e86c0b2d0767a27db1a3dfeabb775569368fcc79174ea72da
UHJvZHVjdDozNjk=,2025-12-22 01:05:13.821,pro_Q1uZ2rsjtqasHst4qfcbpw,QXBwOjE=,32bfeb6b1a178e446116dd6bab6f63c67d4b35cfa1059ee6a044d171e94da48f
UHJvZHVjdDozNjM=,2025-11-30 05:03:10.863,pro_DpLo5orZoNEfCv2V9h42UE,QXBwOjE=,b74697daefba2c3f3eeacc28e3b3e1ce4bbee77443e955924c4aa9f0a93ba00e
UHJvZHVjdDozNjM4,2025-11-30 05:03:13.321,pro_9FpbWYy8WSQER6VYXtkucr,QXBwOjE=,a54c0b3517abf5cea44ca0e5901322898c32d7b9e6c3841fd868795f993f09fe
UHJvZHVjdDozNjM5,2025-12-22 01:05:14.455,pro_CHX9geN97ZW6UjyA8hhZB9,QXBwOjE=,2b1da61ef63cb52353e8d00bb920b7ad4886ea9a11ad58467e6b93bc4d0e31e2
UHJvZHVjdDozNjQ=,2025-12-22 01:05:15.048,pro_CxBe8FxqDnDNzw651Hiu1W,QXBwOjE=,73ada88ff7342d39d3263ef2ea489be2648434da0ea4188cc9b9e75242beba3b
UHJvZHVjdDozNjU=,2025-11-30 05:03:08.034,pro_PTaYSoAiFATpHeXnPY9yqk,QXBwOjE=,d45a3295f45196b57db1257466f5b07cef628ec01295d6726424ec889993979a
UHJvZHVjdDozNjY=,2025-11-23 05:02:42.702,pro_FJbFnkZmYfWabcLopooHaB,QXBwOjE=,795e2757e1ba940386841b283e669d0cb0abf51fabb24dccd70230c3e1fa1c52
UHJvZHVjdDozNQ==,2024-04-09 16:37:19.709,pro_Fo1TJWafMBosXERgftQXi1,QXBwOjE=,df7348f0a68a6b6d41f450c00811682d9bb6d258ab532798b4b7cc876363e8e4
UHJvZHVjdDozNTA=,2025-12-22 01:05:15.597,pro_HSDVbLQSyyRHzQHhZzC7LS,QXBwOjE=,c98b2d52a392630ab0f02856f4f5b27f9f588ede073c117eab2224a7b86345d0
UHJvZHVjdDozNTc=,2025-12-22 01:05:16.238,pro_33RpS9uZvyPgSjtLTmDT5N,QXBwOjE=,dff43bee8e8f6e9724701301ba5cbbc6886f99d578b33d09edd2cf9e031ec399
UHJvZHVjdDozNTc0,2024-08-16 15:04:09.806,pro_W8433mdvn7k5fZFusSGvye,QXBwOjE=,f74fa130671633a4cb1718b94d2803b8b8c085a2e0b5831a10848451da427642
UHJvZHVjdDozNTc1,2024-08-16 15:05:05.610,pro_HRRHNJb3W1yeaRdgDaYcAq,QXBwOjE=,173dcbbc0d6a8cecf77295903baa7c49726d2b69433eb6ca31f0b543a8c4533b
UHJvZHVjdDozNTc2,2024-08-16 15:20:03.320,pro_DwsmkftwWhkAAby7V8yzQ7,QXBwOjE=,9fcd4dd9585e2701245d7e9f6482db58435f576691b7da15609a6009e6a5f872
UHJvZHVjdDozNTc3,2024-08-16 15:04:12.120,pro_A1ZAUufhxp2n3HyLmWYtJN,QXBwOjE=,12773efb01fc29f3339950ce3424a5f6ef06660ba6c8bdf0c6c65b3bfa2ecdc5
UHJvZHVjdDozNTc4,2024-08-16 15:04:45.536,pro_2C2BT4vsak6K23zVFGB4EH,QXBwOjE=,d1262fcd04f10513b094796d72b0a1720f37536d2ea4bf732e69913783268827
UHJvZHVjdDozNTc5,2024-08-16 15:18:55.229,pro_2dUsVYff3x8mz1VYSrVwco,QXBwOjE=,d0c954fb2b702fd22c7de5bd23a23631fa99b5ab186ca1e577e7cc380e21f961
UHJvZHVjdDozNTcw,2024-08-16 15:19:29.519,pro_Ku6Umgp8j3wViEuqiJfEJc,QXBwOjE=,97923905181c6458414331cac6d1c3d6ea367630220276c85c036e734c897d0c
UHJvZHVjdDozNTcx,2024-08-16 15:03:51.297,pro_4KSArJazNc47X45Q5dnxY6,QXBwOjE=,b61a3e860be1f8935bb5b3cab0945ecfa682dadead6cc0e29187995068418e4b
UHJvZHVjdDozNTcy,2024-08-16 15:04:04.285,pro_6QV9SJWSaWGXvSAREu656a,QXBwOjE=,c5ceec8254122afb83aada8fb069e51a8f4c7e44e6529bc8d02075da11bcc125
UHJvZHVjdDozNTcz,2024-08-16 15:05:05.193,pro_MG2zSSSw6vT7NUATbsUJ1w,QXBwOjE=,21d242d03e6d73e3f66ffd91a86f478fdea9b3b00d2d9ed9a511ca2134a0500a
UHJvZHVjdDozNTE=,2025-12-22 01:05:16.966,pro_Mys95GSNhLUmkYFi7fSneY,QXBwOjE=,53e177bbcec445710251c4a3870d9d9b063bfd1c0a002b27ca3297f1740ec364
UHJvZHVjdDozNTE5,2024-08-16 13:49:49.548,pro_KQb3GHjTDcjwR35XX6oA69,QXBwOjE=,1453ee308faba82e24ec1b6f9dc285379036d9c2a7187255fe10f0f2f19cd302
UHJvZHVjdDozNTg=,2025-11-30 05:03:18.074,pro_HHR9Kn62oy5wBpSjKPq3Z8,QXBwOjE=,31f42f643c3faaf710136479c7a0c16c1b7818ad592ade400217d330565ff68d
UHJvZHVjdDozNTg0,2024-08-16 15:04:45.790,pro_RbqK1FNv7r9RW3sLVXGP3u,QXBwOjE=,25f1adc6a9c7e60e09e4fbe4c236d836666460682ccc8a5533551346b0c4ea81
UHJvZHVjdDozNTg1,2024-08-16 15:03:58.819,pro_S3h32ys8Y65S9rGML7Lbyn,QXBwOjE=,d8899e843e57b57695502b6a0cf86b2e413f7cd00cbb69d217a726a5ab32bfc6
UHJvZHVjdDozNTg2,2024-08-16 15:05:02.512,pro_SyexpFqTXK9RzVNoHjAndX,QXBwOjE=,44041fe9511be6df89eefd99f740da8f0b11d74a57be8d1791f25732169555d9
UHJvZHVjdDozNTg3,2024-08-16 15:04:46.333,pro_UFqehKaD5zgo5uU5byVb6,QXBwOjE=,7cf4c62022ac232d1b006d2b59c2cdd227b34e557df2c317df6cb161f049f234
UHJvZHVjdDozNTg4,2024-08-16 15:19:45.375,pro_WhfdPHDmCyzLvqsXyuiMUp,QXBwOjE=,7386b30b8c1698d88fc92d6ded100320214035b085f6131f490d5abda38bc5d1
UHJvZHVjdDozNTg5,2024-08-16 15:03:59.298,pro_Xs5M2bxe7fiK6VmrwAFqmA,QXBwOjE=,7745df972b859e9bdc09286fe0572352bde6b3c0ef0fb6bbf6e800ee559b784c
UHJvZHVjdDozNTgw,2024-08-16 15:04:46.091,pro_5yRYHbwRULQN1KYwMvcxoo,QXBwOjE=,6db9b16f957fbc7c155de6982655044ff003021b2a5347762c3073d66dc34491
UHJvZHVjdDozNTgx,2024-08-16 15:04:46.422,pro_9BvDxghXAJ2oFSRCykaYye,QXBwOjE=,952365ee739ea2ccf0c66b7fa693f1fe0cbf9433e75b9cd502a102867faf67e4
UHJvZHVjdDozNTgy,2024-08-16 15:05:02.421,pro_AXMNJvEPeqwjTYwJt4kNEe,QXBwOjE=,14aaaf559be9c92d161aeb2deb37f36864456501b7c22d1ebed8474d41f58397
UHJvZHVjdDozNTgz,2024-08-16 15:05:02.333,pro_FKzyjWQXigAbWoPNRLaPme,QXBwOjE=,4e1068a7aac243b0a6a18a5d08c36c874754653e14ff67dc8608ce9e2ad3162b
UHJvZHVjdDozNTI=,2025-12-07 05:00:59.253,pro_XZjz51L8bE5iCfhLoe45bz,QXBwOjE=,3394a64ebe660e96167d7ba450afef5bc26e397a8b2c2d16ac6cf15c2e7bedb0
UHJvZHVjdDozNTI0,2024-08-16 14:05:08.440,pro_VRQoL9ebHUJqbMfrcVL1fR,QXBwOjE=,cf45aec47ef27af1a607ba2b116f5f1e5a64ec50d04ba67322b7fead258aaaf4
UHJvZHVjdDozNTI1,2024-08-16 14:04:47.677,pro_UfkVWixEA6fLyN1F4N1FaQ,QXBwOjE=,020933bed9d8cad4b4d243690c701bb9c19422788741e75ad125b5015daa79de
UHJvZHVjdDozNTI2,2024-08-16 14:04:01.895,pro_Vihhy2wvTcynvDAkUFiJPk,QXBwOjE=,79222f333e0e42e426bfd8ce95d52a01c3eec0569b311b05e1e178e350549e2d
UHJvZHVjdDozNTI3,2024-08-16 14:04:46.418,pro_A2grnJxFFer5dfSqwfxsXn,QXBwOjE=,d3b5e63047cc391b6c5a96359d59191208909be30032eb97f50f62836c2e2860
UHJvZHVjdDozNTI4,2025-11-23 05:01:58.756,pro_C6Dd3qJ5EJjoFcBEPpmma2,QXBwOjE=,9273fa3bc7adf2ff7a594008ae3ac886b4391f2e11db8bb307a8314141b54523
UHJvZHVjdDozNTI5,2024-08-16 14:33:56.571,pro_WLodSAxHL6W4y8n1BCpor1,QXBwOjE=,0545494f5465ebe96378f18404408b15d32bba8fd1945c1fedac20464002bdaf
UHJvZHVjdDozNTIw,2025-11-23 05:02:50.229,pro_FPbP46fAVuMnzLgtgDmfNj,QXBwOjE=,04f224ccbf1d30fdf0c39b8478719f6432be2b752f590f2e6f23b4bf582ec621
UHJvZHVjdDozNTIx,2024-08-16 14:05:08.523,pro_2Qn6aqK1CUdubooqSw9vvv,QXBwOjE=,624729c1450419657a7d952a21d4ee0ff72316236b91b62c05ed9232e0413a2f
UHJvZHVjdDozNTIy,2024-08-16 14:05:08.622,pro_9FZ3cguvGBRwCHANr7P4KX,QXBwOjE=,2faa731cc3dd3f39eeb6a2dd074e6c2fe52fe4af640dac308fe1ce82325cddaa
UHJvZHVjdDozNTIz,2024-08-16 14:05:08.714,pro_M4kxjHDwzS5xBNjyAQ48u3,QXBwOjE=,964efe4579261405f9424b44805afb87bc43aead72d20231456d396ae20ef919
UHJvZHVjdDozNTk=,2025-11-23 05:01:42.392,pro_DdQA5Sdg1Ae8G4qWKMsU41,QXBwOjE=,3f514e9732f059b7aaef53755741e2e7ed0847a46de97e9b64c33a9750287dd4
UHJvZHVjdDozNTk0,2024-08-16 15:04:39.749,pro_2UojFP4KU5LZAGePqdPjwS,QXBwOjE=,bd821ffdef797f32e7d548988e90a2cd7a09cc2c6b98ba0ae893f45fc5e989ab
UHJvZHVjdDozNTk1,2025-11-30 05:03:08.734,pro_2PBnBF7FsrjVtsPMZyB7L4,QXBwOjE=,3b3d84e4bf0027d913fc0cc02621ab0261743c5d8ca5844254f9b19367aee166
UHJvZHVjdDozNTk2,2024-08-16 15:19:47.053,pro_7DJeB52b1oRFAF9v6kL85Q,QXBwOjE=,bf42234c0d2763f0ad34dae503e19e2ce5b63c98f6c402ab69d8165eca6c022c
UHJvZHVjdDozNTk3,2024-08-16 15:04:48.148,pro_7TkAbspiZM4j3TnikfZFbW,QXBwOjE=,498b896275937db09db9b8f41f493088e3135d21d187d2046abd932629af40eb
UHJvZHVjdDozNTk4,2024-08-16 15:05:04.992,pro_9Mt1H6Dj7xSYvpkvBfMSvU,QXBwOjE=,3151f582776c785116d7bf102d2bebec14d80ee0ae2d37922706da966e7cb8eb
UHJvZHVjdDozNTk5,2024-08-16 15:04:47.895,pro_BgvUWR8AWRHVnGThcRRJj6,QXBwOjE=,cbcad32711aaf2230e9388754aba1e1161d3daa365a2e3269f030eafb834bbcf
UHJvZHVjdDozNTkw,2024-08-16 15:05:02.161,pro_YUUsotRfSTQzgN9AcgP1mo,QXBwOjE=,739cb4e210724f5cca7322aadb37bf380365c99ecb0ea16433e2fbdf52d607ba
UHJvZHVjdDozNTkx,2024-08-16 15:05:05.739,pro_2VQJWt7fDn1vq8KLCqVEsb,QXBwOjE=,a03adad95868b19916b13be230e19fd1471af56a3582469970e25012d0b3f1d8
UHJvZHVjdDozNTky,2024-08-16 15:19:01.094,pro_VhowL98LXVCiBNcnpUeP6M,QXBwOjE=,27c3963b7c5e149e4cd6c7ab6d24e1aaf767295568b83e8ad63796af9d18fb80
UHJvZHVjdDozNTkz,2024-08-16 15:19:01.428,pro_HSgyBPpyCBGh4VKta3B6BD,QXBwOjE=,f96115fb3d6f0b646b46bfeb01d5b13141054bd96c9384cd51ce24fcc1ec2abd
UHJvZHVjdDozNTM=,2025-12-07 05:00:58.907,pro_XoucJfvS6JGJhEMX5hHfYR,QXBwOjE=,e44928a3c7520ae4ff2d22e7dd80688205a4c35efc9c2f55ce60d3377525750e
UHJvZHVjdDozNTM0,2024-08-16 14:49:47.014,pro_6iwuyHZzREskgpEpsj9aYd,QXBwOjE=,07bc38b60349e7867f66ef7f216fd73ac47a692e6da65c84cb132198ffe0422d
UHJvZHVjdDozNTM1,2024-08-16 14:34:40.202,pro_7DVX9QgGcSpTX53Cq4VvKp,QXBwOjE=,a032aad2ee06e3ecfb57c4fc41cc0ab9f77f1ce46bd266cb349f6540cb161b6e
UHJvZHVjdDozNTM2,2024-08-16 14:49:45.275,pro_87w4JVgk8CNHofDCxMiyz9,QXBwOjE=,27c2762c94c09fbc32b5b490ae391cdc1990347710897cc0c58757aefe52c912
UHJvZHVjdDozNTM3,2024-08-16 14:34:56.195,pro_8AhfjzpX47gyUVeC4wAQYR,QXBwOjE=,45e8d0e2c5a7246be3dc99a1b038ab0cb96078d3ca662376799bb9251422c32a
UHJvZHVjdDozNTM4,2024-08-16 14:49:46.202,pro_8AUpoioDeU32oCwPSqFxWx,QXBwOjE=,638dded0b499177e799f2b5e33548652759602224ee6d994fb8c43e3635c8dd0
UHJvZHVjdDozNTM5,2024-08-16 14:49:46.009,pro_DTBnogyNVSNWcdyBZTqXzD,QXBwOjE=,c1c693c2a1247824e047e623f964bae191b0fa08dd650110bc3c2885057bbfaf
UHJvZHVjdDozNTMw,2024-08-16 14:48:50.626,pro_565Yxpe9hS9MUkmXQJq7rq,QXBwOjE=,6977e9d11f90f9ff7eec12d0cff565ae2ba5a95180c54264c7bdaff7c7761c22
UHJvZHVjdDozNTMx,2024-08-16 14:49:55.929,pro_PV9RwwtwfFRHfHQapHy5AB,QXBwOjE=,18aa23b4513067804badf13a01d0df9dd6a9f39fb3609b2f158c32f490fa97ad
UHJvZHVjdDozNTMy,2024-08-16 14:34:40.493,pro_2GxTiRwfJwpjtxQ15tUVtn,QXBwOjE=,093b4c8a103bbd327fa0f00c71bd5295655496a4a7452f90e6121fc6f5edcde2
UHJvZHVjdDozNTMz,2024-08-16 14:34:40.609,pro_5FjNi9M38bYmcCdbCri6h1,QXBwOjE=,8c483871c9a2c32407bee4bc744166e7307069664bc84fe3339f7c98e5d882d7
UHJvZHVjdDozNTQ=,2025-12-22 01:05:17.758,pro_PWBRZTDxG3soBAaBDUTQGw,QXBwOjE=,76cd96371fea72f85c527984a39742fcf09c916ed4cc094a7ddae6804eac0f6c
UHJvZHVjdDozNTQ0,2024-08-16 14:49:46.450,pro_Lfswvh3uC7TZY7BcdFF1cq,QXBwOjE=,80e91e5438eb2872e02c59987b9f35cec74a89118f13657903a976e13baf8d02
UHJvZHVjdDozNTQ1,2024-08-16 14:49:46.555,pro_M9CZVmwq4n2MDM41kaLXhb,QXBwOjE=,a8f782f7fb75b33ff1376d10450a611d3181921cf275557024fcd34cff9fadb4
UHJvZHVjdDozNTQ2,2024-08-16 14:34:40.114,pro_MCLz5aGrjpeHxwJHM6tddY,QXBwOjE=,7712fb68d2cb9c520e47be3212968c81a86eb4b4c01f1e1d4cf250ef9c3ca3c2
UHJvZHVjdDozNTQ3,2024-08-16 14:49:46.895,pro_NnGVGwmds6AFC8FotXkrUm,QXBwOjE=,282e1b066da4b1919de2174014165e684d42a782e0556f1127e3af1e3347f721
UHJvZHVjdDozNTQ4,2024-08-16 14:49:46.343,pro_Pst22FXkQmdonTR2xaCxtj,QXBwOjE=,0395c4285a5e13fc7cdf57dbfa1282247687cfeba3aea10ffe7716dd8bd22125
UHJvZHVjdDozNTQ5,2024-08-16 14:50:02.965,pro_QLAVKPeWy51xwigmm8ctaC,QXBwOjE=,cb5beea8a0f7ba40553196eb2bdeb522eb7aeda7f480d4b331f432427804420a
UHJvZHVjdDozNTQw,2024-08-16 14:49:45.549,pro_HFMG88xEhhKzhTm75U7naE,QXBwOjE=,4ee583ddf90553a16421b76703e6b90f505cb63e6624fdf940650d67f58a06da
UHJvZHVjdDozNTQx,2024-08-16 14:49:45.651,pro_HGeinSyyTvky4SXeYTZFwf,QXBwOjE=,437c0b04832edb4255f28ea964b28e938f727e9384f779c5a56ebbdd534c7c70
UHJvZHVjdDozNTQy,2024-08-16 14:34:40.700,pro_K7k87XQEW312dGGJNwuJz3,QXBwOjE=,1710ab01bc456578f504d5573ca3853f0ff3d58c71563662f69501e900ce6f2c
UHJvZHVjdDozNTQz,2024-08-16 14:34:40.022,pro_KekUVUwLWAzfNLEsF6bcUS,QXBwOjE=,386c865e820228c5a38c45450706cfdb99ee5997b467dbfa73e60e8c706cb063
UHJvZHVjdDozNTU=,2025-11-30 05:01:20.564,pro_Y8JAs1xW3on7zPvEyzvto8,QXBwOjE=,9db3c29ae96157e4ede279e04aba14f39166bcbdd8b7561ad49f8dd30c6aefcd
UHJvZHVjdDozNTU0,2024-08-16 14:49:45.905,pro_Wh8ve7HoFhioEsZKxSWf8N,QXBwOjE=,953023b2f646aaa01346acf511fc27037b7f70f16353dd84e66d37b57b501e36
UHJvZHVjdDozNTU1,2024-08-16 14:49:45.376,pro_WKqXYkFt1tWoZoKCujJGdW,QXBwOjE=,2f2d4d5741f79087073ef741461b5ecf953d41366b8eabeff4938822e679ce39
UHJvZHVjdDozNTU2,2024-08-16 14:49:46.736,pro_XRkpGhsAcFPuLXQQWeMrft,QXBwOjE=,68a907c354a5a3abb3fb649792eff80ab82b3d007366babe3e6e4d9f0a79865d
UHJvZHVjdDozNTU3,2024-08-16 14:34:40.295,pro_XryPMR38PUzQETQRp9Tb9B,QXBwOjE=,0adb9a37adee5f7a50990e187ad47104e056acf9d0eb07fe160da57fcf2e8209
UHJvZHVjdDozNTU4,2025-11-30 05:03:24.546,pro_LJknvduAP3tozgiAjjzaZN,QXBwOjE=,5b23d2b20dc87f7af5a11cbc016131bc8eb70c0a0664be90afb313cbd8724b46
UHJvZHVjdDozNTU5,2024-08-16 14:49:40.253,pro_QZG7T3mWpbDoFcoaJrZk38,QXBwOjE=,7dcad3242fbeaeffc6d9fe92feda11186e22de5da16e83b0d26bf167d06d95be
UHJvZHVjdDozNTUw,2024-08-16 14:33:54.561,pro_Qvk4WcfpQb3KmRKqUn247s,QXBwOjE=,a83a200279dc2a4768f7469bccc472176011cbb5445518353961c5f241c2232b
UHJvZHVjdDozNTUx,2024-08-16 14:50:03.352,pro_SC1UCeviEMfKT4oFqKkFJi,QXBwOjE=,da84a00a60672b12028a94ea18d89fddf89bb1bd8845b6001f563f7a1885acad
UHJvZHVjdDozNTUy,2024-08-16 14:50:03.155,pro_SZZdr4V4XFcVqnm1pRo9g6,QXBwOjE=,a32a8ba3487da47f61336a0303cbeab5aac3dd17e8ac9dd82479e48ce80f93c4
UHJvZHVjdDozNTUz,2024-08-16 14:34:40.388,pro_TV6HzrxwkHXfuo4jGxZ9HB,QXBwOjE=,cf3707b98719ec0472cd8d98fa33e01d61913345994a4308e8decdaaeadc2dad
UHJvZHVjdDozNTY=,2025-12-22 01:05:18.499,pro_YCkRXqGTQNWEgE9W6R9Diy,QXBwOjE=,169270a55b39b0d8e36c2c251e01a198158bdca1fe1b76c583474c88320d116f
UHJvZHVjdDozNTY0,2025-11-23 05:02:06.397,pro_SBSZyqShu9YyGrZ2PcVrTa,QXBwOjE=,3d9a7780796999b4da49be35e0f34a9f7804bf69da6c34b7ecc1bcb4b2f18c81
UHJvZHVjdDozNTY1,2024-08-16 14:34:45.474,pro_6cwvVUmdQyu4kkALDUGDqa,QXBwOjE=,2e1a6893804cc45c74997f425c5540d7600b38c020ddf44b9c9c9048bc70c8a2
UHJvZHVjdDozNTY2,2024-08-16 14:34:45.847,pro_93zxKG7zncstbwapfVytta,QXBwOjE=,6331e698be7e24480ee83ff9f9077678f74ccd5e77bd8310e29d72898c96f8c3
UHJvZHVjdDozNTY3,2025-11-23 05:02:00.863,pro_n4Q4Uj5TsAusEpbcMP3jR,QXBwOjE=,bd165900b494cd2e482856c54e26b135250824390422b7e42671e0e9a319b29a
UHJvZHVjdDozNTY4,2024-08-16 14:49:56.258,pro_S18pmG5yvcLgDqH6VF9jhc,QXBwOjE=,86f19d8edcca97c6f22186b932dd2c8b34205da3b3679081efd4b86c704344cd
UHJvZHVjdDozNTY5,2024-08-16 15:04:29.805,pro_EdqzTopRL52AGk1Xy9siV3,QXBwOjE=,f5f4fe78ed79afeb6701b63976c039a5ddc64062f22137c57c879930b657117e
UHJvZHVjdDozNTYw,2025-12-22 01:05:19.254,pro_LH3iwpsJcGT7H8sJTphbus,QXBwOjE=,9bf1ec54ee361f41c6acd558249c6d1088c6cc9f6288a1a1d6fe6f7f92284510
UHJvZHVjdDozNTYx,2024-08-16 14:34:34.510,pro_8AJn2iZuyz1nZEf2heT3fy,QXBwOjE=,efac62a7e681e83b91a5912411323c17850ab7e5f80bc99081445d08712a5858
UHJvZHVjdDozNTYy,2024-08-16 14:34:35.281,pro_FLaUX4cRvSs3Ao3yCFUvfA,QXBwOjE=,d616b423108a5cdf43ef6468462ec1d08222fc51b71ef590c80a60c260b557ca
UHJvZHVjdDozNTYz,2025-12-16 18:52:43.158,pro_51FBdz7bJu3HcRaVS2BaQG,QXBwOjE=,4c2c3208cc2c0180ab18ae94de78ff58f30534c35217872d0897969c41f0cd7a
UHJvZHVjdDozNw==,2025-12-22 01:05:19.950,pro_NE1ds44t6VnDobXcQ6Tc5V,QXBwOjE=,57ff0106f115966760aa4409d0dec972f195373554cec89fc6a8bd11c9406b65
UHJvZHVjdDozNzA=,2025-11-23 05:00:53.818,pro_2TSAo2cY52MJssi6nywnTK,QXBwOjE=,865e8d8c5bfbde5a9ad06d3385f013b14fcae62c5b0939cc22fbef41d3406f57
UHJvZHVjdDozNzA1,2025-11-30 05:02:27.973,pro_BQGYceUZUNWXo8pVgmJwXW,QXBwOjE=,d987555b7d3b43e78302891bc7f8ee1135693971eeffd470824e3c58f523cdf1
UHJvZHVjdDozNzA2,2024-12-06 16:18:22.244,pro_4qxTz1pugQTvVV4on4Qav,QXBwOjE=,21bfb6ea42f07f681b108e0d413e51d6d631c4d0d9258c2c1ab1f13b247a6a2b
UHJvZHVjdDozNzA3,2025-12-22 01:05:20.534,pro_C4WKanpdwehNrkxsdtnN8b,QXBwOjE=,0ebae7c0c0b991c0526abc3b44d4e88d6766993284820e7c9d197edac161bbf8
UHJvZHVjdDozNzA4,2025-11-30 05:02:27.142,pro_NWZHZbtkL4iCec4nJtpox5,QXBwOjE=,3f97ba0382a1eb51f7b2da4c1cc6831c2f1b81cdb5e5be6f5c5e951add98c63a
UHJvZHVjdDozNzA5,2025-12-16 18:53:02.559,pro_JiVqjW8GPYH1C9FegQqzAM,QXBwOjE=,08749a4bd86ef1ebaca0b16cae3bfe0a85813389b387307ae5d1a123acaa98c9
UHJvZHVjdDozNzc=,2025-12-22 01:05:21.269,pro_4VPPYoD1APvcYQugGLSrk8,QXBwOjE=,aa20c3c500ce9cac7beafb9b4eb402354baf3cd890ad3ea69117d24a748be702
UHJvZHVjdDozNzE=,2025-11-30 05:02:29.452,pro_8f3cKEExUnt6EeaKTZV5SV,QXBwOjE=,8aa79cdb0a00b8decf4264175690c376a9812f9be89c43745fab42ae60b8d032
UHJvZHVjdDozNzE0,2025-11-30 05:02:28.439,pro_2TYGRmgpkhEuzXK2Z7RXxR,QXBwOjE=,515fe68146d3e8dd1dd83e63eb5878016fb866a2a243606e206c21e9e85dd132
UHJvZHVjdDozNzE1,2025-11-30 05:01:49.699,pro_TCmkyAeLDTYJGXkRzvkC1v,QXBwOjE=,7a7a961f91c03fb74169347a17f7b8fe957c8506d5b7443178f10fa7c90e0b1a
UHJvZHVjdDozNzE2,2025-03-20 14:26:28.460,pro_PE6JQjbLK4HbRyfciokiyB,QXBwOjE=,c87153e805c6350b127aea04822501ff9561a7bbf3327dd84d271b2768fa5cf4
UHJvZHVjdDozNzE3,2025-03-20 16:52:59.486,pro_PfwM8bknfdtVi6FiAFt2PV,QXBwOjE=,2503956cca3df31a441cf14465933448727878303ef1778c0ce5d7f4076e753e
UHJvZHVjdDozNzE4,2025-11-30 05:01:52.439,pro_Y9cTn29cg7tt2dbaCXejTb,QXBwOjE=,ccdb9a88aa175ee405d580afdedf7eb7cc0ed9a64cc7181f37466dad579eb26b
UHJvZHVjdDozNzE5,2025-11-30 05:01:49.455,pro_5kMMiEvKz5XTbiGQNoAjZr,QXBwOjE=,17dd4effa1717d753e9c769632e8b6ec72c9cc05634b6475ad11cbdf23eac683
UHJvZHVjdDozNzEw,2025-12-22 01:05:21.929,pro_2VvEYnT25ijVUv5ctCEg45,QXBwOjE=,f1cf66c3c7cce2ad9a8c99901716edce73f455c802283692f9e2d167f7ba0364
UHJvZHVjdDozNzEx,2025-02-10 20:25:34.580,pro_23kJSxvoDQ2TK5QzkiuMEw,QXBwOjE=,c278a1e325af9e01ec9b5856f1fde087a4141251b4f04418d69767586b767be2
UHJvZHVjdDozNzEy,2025-02-10 20:25:34.165,pro_EbXErr3untuDPVmKSPXiPY,QXBwOjE=,a1b96d5ff3a04965248a5cae9710e9528a487525bf8779839556ca342ef48cc3
UHJvZHVjdDozNzEz,2025-02-10 20:36:17.345,pro_BMaBq3j1vgJioqqwuf3GC3,QXBwOjE=,a9a3c7766201634e663e6c9c0c7c70cc21809d64dcb3b9a13dfae03a9460590d
UHJvZHVjdDozNzg=,2025-12-22 01:05:22.596,pro_5SNsngMz64Dsf18cPCdgZc,QXBwOjE=,f55b74cf39c52bccdd5ca86d51c593bf24f5d0b2f75ec41b6a4f6da518c96481
UHJvZHVjdDozNzI=,2025-12-16 18:33:06.507,pro_KY2Rnr6LFCFfVXxP1uWsaA,QXBwOjE=,20ae2ceee27fba666664828bc0f6c9f852f7ffe4523ca66f1a20be6adb963f14
UHJvZHVjdDozNzI0,2025-11-30 05:01:07.026,pro_E5PwkkZiwMG6Zsw7VqQ9dF,QXBwOjE=,ae0e3ae6d3c039727f64017d3ab68a3b43ac8154e82d8fc55bc8f38055c6e235
UHJvZHVjdDozNzI1,2025-11-30 05:00:59.390,pro_QCt9eTTGMQm6PwcBew5TPE,QXBwOjE=,c60b4774eb8a6476d094e450bd3e6ede1c1ecb0c655fe418df34b18d72f45e0e
UHJvZHVjdDozNzI2,2025-11-30 05:01:07.020,pro_B4VhrcEHLaJkBEdt7EjoD3,QXBwOjE=,fe37fde324d5ec2975ee0facfb9c0aeed78b202c3d0a328199ef96413c779c2e
UHJvZHVjdDozNzI3,2025-11-30 05:01:09.757,pro_H3GGsktLH2K9ey1NgJ1dMM,QXBwOjE=,8febecb16bbb9446ef6889302d7d70708020ad2162836e14abf300852ed9c58f
UHJvZHVjdDozNzI4,2025-11-30 05:00:59.421,pro_J5tkLtEKy5pSrwxxaia79T,QXBwOjE=,d4d0308efbd2afc769934ea562af021055cc30f16d508605b7ed4992980e2d8f
UHJvZHVjdDozNzI5,2025-03-24 11:22:21.049,pro_Y8Kj7wwbQqveFKHHxd2Syx,QXBwOjE=,b15e3b0734429783ca6c3e5958a7191bae3f0c37e659fde09693bb09c026345f
UHJvZHVjdDozNzIw,2025-11-30 05:01:49.615,pro_Rb88tQhAgEWTmjN1KYz7jf,QXBwOjE=,3c8d3c8f9a2626d14b6ec452b3c7dbced6a65dbdbeca901da66b480f68a26e15
UHJvZHVjdDozNzIx,2025-12-16 18:53:22.857,pro_We7LXXsM43meB5EkvbT9rn,QXBwOjE=,ae7cef0e5d6a8ba685a5cf062b1056d93200d6811e72b5e8533c5e3fc5293bd4
UHJvZHVjdDozNzIy,2025-12-22 01:05:23.248,pro_W7sRxziPdoimVAvcrmmapD,QXBwOjE=,9b823600aad4b0939f64c87176fc767f60b72ccfb3e2db0c5269a406e129ce12
UHJvZHVjdDozNzIz,2025-11-30 05:01:05.222,pro_23jUF8ZzVcYxMrcZRbtkuu,QXBwOjE=,b3318df98b1611fcebe45e1ab5060ca0698090775f711e5d7fbf14e5b7eb0c83
UHJvZHVjdDozNzk=,2025-11-30 05:03:31.719,pro_QJPuxksbjY3mSXKpjxkmEM,QXBwOjE=,aaee65a3ae30234a12970be5adb60b1dde4233456b529a12d151e38524b6043b
UHJvZHVjdDozNzM=,2025-12-22 01:05:23.976,pro_BWLaWQbtzh9pE6d79T53L3,QXBwOjE=,a4ed15e68b71d13a72902f6de3a63403a68b0abec7168b4637a465ed57c94ad3
UHJvZHVjdDozNzM0,2025-11-23 05:02:40.294,pro_6C6Csw8Yb7tXF6FijLy3yF,QXBwOjE=,5127064678397d1fe5fc048ee6dd9416ff9306bc0a73b9c333088277ef5c6424
UHJvZHVjdDozNzM1,2025-11-23 05:02:39.446,pro_8wW3aw2FvrmxBSoxZevtx8,QXBwOjE=,1bdfa39e99fb5e6556fb7b1a252b1625b26f670864e72002186d3e0a0ba5f7f6
UHJvZHVjdDozNzM2,2025-11-23 05:02:39.973,pro_Rd1fEHVSdmhPPQm6CPy2Q4,QXBwOjE=,6aa8acb1970f151ec5dc382c354d33dff81460ff357462d906dca700e053747d
UHJvZHVjdDozNzM3,2025-11-23 05:02:38.899,pro_VneUDPBNRhAcyZ6PUKoYHr,QXBwOjE=,c1132bfeb0dce8af6fce92faa990ec8021dc7a34761f7d2cfb37edfa9dea0fde
UHJvZHVjdDozNzM4,2025-11-23 05:02:39.690,pro_ESQ69X4ioZS66zBqFT6sRr,QXBwOjE=,875298d3f1c7b599e060da3f693fb1e69019a2416ac753395e81a5c8b61951de
UHJvZHVjdDozNzM5,2025-03-25 10:23:10.894,pro_BFFkeR2cVC3rLqtcjZKnCZ,QXBwOjE=,bd8a79c241d135d13651252195cce7d0e6a9862cd8c80ec63d4986cd77d2567b
UHJvZHVjdDozNzMw,2025-03-24 11:43:39.300,pro_T9UNXxsXAbJt73n5BtV7d6,QXBwOjE=,3b1ee43be06e1fac6ecc63a536848e1e74587f65a62a3ce493e95a785f475155
UHJvZHVjdDozNzMx,2025-12-22 01:05:24.677,pro_J9kHov6m12oQ7G3uEESmUw,QXBwOjE=,3cf90a15f6139c61415e8d43ad28a3a2695a79d691c9f9f14518beedf395bb5f
UHJvZHVjdDozNzMy,2025-11-23 05:02:39.491,pro_3jJ7c83HuRYJ9XZpogJotB,QXBwOjE=,d7ebbeb7dd1799fa5d05543cc19fccb359e337732070ce7c6675a9fa5cb4643f
UHJvZHVjdDozNzMz,2025-11-30 05:03:31.284,pro_4bd7bf15FCXDu5bPdcnz5T,QXBwOjE=,4e4d2b0cbbbb68f57e9c3d859f100eb050fd631abcf9cbebb3e6e46eac440054
UHJvZHVjdDozNzQ=,2025-11-30 05:03:32.037,pro_5goQrp5HFmjSGCocX6AAkz,QXBwOjE=,40a768ce78f1ef589aec3875533f2ed3cde83055228fa67ab34873d94ad14f01
UHJvZHVjdDozNzQ0,2025-03-25 11:18:57.199,pro_UpBcuyP1N4RWFLDsBiBzTX,QXBwOjE=,253cd0de4cc7c87706d5fb1a7998b3eb459818e412fd66a1e8235753b4024ce1
UHJvZHVjdDozNzQ1,2025-03-25 11:13:35.697,pro_UwvmohmVjrNHTFFthiLQS4,QXBwOjE=,c21164d134902005e943b59e3c8d818bff12eb44d4037f086f152dbbfb47d247
UHJvZHVjdDozNzQ2,2025-03-25 11:38:29.284,pro_ML6cqvD754TvYDqWnAmvW3,QXBwOjE=,18280d1403972b816a279878d862ff4f2f74eb874ef4a64bc79e5f8fdab2aa72
UHJvZHVjdDozNzQ3,2025-03-25 11:43:46.896,pro_S69EQpLYau1hvpuX1RAuMu,QXBwOjE=,b71453506f35f2ff09a2529b9c510e6bf800331cc3147092eb7483e792da5596
UHJvZHVjdDozNzQ4,2025-12-22 01:05:25.433,pro_BKe94kEpcPF76yeDhAW5mj,QXBwOjE=,7f797d2177aa739f3ceb91ae57bec7339713c24319af110d1346bd246aecbef7
UHJvZHVjdDozNzQ5,2025-03-25 11:42:47.390,pro_TWifYaQnyuhybeJBp1w9PK,QXBwOjE=,e8b16fd985381fec8eebdbe0d1f44343a508b5bd84067fa95219e1b9e192c8ac
UHJvZHVjdDozNzQw,2025-03-25 11:02:22.039,pro_H1pbmwm8KLYo3aBCxTM6ii,QXBwOjE=,99db7cd2f2e60ad71bcd7e9ec0f34f1a40f4f548ffbf5f85cb46fe231235b17d
UHJvZHVjdDozNzQx,2025-12-14 05:00:24.710,pro_4Umk6wzbKQXpRSpcKEGMoq,QXBwOjE=,5af1e177bc3aa839aa6fb702c9a47af8fb57127d3f43920cc29b7471821f83a0
UHJvZHVjdDozNzQy,2025-03-25 11:13:35.990,pro_Ps8nHXPD2Agumjj9Qrkin6,QXBwOjE=,7f50da4e4bedfcc7f7d188312cc6d8b0e8f99b38a61b2fd1bf396a0acb15067b
UHJvZHVjdDozNzQz,2025-03-25 11:07:23.344,pro_SWuv3S8hHg75266yd1NsAy,QXBwOjE=,5a8e12cdfaf130a32d68c1a1ccaf5339cc44104370b01df0097eec567747762a
UHJvZHVjdDozNzU=,2025-12-22 01:05:26.019,pro_DNZFmhtsQpsficYYicCPb8,QXBwOjE=,2c7de9cb9b0b76eaf03af102b4949b30128fa3ada8d6c1dcb52895b3014d2db2
UHJvZHVjdDozNzUw,2025-03-25 11:34:27.889,pro_6Sr5u2bWM8udDkrp1BFh5C,QXBwOjE=,9712e2557fc488ff659c72979af5491386124033058e4a322b438006f92567ed
UHJvZHVjdDozNzUx,2025-12-22 01:05:26.627,pro_9SJqWoreZzLgriJScFgZug,QXBwOjE=,4c0120de596c75a0c31056d843bdbada659c7f861fd9b994212212c4c1e81232
UHJvZHVjdDozNzY=,2025-11-30 05:01:04.196,pro_G9eUARSzZjwZLaGCMhnahP,QXBwOjE=,5b09a676f71ec3eefae7cb899b86be9cf31537d4cd30a84dde506db22687dab0
UHJvZHVjdDozOA==,2025-12-22 01:05:27.421,pro_HjXTEx2PJD7CMZNJLv2xzF,QXBwOjE=,68d9b936a3d8154a9cc4f0a5bac12b725f68b60bcba9cede5e4c3b258c5391a4
UHJvZHVjdDozODA=,2025-12-22 01:05:28.198,pro_2dtCJ3pYYHXxYnbtnoc5dg,QXBwOjE=,c470b13846388fc4221c41dcb23a6d153ac12bfa71533a7352929d403af0da7c
UHJvZHVjdDozODc=,2025-12-14 01:05:30.679,pro_7Zeqt1cVAQi6WiyhkamVYx,QXBwOjE=,695df63dc3dc8a5c4a3d3172fb0efd5716ab1c2a923737ffec6bc6de0c04de08
UHJvZHVjdDozODE=,2025-11-23 05:01:31.846,pro_KaHAD7izFpGFsWwqAqJVHm,QXBwOjE=,3f8450eb2654d4a886abe4a418e7286ac5b355280e9e29533a9c839b4d3e3c27
UHJvZHVjdDozODg=,2025-12-22 01:05:29.011,pro_WqKbypNGMiS3fn1k3jv7mU,QXBwOjE=,4dee215b66c73991326fddafe3f5c1195ac1b9cf67c8e4814c8b197b2c90e585
UHJvZHVjdDozODI=,2025-12-21 05:00:21.379,pro_VXKd2sXppraVbWqsKBYhgL,QXBwOjE=,c31882c7ceca012e41501fe493f084d9d8462e1c78ff2b02259fbb18bc5ff882
UHJvZHVjdDozODk=,2025-12-22 01:05:29.818,pro_G4hh8pJo3wxnU77XTAVBqr,QXBwOjE=,a46e15e482def26ca92cc79961872f8411d8d506d6e667022f51d0d27c0ddbe7
UHJvZHVjdDozODM=,2025-12-22 01:05:30.510,pro_8MQaca1wBGLg1RkY2LERtr,QXBwOjE=,ee7cad19e93b3ed44e65c491aa09ed74158ca1dbd48e4025881c5a932b5888f0
UHJvZHVjdDozODQ=,2025-12-22 01:05:31.102,pro_8gtD4tVj6GwP9NLJ2CEzgL,QXBwOjE=,62baa803998269892e9900053846886b7e09e564a23b29f37d903931a0770ce6
UHJvZHVjdDozODU=,2025-12-22 01:05:31.693,pro_GV96F27T6YmNaSBTWY3X6q,QXBwOjE=,2b4c3b0d360263ccabf8bc6cfa1de8b875e67d7cd22586aeb5d4e6e04e20f59c
UHJvZHVjdDozODY=,2025-11-23 05:02:41.936,pro_4hk9hyHqWkafz1CeV5C6qa,QXBwOjE=,7eeed8d32f527739e2f19a6c81b678789ef068cf84cb04b0b1baff5a24c635c7
UHJvZHVjdDozOQ==,2025-12-22 01:05:32.422,pro_7P9zCn5zwvcxiKeyjk2UkQ,QXBwOjE=,ed2c46dff2859fda93e641eba1137c29567ce52bd15598b8265a4b47f4e5bec0
UHJvZHVjdDozOTA=,2025-12-22 01:05:33.165,pro_PFZvf2x96SUS1iS9P3Zp1S,QXBwOjE=,3118a99406e80b01cfabc660f57acd50ebd1c14c28c974611d1e1c57f1dc62cc
UHJvZHVjdDozOTc=,2025-12-22 01:05:33.802,pro_R765bcJPsNQmNVbApijNrh,QXBwOjE=,42b55bf2e7c19f09a004d569f38c08829f5dd8a9e621fa0d3084e4f467849f5e
UHJvZHVjdDozOTE=,2025-12-22 01:05:34.442,pro_VbYvWy4QX7HztDFs9edAKk,QXBwOjE=,900da311b841c6509ccf0aa4d55a6814ac83a26746591c3850cf5242e182e5e7
UHJvZHVjdDozOTg=,2025-11-30 05:03:33.239,pro_ABvTX83vA2NPrvDkx2Le6D,QXBwOjE=,a7c9242151ba1b572787af101757268dfe4dfd2dc9c6f2287a40ade362ab1bf2
UHJvZHVjdDozOTI=,2025-12-22 01:05:35.061,pro_FVm646ZvEoq2WnBiNixH1b,QXBwOjE=,618b6cc8b006ec2824496d080ec0b0ebf4b2853f2cde096aed8ce91d70bcd4ed
UHJvZHVjdDozOTk=,2025-12-22 01:05:35.759,pro_QgzRvvnP3vmAfdMuR8RSVE,QXBwOjE=,d779b41623a3f87e54a9a50912124fb6002eefa625d25565ae14f51524a54ae1
UHJvZHVjdDozOTM=,2025-12-22 01:05:36.243,pro_No52BvH9mnLDKvWey1iJLj,QXBwOjE=,2d860fd81483c6c70e6044e34a9e13bbb026d6df5b2bc0228e4d6781d668f9e7
UHJvZHVjdDozOTQ=,2025-12-22 01:05:37.135,pro_97JPFZbuMrtgxvHVKwP61T,QXBwOjE=,910ad504078957c42aa123a30e0472b25be12df89c7233dbfb3241c9363b8f04
UHJvZHVjdDozOTU=,2025-12-22 01:05:37.791,pro_P5fqLJQHRdcEajbwbKsWrp,QXBwOjE=,a61fff6ab2d046c6d3bfb900841ae1245217c64ea8165be9a3d6dd50d4fb3bb8
UHJvZHVjdDozOTY=,2025-12-21 01:06:29.908,pro_AAC1zEXMhc5ds7V4td32UX,QXBwOjE=,b97758b3447deb17121d62fbecc0a4c4b13f0d88b7d40bf88007e2fcbdbe4ae2
